,loss/train,loss/valid,acc/train,acc/valid
0,0.5130965920857021,0.5101188114711217,0.7933035714285714,0.7966071428571428
1,0.48845752617291044,0.4874717281886509,0.8110535714285714,0.8136785714285715
2,0.43753858687764124,0.4382890941074916,0.8714464285714286,0.871
3,0.43589017102831884,0.43592652784075053,0.874,0.8741785714285715
4,0.4390825674533844,0.43931409999302456,0.8709702380952381,0.8710714285714286
5,0.4208651332514627,0.4223330263410296,0.8897619047619048,0.88825
6,0.4276986266999018,0.42826775523594446,0.8829523809523809,0.8825
7,0.42979115600813,0.42964174652099607,0.8817678571428571,0.8821428571428571
8,0.4301075179463341,0.4303425679888044,0.8820595238095238,0.88175
9,0.4084124993710291,0.40911469105311804,0.9038154761904762,0.9032142857142857
10,0.41924093386105127,0.4195949783325195,0.8921845238095238,0.8919285714285714
11,0.4097486969402858,0.4114754044669015,0.9010833333333333,0.8989285714285714
12,0.41181859477361044,0.4117461095537458,0.90025,0.9001071428571429
13,0.45698088995615643,0.4583148340497698,0.856125,0.8548571428571429
14,0.4944656266484942,0.4925855609348842,0.8187797619047619,0.8206785714285715
15,0.5764001591092064,0.5725935222080776,0.7368690476190476,0.7406785714285714
16,0.7848209848403931,0.7856907196044922,0.5284404761904762,0.5275714285714286
17,0.8144638060161046,0.8126543001447405,0.49879761904761905,0.5006071428571428
18,0.8145411956877936,0.8127614430018834,0.4987202380952381,0.5005
19,0.8145411876950945,0.8127614430018834,0.4987202380952381,0.5005
20,0.8145352447373526,0.8127614430018834,0.4987261904761905,0.5005
21,0.8145411923953465,0.8127614430018834,0.4987202380952381,0.5005
22,0.814541196391696,0.8127614430018834,0.4987202380952381,0.5005
23,0.814541189125606,0.8127614430018834,0.4987202380952381,0.5005
24,0.814541190964835,0.8127614430018834,0.4987202380952381,0.5005
25,0.8145411887623015,0.8127614430018834,0.4987202380952381,0.5005
26,0.8145411967550005,0.8127614430018834,0.4987202380952381,0.5005
27,0.814541188398997,0.8127614430018834,0.4987202380952381,0.5005
28,0.8144638056528001,0.8126900144304549,0.49879761904761905,0.5005714285714286
29,0.7510710313433693,0.7462258050101144,0.5621904761904762,0.5670357142857143
