,loss/train,loss/valid,acc/train,acc/valid
0,0.5289484776201703,0.5262146061488561,0.7805654761904762,0.7836071428571428
1,0.5193312626679738,0.5199430700029646,0.7934464285714286,0.7929285714285714
2,0.6739876457623073,0.6772972815377372,0.6392738095238095,0.6359642857142858
3,0.7106603926704044,0.7087972837175641,0.6026011904761904,0.6044642857142857
4,0.8059519161496843,0.8076900100708008,0.5073095238095238,0.5055714285714286
5,0.7140949033782595,0.7170829871041434,0.5991666666666666,0.5961785714285714
6,0.6791776939573743,0.6777973316737583,0.6340833333333333,0.6354642857142857
7,0.8119816721961611,0.8137614277430943,0.5012797619047619,0.4995
8,0.7826900415193467,0.7842614680698939,0.5305714285714286,0.529
9,0.7822674228123256,0.7839757559640067,0.5309940476190477,0.5292857142857142
10,0.797922162214915,0.799332875932966,0.5153392857142857,0.5139285714285714
11,0.806094777629489,0.8079042914254325,0.5071666666666667,0.5053571428571428
12,0.8119816715149653,0.8137614277430943,0.5012797619047619,0.4995
13,0.8119816726048787,0.8137614277430943,0.5012797619047619,0.4995
14,0.8119697703861055,0.8137614277430943,0.5012916666666667,0.4995
15,0.8119697656631469,0.8137614277430943,0.5012916666666667,0.4995
16,0.8117792873155503,0.8136185706002371,0.5014821428571429,0.49964285714285717
17,0.8115947692507789,0.8135114277430943,0.5016666666666667,0.49975
18,0.8116066704250517,0.8135114277430943,0.5016547619047619,0.49975
19,0.8119816704023453,0.8137614277430943,0.5012797619047619,0.4995
20,0.8119816700617473,0.8137614277430943,0.5012797619047619,0.4995
21,0.8119816656566802,0.8137614277430943,0.5012797619047619,0.4995
