,loss/train,loss/valid,acc/train,acc/valid
0,0.5839369676226661,0.5793176874433245,0.7221369047619047,0.7261785714285715
1,0.4857395732289269,0.4848080956595285,0.8243869047619048,0.8253214285714285
2,0.6965443804150536,0.7013330001831055,0.6167142857142857,0.6119285714285714
3,0.8145411934625535,0.8127614430018834,0.4987202380952381,0.5005
4,0.814541189125606,0.8127614430018834,0.4987202380952381,0.5005
5,0.814541190238226,0.8127614430018834,0.4987202380952381,0.5005
6,0.8145411923953465,0.8127614430018834,0.4987202380952381,0.5005
7,0.8145411869684855,0.8127614430018834,0.4987202380952381,0.5005
8,0.8145411923953465,0.8127614430018834,0.4987202380952381,0.5005
9,0.8145411873090835,0.8127614430018834,0.4987202380952381,0.5005
10,0.8145411843799409,0.8127614430018834,0.4987202380952381,0.5005
11,0.8145411847659519,0.8127614430018834,0.4987202380952381,0.5005
12,0.814541188058399,0.8127614430018834,0.4987202380952381,0.5005
13,0.8145411891028994,0.8127614430018834,0.4987202380952381,0.5005
14,0.8145411859012786,0.8127614430018834,0.4987202380952381,0.5005
15,0.8145411876950945,0.8127614430018834,0.4987202380952381,0.5005
16,0.8145411862191699,0.8127614430018834,0.4987202380952381,0.5005
17,0.814541188398997,0.8127614430018834,0.4987202380952381,0.5005
18,0.8145411884217035,0.8127614430018834,0.4987202380952381,0.5005
19,0.8145411869230724,0.8127614430018834,0.4987202380952381,0.5005
20,0.814541190578824,0.8127614430018834,0.4987202380952381,0.5005
21,0.8145411894889105,0.8127614430018834,0.4987202380952381,0.5005
