,loss/train,loss/valid,acc/train,acc/valid
0,0.7203687027068365,0.7187615476335798,0.5928928571428571,0.5945
1,0.8119816700617473,0.8137614277430943,0.5012797619047619,0.4995
2,0.8119816693578448,0.8137614277430943,0.5012797619047619,0.4995
3,0.8119816711289543,0.8137614277430943,0.5012797619047619,0.4995
4,0.8119816729454767,0.8137614277430943,0.5012797619047619,0.4995
5,0.8119816736720857,0.8137614277430943,0.5012797619047619,0.4995
6,0.8119816646348862,0.8137614277430943,0.5012797619047619,0.4995
7,0.8119816740353902,0.8137614277430943,0.5012797619047619,0.4995
8,0.8119816693124317,0.8137614277430943,0.5012797619047619,0.4995
9,0.8119816707656498,0.8137614277430943,0.5012797619047619,0.4995
10,0.8119816707656498,0.8137614277430943,0.5012797619047619,0.4995
11,0.8119816711970738,0.8137614277430943,0.5012797619047619,0.4995
12,0.8119816653160822,0.8137614277430943,0.5012797619047619,0.4995
13,0.8119816671326047,0.8137614277430943,0.5012797619047619,0.4995
14,0.8119816704477583,0.8137614277430943,0.5012797619047619,0.4995
15,0.8119816754886082,0.8137614277430943,0.5012797619047619,0.4995
16,0.8119816736720857,0.8137614277430943,0.5012797619047619,0.4995
17,0.8119816787129357,0.8137614277430943,0.5012797619047619,0.4995
18,0.8119816678592137,0.8137614277430943,0.5012797619047619,0.4995
19,0.8119816729908897,0.8137614277430943,0.5012797619047619,0.4995
20,0.8119816780090332,0.8137614277430943,0.5012797619047619,0.4995
