,loss/train,loss/valid,acc/train,acc/valid
0,0.0006613922984827133,0.0006678719974699475,0.6395,0.6445714285714286
1,0.000604819829501803,0.0006127288029307411,0.696968253968254,0.6991428571428572
2,0.0006120679960364388,0.0006194968564169748,0.6909920634920635,0.6936666666666667
3,0.0006140879184480697,0.0006234701020377023,0.6887619047619048,0.6896666666666667
4,0.0006049403973988124,0.0006220457866078331,0.6982301587301587,0.6902857142857143
5,0.0006030400258208078,0.0006157043661390032,0.7009761904761905,0.696952380952381
6,0.0006314099142475734,0.0006404559243293036,0.6716984126984127,0.6732380952380952
7,0.0006639158962264893,0.0006728714676130386,0.6377857142857143,0.6410476190476191
8,0.0006856335401535035,0.00069284397931326,0.6162301587301587,0.6206666666666667
9,0.0006765720229300242,0.0006863545378049215,0.6254920634920635,0.6272857142857143
10,0.0006187033246433924,0.0006293904128528777,0.6841428571428572,0.6844285714285714
11,0.0006306064852646419,0.0006428340815362476,0.6727936507936508,0.6709047619047619
12,0.0006040663288699256,0.0006149112071309771,0.6989920634920634,0.6983333333333334
13,0.0006563410867774297,0.0006693170609928312,0.646436507936508,0.6446190476190476
14,0.0006326998145807357,0.0006418398448399135,0.6712936507936508,0.672047619047619
15,0.0006032456178513784,0.0006162012077513195,0.7006031746031746,0.6962380952380952
16,0.0007323737229619707,0.0007486547316823687,0.5692460317460317,0.5648095238095238
