,loss/train,loss/valid,acc/train,acc/valid
0,0.0005863220289586082,0.000598126939364842,0.7252063492063492,0.7158571428571429
1,0.0005743138217736805,0.0005855779647827149,0.7327698412698412,0.7292380952380952
2,0.0005735604980635265,0.0005844369814509438,0.736547619047619,0.7326190476190476
3,0.0005705056214143359,0.0005825631760415577,0.7378968253968254,0.7289047619047619
4,0.0005753492504831344,0.0005880252860841297,0.7181587301587301,0.7102857142857143
5,0.0005719470556766268,0.0005833783376784551,0.7331984126984127,0.7255714285714285
6,0.0005704447811558133,0.000582167318889073,0.7306031746031746,0.7255714285714285
7,0.0005673821611063821,0.0005802671370052156,0.7352698412698413,0.7266666666666667
8,0.0005657074465638116,0.0005775709464436486,0.7375079365079366,0.7316666666666667
9,0.0005631923987751915,0.0005752846229644049,0.7390952380952381,0.7317619047619047
10,0.0005647533162245675,0.0005768535364241827,0.7396904761904762,0.7331428571428571
11,0.0005619063509835138,0.00057354336977005,0.7401349206349206,0.7336190476190476
12,0.0005635047573891897,0.0005754655542827788,0.740531746031746,0.7328095238095238
13,0.0005607562386800373,0.0005732100662730989,0.7408968253968254,0.7344761904761905
14,0.0005629571127513098,0.0005745020310084025,0.7416904761904762,0.7337619047619047
15,0.0005619929475443704,0.0005746021923564729,0.7416666666666667,0.7329523809523809
16,0.0005643124651341211,0.0005771864794549488,0.7384603174603175,0.7293333333333333
17,0.0005656383231518761,0.0005783519177209763,0.7371904761904762,0.7295714285714285
18,0.0005681091934915573,0.0005811858886764163,0.7346587301587302,0.724
19,0.0005639069548674992,0.0005762349225225902,0.7420634920634921,0.7318095238095238
20,0.000561777515070779,0.0005743677190371922,0.7406984126984127,0.7295714285714285
21,0.0005658776173515925,0.0005782243808110556,0.7421269841269841,0.7352857142857143
22,0.000562866917678288,0.0005756588464691525,0.7426111111111111,0.7345714285714285
23,0.0005611945844831921,0.0005744238041696094,0.7426190476190476,0.7331428571428571
24,0.0005608669831639244,0.0005743917680922009,0.7422063492063492,0.7322857142857143
25,0.0005603879477296557,0.0005740338251704262,0.7411666666666666,0.7294285714285714
26,0.0005597020945851765,0.0005727872763361249,0.7376746031746032,0.7288571428571429
