,loss/train,loss/valid,acc/train,acc/valid
0,0.0007174753475756873,0.0007285212817646208,0.5845873015873015,0.5841428571428572
1,0.00062718950850623,0.0006391378527595883,0.6770238095238095,0.6738571428571428
2,0.0007188788888946412,0.0007260297536849975,0.5826031746031746,0.5872380952380952
3,0.0007780568935568371,0.0007843169825417655,0.5231428571428571,0.5297142857142857
4,0.0006666462080819266,0.0006711169225828988,0.6353412698412698,0.6424761904761904
5,0.0006023199988736046,0.0006165492364338467,0.7010873015873016,0.696
6,0.0006550484219240764,0.0006680749172256106,0.6485873015873016,0.6446190476190476
7,0.0006102368765407138,0.0006241051696595692,0.693,0.6886190476190476
8,0.000619623809579819,0.0006343123770895458,0.6836111111111111,0.679047619047619
9,0.0006216945600888086,0.0006352921326955159,0.6803253968253968,0.6771904761904762
10,0.0006290134569955251,0.000641576091448466,0.6742936507936508,0.6711904761904762
11,0.0006282833899770464,0.0006413886092957996,0.6753730158730159,0.6711428571428572
12,0.0006878884401586321,0.0007009040259179615,0.6148174603174603,0.6114285714285714
13,0.0006832701431380378,0.0007002785801887512,0.6188888888888889,0.6123809523809524
14,0.0006458385307637472,0.0006615032610439119,0.656436507936508,0.6510952380952381
15,0.0006380060348245833,0.0006542677652268183,0.6647857142857143,0.6581904761904762
16,0.0006225562502467444,0.0006374023727008275,0.6806111111111111,0.6754285714285714
17,0.0007080078867692796,0.0007241924660546439,0.593563492063492,0.5883333333333334
18,0.0006999825144570972,0.000718326605501629,0.6008015873015873,0.5942380952380952
19,0.000627631242786135,0.000639884094397227,0.6758888888888889,0.6726190476190477
20,0.000652212349195329,0.0006657360366412572,0.6500714285714285,0.6469047619047619
