,loss/train,loss/valid,acc/train,acc/valid
0,0.0005987846671588837,0.0006098289092381795,0.728031746031746,0.7249523809523809
1,0.0005791285317095499,0.0005908995895158676,0.7318492063492064,0.726047619047619
2,0.0005752104851934644,0.0005863869786262513,0.7343888888888889,0.7285714285714285
3,0.0005727562355616736,0.0005844911961328415,0.7339603174603174,0.729047619047619
4,0.0005733940979791066,0.0005848896361532666,0.7320873015873016,0.7303333333333333
5,0.0005716055560679663,0.0005830793267204648,0.7378015873015873,0.734
6,0.0005681048934421842,0.0005808713861874172,0.7359523809523809,0.7261904761904762
7,0.0005670767393377092,0.0005788118924413408,0.7384285714285714,0.7321904761904762
8,0.000569222083640477,0.0005821234527088346,0.7341904761904762,0.7282857142857143
9,0.000567671331148299,0.0005794397110030765,0.7349523809523809,0.7263809523809523
10,0.0005681453957444146,0.0005808944304784139,0.7330079365079365,0.7251904761904762
11,0.000565449396296153,0.0005774303674697877,0.7359365079365079,0.730904761904762
12,0.000570054761001042,0.0005824415428297861,0.737015873015873,0.7291904761904762
13,0.0005631022221512265,0.0005755925575892131,0.7406269841269841,0.7326666666666667
14,0.0005662447384425572,0.000579599020026979,0.7347380952380952,0.7253809523809523
15,0.0005658802276565915,0.0005793993047305515,0.7353888888888889,0.7256666666666667
16,0.0005615475778541867,0.0005754582456180028,0.7389920634920635,0.7283333333333334
17,0.0005633449218575917,0.0005761620799700419,0.7381666666666666,0.7311428571428571
18,0.0005633190373579661,0.0005761942040352594,0.7380238095238095,0.7288571428571429
19,0.0005653514687031034,0.0005776510579245431,0.7397460317460317,0.729904761904762
20,0.0005672491344194564,0.0005800546123867944,0.7404126984126984,0.7285714285714285
21,0.0005646199919874706,0.0005770369512694222,0.7404603174603175,0.7308095238095238
22,0.0005683069612298693,0.0005804959791047233,0.7400793650793651,0.731
23,0.0005632697854723249,0.0005761585320745195,0.7421984126984127,0.7338571428571429
24,0.0005621959377848913,0.0005755165332839603,0.740031746031746,0.7276666666666667
25,0.0005625073810418447,0.0005757709457760766,0.738984126984127,0.7272857142857143
26,0.0005663278386706398,0.0005791000099409194,0.7376269841269841,0.7243809523809523
27,0.0005657396411138868,0.0005796034052258446,0.7318333333333333,0.7220952380952381
28,0.0005657311384640042,0.0005791369676589966,0.7349682539682539,0.7242380952380952
