,loss/train,loss/valid,acc/train,acc/valid
0,0.0007977059430309705,0.0008135641259806497,0.5013095238095238,0.49989285714285714
1,0.0006242415575044496,0.0006331636777945928,0.6772619047619047,0.679
2,0.0006287834559168135,0.0006383035502263478,0.6724166666666667,0.6735357142857142
3,0.0006298580361264092,0.0006401216260024479,0.6721785714285714,0.6718928571428572
4,0.0006546713163455328,0.0006645179710217885,0.646797619047619,0.6486071428571428
5,0.0006653024504582087,0.0006778902560472488,0.6357619047619048,0.6351785714285715
6,0.0006716370458404223,0.0006792037997926984,0.6286785714285714,0.6334642857142857
7,0.0007549499007208007,0.0007691967870507921,0.5442916666666666,0.5447857142857143
8,0.0007091382592916489,0.0007193035227911812,0.5906369047619048,0.5940357142857143
9,0.0007976635180058934,0.0008099632092884608,0.5011964285714285,0.5029642857142858
10,0.0007942581070320947,0.0008063923780407225,0.5041428571428571,0.5065357142857143
11,0.0006626714365113349,0.0006728708531175341,0.6379761904761905,0.64
12,0.0006950395646549407,0.0007105319201946258,0.6050059523809523,0.6021785714285715
13,0.0006958998729075704,0.0007096525707415172,0.6048630952380952,0.6031428571428571
14,0.000709964839120706,0.0007198032460042408,0.5905476190476191,0.5931785714285714
15,0.0007097032573961076,0.0007198032460042408,0.5905476190476191,0.5931785714285714
16,0.0007096160667992773,0.0007198032460042408,0.5905476190476191,0.5931785714285714
