,loss/train,loss/valid,acc/train,acc/valid
0,0.0005958600682871683,0.0006085122951439448,0.6849226190476191,0.6834642857142857
1,0.0005850463789843377,0.0005974028578826359,0.6999702380952381,0.7009285714285715
2,0.0005845301474134127,0.0005966279421533857,0.700577380952381,0.6995357142857143
3,0.0006167301581729026,0.000628647580742836,0.7022440476190476,0.704
4,0.000595485056794825,0.0006077383288315365,0.6981369047619047,0.6974642857142858
5,0.0005853084194518271,0.0005983193431581769,0.6994285714285714,0.6954642857142858
6,0.0005807444843507948,0.0005927276504891259,0.7051369047619047,0.7056428571428571
7,0.0005808846652507782,0.0005923565775156021,0.7096607142857143,0.7083214285714285
8,0.0005757046182240759,0.0005867508905274527,0.7156428571428571,0.71675
9,0.0005895372728506724,0.0006012527027300426,0.7083988095238095,0.70825
10,0.0006175895361673265,0.000628393618123872,0.6254404761904762,0.6235
11,0.0005723594182303974,0.0005828657788889749,0.7121726190476191,0.7146071428571429
12,0.000585235999808425,0.0005978350447756903,0.6994107142857143,0.69925
13,0.000586994004036699,0.0005985581810985293,0.6998511904761905,0.7002142857142857
14,0.0005852569032992635,0.0005969313510826656,0.7127976190476191,0.7124642857142857
15,0.0005762550507982572,0.0005880041824919837,0.7119702380952381,0.7130714285714286
16,0.0005749845419611249,0.0005865773218018669,0.7187976190476191,0.71975
17,0.0005732674470969609,0.000584482484630176,0.7098928571428571,0.7105
18,0.0005790422111749649,0.0005914216105427061,0.6963869047619048,0.6949285714285715
19,0.0005848325760591598,0.0005974577047995159,0.7052380952380952,0.7064642857142858
20,0.0005761923396161625,0.0005879673297916139,0.7121488095238095,0.7129642857142857
21,0.00057792344050748,0.0005894015537840979,0.708297619047619,0.7084285714285714
22,0.0005740632631239437,0.0005857981720141002,0.7124880952380952,0.7147142857142857
23,0.000571497554225581,0.0005834083259105683,0.7188928571428571,0.7192142857142857
24,0.0005750107204630262,0.0005863108592373984,0.7188214285714286,0.7185357142857143
25,0.0005766167300088065,0.0005873946951968329,0.7133214285714286,0.7156785714285714
26,0.0005733756951632954,0.0005842353467430387,0.7153095238095238,0.7168214285714286
