,loss/train,loss/valid,acc/train,acc/valid
0,0.0006757647512214525,0.0006886125632694789,0.5518928571428572,0.5480357142857143
1,0.0006860532469692684,0.0006998593062162399,0.5015535714285714,0.49975
2,0.0007108718994117919,0.0007255466686827796,0.5012797619047619,0.4995
3,0.0007272087839387712,0.0007428745520966394,0.5012797619047619,0.4995
4,0.00073069776452723,0.0007461732881409781,0.5012797619047619,0.4995
5,0.0007285103964663688,0.0007438466995954514,0.5012797619047619,0.4995
6,0.0007283279494870277,0.0007436074933835438,0.5012797619047619,0.4995
7,0.0007279587441257068,0.0007432806193828583,0.5012797619047619,0.4995
8,0.0007273155284069833,0.0007424903831311635,0.5012797619047619,0.4995
9,0.0007268268249574162,0.0007422556174652917,0.5012797619047619,0.4995
10,0.0007225645926027071,0.00073784054177148,0.5012797619047619,0.4995
11,0.0007217840687150047,0.0007368899200643811,0.5012797619047619,0.4995
12,0.0007155043890788442,0.0007304247958319528,0.5012797619047619,0.4995
13,0.0007109197573292823,0.000726176917552948,0.5012797619047619,0.4995
14,0.0007135629664574351,0.0007289274207183293,0.5012797619047619,0.4995
15,0.000708847028868539,0.000723857364484242,0.5012797619047619,0.4995
