,loss/train,loss/valid,acc/train,acc/valid
0,0.0006278737708926201,0.0006431190286363874,0.6736190476190477,0.6710357142857143
1,0.0006813221470940681,0.0006957189504589353,0.6185416666666667,0.61675
2,0.0006190096984306971,0.0006360568915094649,0.6823809523809524,0.6771071428571429
3,0.0009241256703223501,0.0009349156809704644,0.37194642857142857,0.37739285714285714
4,0.000648268763862905,0.0006640399098396301,0.6530833333333333,0.6500714285714285
5,0.0006788942700340635,0.0006972399417843137,0.6219285714285714,0.6158214285714285
6,0.0006219706354396683,0.0006390493725027357,0.6795833333333333,0.6752142857142858
7,0.0006415603178597631,0.0006581207364797592,0.6602202380952381,0.6559642857142857
8,0.0006290538403249922,0.0006435068398714065,0.6731607142857143,0.6703571428571429
9,0.0006182136564027695,0.0006300717102629798,0.6840773809523809,0.6834642857142857
10,0.0007659427112057096,0.0007827990651130676,0.5334761904761904,0.5307857142857143
11,0.0007273305193299339,0.0007439638823270798,0.5732916666666666,0.5697857142857143
12,0.0007209658846259118,0.0007382489421537944,0.5789285714285715,0.5753214285714285
13,0.0006669508183286304,0.0006839445914540972,0.6335833333333334,0.6293214285714286
14,0.000711052057998521,0.0007270916785512652,0.5888630952380952,0.58625
15,0.0006460140031718072,0.0006596924662590027,0.6551071428571429,0.6541071428571429
16,0.0006184597607879411,0.0006327751342739378,0.683702380952381,0.68125
17,0.0006274482877481551,0.0006424104230744498,0.674577380952381,0.6718928571428572
18,0.0006429225979816346,0.0006585304800953184,0.6586547619047619,0.6557142857142857
19,0.0007249935854758535,0.0007383212574890682,0.575422619047619,0.5748214285714286
20,0.000800250248894805,0.0008125734180212021,0.4987202380952381,0.5005
21,0.0007991919340122314,0.0008118063913924354,0.4997083333333333,0.5012857142857143
22,0.000797624201646873,0.0008111106987510408,0.5005059523809524,0.502
23,0.0007992252214323906,0.0008118697532585689,0.4995654761904762,0.5012142857142857
24,0.0007981542689459664,0.0008109949912343706,0.5006785714285714,0.5021071428571429
