,loss/train,loss/valid,acc/train,acc/valid
0,0.0006819571905902454,0.0006949774367468697,0.5081845238095238,0.5053571428571428
1,0.0006821778760779471,0.0006950469378914152,0.5069285714285714,0.5046071428571428
2,0.0006821972270097051,0.0006952568250043051,0.504827380952381,0.5024285714285714
3,0.000681281033371176,0.00069432775250503,0.5047083333333333,0.5024642857142857
4,0.0006810562724158878,0.0006942245811223984,0.5036130952380953,0.5013214285714286
5,0.0006806359837452571,0.000693758317402431,0.5039345238095239,0.5018214285714285
6,0.0006812170108868962,0.0006942935394389289,0.5030297619047619,0.5011428571428571
7,0.0006812369621225766,0.0006943247020244598,0.5028035714285715,0.5008928571428571
8,0.0006815701510225024,0.0006947587856224605,0.5024880952380952,0.5008571428571429
9,0.0006810882034755889,0.0006941754732813154,0.5028928571428571,0.5008928571428571
10,0.0006810392478392238,0.00069412476675851,0.5024166666666666,0.5004285714285714
11,0.0006814890947370303,0.0006946387120655605,0.5020476190476191,0.5001428571428571
12,0.0006810863550220217,0.0006943312053169523,0.5020833333333333,0.5002142857142857
13,0.0006815742967384202,0.0006946710326841899,0.5018452380952381,0.49992857142857144
14,0.0006812524948091734,0.0006943654737302235,0.5020595238095238,0.5
15,0.0006814148511205401,0.0006946019594158445,0.5018035714285715,0.49989285714285714
16,0.0006814349719456264,0.0006945910687957491,0.5017857142857143,0.4998214285714286
17,0.0006817798855758848,0.0006951278724840709,0.5016785714285714,0.4997142857142857
18,0.0006813011648399489,0.000694837810737746,0.5016666666666667,0.4996785714285714
19,0.0006814822384289332,0.0006946261418717248,0.5016488095238095,0.4996785714285714
20,0.00068218875286125,0.0006956244174923216,0.5014821428571429,0.49957142857142856
