,loss/train,loss/valid,acc/train,acc/valid
0,0.0006854960176916349,0.0006984315684863499,0.5012797619047619,0.4995
1,0.0006955529011431194,0.0007092125160353524,0.5012797619047619,0.4995
2,0.0007031005890596481,0.0007172744742461613,0.5012797619047619,0.4995
3,0.0007083352917716617,0.000722751327923366,0.5012797619047619,0.4995
4,0.0007148341990652539,0.0007295812112944467,0.5012797619047619,0.4995
5,0.0007175664206345876,0.0007320622886930194,0.5012797619047619,0.4995
6,0.0007220891149980681,0.0007371860699994223,0.5012797619047619,0.4995
7,0.0007235464074072384,0.0007382991846118655,0.5012797619047619,0.4995
8,0.0007236523500510624,0.0007386228889226913,0.5012797619047619,0.4995
9,0.0007232105763895171,0.000738308806504522,0.5012797619047619,0.4995
10,0.0007254900605905624,0.0007406685671636036,0.5012797619047619,0.4995
11,0.0007265046451772962,0.0007412089471306119,0.5012797619047619,0.4995
12,0.000723830626479217,0.0007386429756879807,0.5012797619047619,0.4995
13,0.0007244663195950644,0.0007389608983482634,0.5012797619047619,0.4995
14,0.0007247714080980845,0.0007401821953909737,0.5012797619047619,0.4995
15,0.0007234870418906212,0.0007384380655629294,0.5012797619047619,0.4995
