,loss/train,loss/valid,acc/train,acc/valid
0,0.000685515800402278,0.0006973687091044017,0.4906964285714286,0.4943214285714286
1,0.0006848255736487252,0.0006966714199100222,0.4892440476190476,0.49292857142857144
2,0.0006837064105839956,0.00069566482092653,0.4906845238095238,0.49239285714285713
3,0.0006820199592482476,0.0006941892568554197,0.4968452380952381,0.49689285714285714
4,0.0006810837778307143,0.0006933692459549222,0.5040416666666667,0.5026071428571428
5,0.0006825130588951565,0.0006947129879678999,0.502077380952381,0.5003928571428572
6,0.0006818356347225961,0.0006942220159939358,0.5038511904761904,0.5016428571428572
7,0.0006828391608737764,0.0006952594156776155,0.5032321428571429,0.5016071428571428
8,0.0006826262974313327,0.0006950784900358745,0.5040297619047619,0.5020357142857143
9,0.0006819863518079122,0.0006943466024739402,0.5047142857142857,0.5019642857142858
10,0.0006824721580459958,0.0006950276451451438,0.5040476190476191,0.5021428571428571
11,0.000685484450842653,0.0006981292111533029,0.5017559523809524,0.49992857142857144
12,0.0006862457784868422,0.0006990508309432439,0.5013869047619047,0.4996785714285714
13,0.0006877597552679834,0.0007006145566701889,0.5012916666666667,0.4995357142857143
14,0.0006885023148996489,0.0007013298102787563,0.5012678571428572,0.4995
15,0.0006893709702860742,0.0007024019254105432,0.5012797619047619,0.4995
16,0.0006877563695112865,0.000700472293155534,0.5012678571428572,0.4995
17,0.0006901116296648979,0.0007029244963611876,0.5012797619047619,0.4995
18,0.0006898563259414264,0.0007029529171330588,0.5012797619047619,0.4995
19,0.0006899525640266282,0.0007031359757695879,0.5012797619047619,0.4995
