,loss/train,loss/valid,acc/train,acc/valid
0,0.0007970531760227112,0.0008139494700091226,0.5012797619047619,0.4995
1,0.000792836406756015,0.0008096685601132257,0.505875,0.5036785714285714
2,0.0006507640949317388,0.000669434415442603,0.6501130952380952,0.6438214285714285
3,0.0006392150393554143,0.0006549105857099806,0.6621904761904762,0.6591428571428571
4,0.00062840258117233,0.0006432024964264461,0.6736964285714285,0.6711428571428572
5,0.0006450936918457349,0.0006631410121917725,0.6568095238095238,0.6511785714285714
6,0.0006270797589705104,0.0006423286561455045,0.6751369047619048,0.6721071428571429
7,0.0007407571325699488,0.0007576470822095871,0.558952380952381,0.5555714285714286
8,0.0006633837173382442,0.0006792567180735724,0.6373095238095238,0.6346071428571428
9,0.0006369435733982495,0.0006515465442623411,0.6648511904761905,0.6626785714285715
10,0.0006284525798899786,0.000643156213419778,0.6736547619047619,0.6711785714285714
11,0.0006271649222998392,0.0006422830138887677,0.675047619047619,0.6721785714285714
12,0.0006269596094886461,0.0006429562909262521,0.6739285714285714,0.6713928571428571
13,0.0007038930317475683,0.0007218635146106992,0.5966607142857143,0.5920357142857143
14,0.0006436094336566471,0.0006576279380491801,0.657797619047619,0.65675
15,0.0007419635724453699,0.0007498358211347035,0.5584285714285714,0.5635714285714286
16,0.0007599028519221715,0.0007823496695075717,0.5398273809523809,0.5304642857142857
17,0.0007729318727340017,0.000796214154788426,0.5263928571428571,0.5170714285714286
18,0.0007975571669992947,0.0008200034158570426,0.500547619047619,0.49289285714285713
19,0.0008155584672377223,0.0008390449647392546,0.48249404761904763,0.47360714285714284
20,0.0007866162306496076,0.0008025862957750048,0.5119464285714286,0.5104285714285715
21,0.0007944221539156778,0.0008103788942098618,0.5037619047619047,0.5030357142857143
22,0.0007989066892436572,0.0008136862558977945,0.500529761904762,0.4997857142857143
23,0.0008005271979740688,0.0008168403740440096,0.49805357142857143,0.4968214285714286
24,0.0007851148701849438,0.0008008202080215727,0.5140178571428572,0.5124642857142857
25,0.0007868972012684459,0.0008025752412421363,0.5120178571428572,0.5107857142857143
26,0.000784450959946428,0.0008001891566174371,0.5137142857142857,0.5131785714285715
