,loss/train,loss/valid,acc/train,acc/valid
0,0.0005842056153785614,0.0005929310406957354,0.7019940476190476,0.70375
1,0.0005838448203035763,0.0005933225772210529,0.6957797619047619,0.6963571428571429
2,0.000606874972936653,0.0006149225405284337,0.6800059523809524,0.6840714285714286
3,0.0006195479365331786,0.0006260373485939844,0.6808392857142858,0.68475
4,0.00061225984813202,0.0006196704357862473,0.6880892857142857,0.691
5,0.000696624090274175,0.0007073901870421001,0.6032619047619048,0.6053214285714286
6,0.0006310410648584366,0.0006406331466776985,0.6709107142857142,0.6717857142857143
7,0.0006907403905476843,0.0007011080767427172,0.6102619047619048,0.6115
8,0.000620421758719853,0.0006268653167145593,0.6818452380952381,0.6853928571428571
9,0.0007100088337347621,0.0007198032460042408,0.5905892857142857,0.5931785714285714
10,0.0007131107634022122,0.0007214105022805078,0.587,0.5914642857142857
11,0.0006794483196877298,0.0006900956864867891,0.6212380952380953,0.6228928571428571
12,0.0006290846566359202,0.0006393828051430838,0.6724761904761904,0.6731428571428572
13,0.0006293578630401975,0.0006394525596073695,0.6724642857142857,0.6730714285714285
14,0.0006296950042957351,0.000639347927910941,0.6724761904761904,0.6731785714285714
15,0.000628997463555563,0.000639347927910941,0.6724761904761904,0.6731785714285714
