,loss/train,loss/valid,acc/train,acc/valid
0,0.0006187784490840776,0.000632594455565725,0.6834761904761905,0.6813214285714285
1,0.0006184296774722281,0.0006325944576944624,0.6834761904761905,0.6813214285714285
2,0.000620702675765469,0.0006328247742993491,0.6811547619047619,0.6804285714285714
3,0.0006180809097630637,0.000632594455565725,0.6834761904761905,0.6813214285714285
4,0.000627941804982367,0.0006432076458420072,0.6738928571428572,0.6709642857142857
5,0.0006180808937975338,0.0006325946599245072,0.6834761904761905,0.6813214285714285
6,0.0006168195988450731,0.0006311783492565155,0.6852976190476191,0.6825357142857142
7,0.0006175837520332563,0.0006320103130170277,0.6843392857142857,0.6815714285714286
8,0.000618296929413364,0.0006333308773381369,0.6836904761904762,0.6804642857142857
9,0.0006221670597082093,0.0006384389911379133,0.6793095238095238,0.6743571428571429
10,0.0006277361153846695,0.0006431337020226887,0.6738571428571428,0.6711428571428572
11,0.0006275448965884391,0.0006422756420714514,0.674125,0.672
12,0.0006216508483602887,0.000635934802038329,0.6801369047619048,0.6777142857142857
13,0.0006215385464685304,0.0006379837266036443,0.68,0.6759642857142857
14,0.0006223072214495568,0.000635380893945694,0.679970238095238,0.6783928571428571
15,0.0006223030633160046,0.0006364461481571197,0.6793035714285715,0.6776428571428571
16,0.0006184388356549399,0.000632671839424542,0.6832797619047619,0.6811785714285714
17,0.0006250007209323701,0.000638740775840623,0.6766904761904762,0.675
