,loss/train,loss/valid,acc/train,acc/valid
0,0.000799988675685156,0.0008125734180212021,0.4987202380952381,0.5005
1,0.0008004246347007297,0.0008125734180212021,0.4987202380952381,0.5005
2,0.000799901480121272,0.0008125734180212021,0.4987202380952381,0.5005
3,0.0007998142888148626,0.0008125734180212021,0.4987202380952381,0.5005
4,0.0007999014776377451,0.0008125734180212021,0.4987202380952381,0.5005
5,0.0008004246354103089,0.0008125734180212021,0.4987202380952381,0.5005
6,0.0007998142824286506,0.0008125734180212021,0.4987202380952381,0.5005
7,0.0007996399040733064,0.0008125734180212021,0.4987202380952381,0.5005
8,0.0007996398987514632,0.0008125734180212021,0.4987202380952381,0.5005
9,0.0008007734077317374,0.0008125734180212021,0.4987202380952381,0.5005
10,0.0007996399026541483,0.0008125734180212021,0.4987202380952381,0.5005
11,0.0007999886742659977,0.0008125734180212021,0.4987202380952381,0.5005
12,0.000799988669298944,0.0008125734180212021,0.4987202380952381,0.5005
13,0.0008000758708942504,0.0008125734180212021,0.4987202380952381,0.5005
14,0.0007999886771043142,0.0008125734180212021,0.4987202380952381,0.5005
15,0.0008000758630888802,0.0008125734180212021,0.4987202380952381,0.5005
16,0.0007999014822500092,0.0008125734180212021,0.4987202380952381,0.5005
17,0.0008001630639746075,0.0008125734180212021,0.4987202380952381,0.5005
18,0.0007999886714276813,0.0008125734180212021,0.4987202380952381,0.5005
19,0.0007997270975084532,0.0008125734180212021,0.4987202380952381,0.5005
20,0.0007997270953797159,0.0008125734180212021,0.4987202380952381,0.5005
21,0.0007999014815404301,0.0008125734180212021,0.4987202380952381,0.5005
22,0.0008004246364746775,0.0008125734180212021,0.4987202380952381,0.5005
23,0.0008004246329267819,0.0008125734180212021,0.4987202380952381,0.5005
24,0.0007999014765733765,0.0008125734180212021,0.4987202380952381,0.5005
