,loss/train,loss/valid,acc/train,acc/valid
0,0.0006922267089997019,0.0007040485782282693,0.4985476190476191,0.5005
1,0.0006862281571541513,0.0006980724909475872,0.49849404761904764,0.5005
2,0.0006803515894072396,0.0006924041616065161,0.502875,0.5060357142857143
3,0.0006752796737211092,0.0006873356018747602,0.544952380952381,0.5506428571428571
4,0.0006730124744630995,0.0006852200648614339,0.5744464285714286,0.5758214285714286
5,0.0006726193183234759,0.0006849014801638467,0.565,0.5646785714285715
6,0.0006724735470045181,0.0006848335351262774,0.5540654761904762,0.5540357142857143
7,0.000672490962204479,0.0006848450707537787,0.5471130952380953,0.5448214285714286
8,0.0006724377398689588,0.0006849351099559239,0.5464464285714286,0.5444285714285715
9,0.0006727443358727864,0.0006852210845266069,0.5361190476190476,0.5335714285714286
10,0.0006753014751843043,0.0006878998535020011,0.513077380952381,0.5116071428571428
11,0.0006767046419637544,0.0006893465731825148,0.5076547619047619,0.5059642857142858
12,0.0006789166416440692,0.00069171114053045,0.5036964285714286,0.50175
13,0.0006819712917009989,0.0006948245827640806,0.5022202380952381,0.5002857142857143
14,0.0006826240076195626,0.0006956642759697778,0.5019345238095239,0.5001071428571429
15,0.0006836280514086996,0.0006969627184527261,0.5017380952380952,0.49992857142857144
16,0.0006829295914087977,0.0006961406405482974,0.501797619047619,0.5
17,0.0006835354861049425,0.0006966552989823478,0.5017619047619047,0.49989285714285714
18,0.0006871577912852878,0.0007003216871193477,0.501452380952381,0.49957142857142856
19,0.0006879694759845733,0.0007009322004658835,0.5014166666666666,0.49957142857142856
20,0.0006902428567409515,0.0007036061499800001,0.5013333333333333,0.4995357142857143
