,loss/train,loss/valid,acc/train,acc/valid
0,0.0007141498440787906,0.0007278598845005035,0.5013452380952381,0.4994642857142857
1,0.0007163113458525566,0.000730131413255419,0.5013095238095238,0.4995357142857143
2,0.0007179380045050667,0.000731955023748534,0.5013154761904762,0.49957142857142856
3,0.0007195887842348644,0.0007334765642881394,0.5013154761904762,0.49957142857142856
4,0.0007205568037572361,0.0007341583796909877,0.5013154761904762,0.49957142857142856
5,0.000721036725810596,0.0007346595887626921,0.5013214285714286,0.49957142857142856
6,0.0007224106813470523,0.0007365245542355946,0.501297619047619,0.49957142857142856
7,0.0007230776480975606,0.0007368977474314826,0.501297619047619,0.49957142857142856
8,0.0007222330875339962,0.0007362238935061864,0.5013095238095238,0.49957142857142856
9,0.0007208591774106026,0.0007350133849041802,0.5013333333333333,0.49957142857142856
10,0.0007251551520256769,0.000739125247512545,0.5013095238095238,0.49957142857142856
11,0.0007236576665725027,0.0007376642844506672,0.5013154761904762,0.49957142857142856
12,0.0007246017140291986,0.0007390010101454599,0.5013154761904762,0.49957142857142856
13,0.000726124183053062,0.0007399531730583736,0.5013214285714286,0.49957142857142856
14,0.000726356375785101,0.0007400638141802379,0.5013214285714286,0.49957142857142856
15,0.0007238059168060621,0.0007379282776798521,0.5013333333333333,0.49957142857142856
