,loss/train,loss/valid,acc/train,acc/valid
0,0.0006706760238323893,0.0006830710513251168,0.5672916666666666,0.5683928571428571
1,0.0006684116667934827,0.0006809434869459697,0.6007738095238095,0.5994285714285714
2,0.0006672324740460941,0.000679852191890989,0.6029642857142857,0.5958214285714286
3,0.0006663563152154286,0.000679114505648613,0.5926547619047619,0.5885714285714285
4,0.0006666712487737338,0.0006794762632676534,0.5697619047619048,0.5657857142857143
5,0.0006680077977833294,0.0006808385593550546,0.5490416666666667,0.5460357142857143
6,0.0006697518694258872,0.0006826060733624868,0.5326904761904762,0.5291071428571429
7,0.0006698679352800051,0.0006829330261264528,0.5289821428571428,0.5259285714285714
8,0.0006717605278605506,0.0006850771222795759,0.5187440476190476,0.5163571428571428
9,0.000675108803879647,0.0006884054520300457,0.5103988095238096,0.5089285714285714
10,0.0006764607872991335,0.0006898651931967054,0.5085416666666667,0.5068571428571429
11,0.000678214372978324,0.0006918600137744631,0.5067202380952381,0.5052142857142857
12,0.0006800875954684758,0.0006935160883835384,0.5052142857142857,0.503
13,0.0006834639665626344,0.0006972296365669795,0.5033988095238096,0.5013214285714286
14,0.0006835359409451485,0.0006973265473331723,0.5030714285714286,0.5010714285714286
15,0.0006874019351033937,0.0007013418270008905,0.5021488095238095,0.5003214285714286
16,0.0006887714873467173,0.0007024833730288915,0.5020654761904761,0.50025
17,0.0006895262755098797,0.0007032856898648398,0.5019880952380953,0.5000714285714286
18,0.0006924861658896719,0.0007065039149352483,0.501702380952381,0.49989285714285714
