,loss/train,loss/valid,acc/train,acc/valid
0,0.0007527036642034848,0.0007604796992880957,0.5459166666666667,0.5516428571428571
1,0.0006266161653967131,0.0006366190612316131,0.6750238095238095,0.6762142857142858
2,0.0006641144323207084,0.0006734996778624398,0.6370654761904762,0.6389285714285714
3,0.0006256439891599474,0.0006334493564707892,0.6758809523809524,0.6793928571428571
4,0.0007092852922422545,0.0007192050069570542,0.5911547619047619,0.5937857142857143
5,0.0007336512605349223,0.0007436034168515886,0.5661726190476191,0.5693214285714285
6,0.0006605511215471086,0.0006698859653302601,0.6404345238095238,0.6431428571428571
7,0.0006195584610104561,0.0006276120181594576,0.6824761904761905,0.6851428571428572
8,0.0007102048624129522,0.0007207035677773612,0.5897559523809524,0.5921785714285714
9,0.0006870558708906173,0.0006973425831113543,0.6138869047619048,0.6158214285714285
10,0.0006230479294345492,0.0006304844490119389,0.6785238095238095,0.6822142857142857
11,0.0007026965972923097,0.0007120163951601301,0.5975952380952381,0.6012142857142857
12,0.0006523113350073497,0.0006637564322778157,0.6493571428571429,0.6496785714285714
13,0.0006587410565643084,0.0006703448338168008,0.642077380952381,0.6428214285714285
14,0.0006759776256623722,0.0006873911491462163,0.6248869047619048,0.6255357142857143
15,0.000628263397585778,0.0006388787009886333,0.6732916666666666,0.6746071428571428
16,0.0006337106004357338,0.0006416880424533572,0.6680892857142857,0.6711785714285714
17,0.0006247803316939445,0.0006340993280921663,0.6765833333333333,0.6786785714285715
18,0.0006270252122055917,0.0006388280519417354,0.6744940476190476,0.6738928571428572
19,0.0006218592010083652,0.0006300283308540072,0.6797678571428571,0.6833214285714285
20,0.0006719234223876681,0.0006809817169393812,0.6285773809523809,0.6328571428571429
21,0.0006256463996001652,0.0006373210591929299,0.6759047619047619,0.6754285714285714
22,0.0006234319944466864,0.0006342668214014598,0.6784285714285714,0.6786428571428571
