,loss/train,loss/valid,acc/train,acc/valid
0,0.0006832164018636658,0.0006951320001057216,0.49675,0.49957142857142856
1,0.000680188584185782,0.0006920426062175205,0.5013571428571428,0.50225
2,0.0006767343704899152,0.0006888795537608011,0.5259702380952381,0.5253214285714286
3,0.0006748170817182178,0.0006868983911616462,0.5552380952380952,0.5546785714285715
4,0.0006725406004559426,0.000684769291962896,0.5864404761904762,0.5871071428571428
5,0.0006711995473929813,0.0006834494173526764,0.5991488095238096,0.59975
6,0.0006702444613689468,0.0006824977546930313,0.598202380952381,0.5977857142857143
7,0.000668825751614003,0.000681285838995661,0.5874702380952381,0.5883214285714286
8,0.0006683084840575854,0.0006807420722075872,0.5828452380952381,0.5820714285714286
9,0.00066789206578618,0.0006803502908774785,0.5707559523809523,0.5703571428571429
10,0.0006679796980960028,0.0006806343857731138,0.5510059523809524,0.5496428571428571
11,0.0006679412506165959,0.0006806018011910575,0.5434583333333334,0.5413571428571429
12,0.0006678441312341463,0.0006805731930903026,0.5359940476190476,0.5340357142857143
13,0.0006694521889800117,0.0006822549253702164,0.5209880952380952,0.5189642857142858
14,0.0006679188708464304,0.000680768398301942,0.5270297619047619,0.5250714285714285
15,0.0006693734519538425,0.0006822735177619116,0.5176607142857143,0.51475
16,0.000670505763519378,0.0006837294037852969,0.510797619047619,0.5084285714285715
17,0.0006705157426851136,0.0006836068417344775,0.5113630952380952,0.5090357142857143
18,0.0006721585683879399,0.0006853427503790174,0.5071428571428571,0.5049642857142858
19,0.0006712368904125122,0.0006844478313411985,0.5085595238095239,0.5065
20,0.0006729945661056609,0.0006864014949117388,0.5056190476190476,0.5036428571428572
21,0.0006737692881198156,0.0006871646685259683,0.5046130952380953,0.5027142857142857
22,0.0006748073984469686,0.0006881030010325568,0.503529761904762,0.5014285714285714
23,0.0006758027055433818,0.0006892115963356835,0.5028869047619048,0.5008571428571429
24,0.0006762498592336973,0.0006898109231676374,0.5028928571428571,0.5009285714285714
