#parameters,chi2
-0.05711822341486364,0.012535073666294017,58.58379426213627
-0.01484509799691762,0.009474269961994849,3.0001560906853658e-05,3.3940405339856863
-0.030658579295898353,0.010888474584908034,2.949411069999771e-06,1.3345038831611907e-07,2.1090171098085957
