,loss/train,loss/valid,acc/train,acc/valid
0,0.00029335601095642364,0.0002967610955238342,0.7152678571428571,0.7152857142857143
1,0.00029230678720133644,0.0002950708078486579,0.7191904761904762,0.7206071428571429
2,0.000301027978459994,0.0003044229831014361,0.7028035714285714,0.70325
3,0.00029603314577114013,0.000298827343753406,0.7121428571428572,0.71475
4,0.0002995098815077827,0.0003021213241985866,0.7072916666666667,0.7080357142857143
5,0.0003195880949497223,0.00032237020986420766,0.6655952380952381,0.6684642857142857
6,0.0003023203437527021,0.0003039336119379316,0.7009047619047619,0.7045357142857143
7,0.00032766192087105344,0.00032999719679355623,0.6506785714285714,0.6530714285714285
8,0.00034419124254158565,0.0003471904418298176,0.6155178571428571,0.6188928571428571
9,0.00030437661636443364,0.0003068179339170456,0.6968452380952381,0.6988571428571428
10,0.00029432275146245955,0.00029668951886040824,0.7166011904761905,0.7189642857142857
11,0.00031195026352292014,0.00031524577736854553,0.6810059523809524,0.6824642857142857
12,0.00029772023218018666,0.00029947746225765775,0.7107678571428572,0.7135357142857143
13,0.0002940992070805459,0.0002956918350287846,0.7179285714285715,0.721
14,0.0003005584322270893,0.0003016622258084161,0.704654761904762,0.7094285714285714
15,0.00029749717705306554,0.00029867736995220186,0.7109404761904762,0.7153571428571428
16,0.0003190281760124933,0.0003209415908370699,0.6669642857142857,0.6712142857142858
17,0.00029470551155862356,0.00029881873513971056,0.7164107142857142,0.7153571428571428
18,0.0003352323582484609,0.0003382524273225239,0.6348154761904762,0.6371785714285715
19,0.0003451823201917467,0.0003467713126114437,0.6156011904761904,0.6199285714285714
20,0.0002959404992205756,0.0002990264253956931,0.7143571428571428,0.7149285714285715
21,0.0002930896074644157,0.0002966362280505044,0.718452380952381,0.7196428571428571
22,0.000297038971668198,0.0002979515109743391,0.712422619047619,0.7170714285714286
23,0.00029267072925964993,0.0002958838450057166,0.7199702380952381,0.7211071428571428
24,0.000294439156850179,0.0002968445207391466,0.7163214285714286,0.7194285714285714
25,0.0003173778089029448,0.00032029080390930174,0.6705238095238095,0.6726785714285715
26,0.0002963585576840809,0.0002987726288182395,0.713220238095238,0.7149642857142857
27,0.00030433903208800726,0.00030555546283721923,0.6985178571428572,0.7018928571428571
28,0.0003045103755735216,0.00030756885239056176,0.696297619047619,0.6982142857142857
