,loss/train,loss/valid,acc/train,acc/valid
0,0.0006958630634915261,0.0007093901378767831,0.5013035714285714,0.4995357142857143
1,0.000703521256290731,0.000717178904584476,0.5012797619047619,0.4995
2,0.0007103928448188873,0.0007239839626210076,0.5012797619047619,0.4995
3,0.000716196980149973,0.0007300564433847155,0.5012797619047619,0.4995
4,0.0007212928302940869,0.0007352399783475058,0.5012797619047619,0.4995
5,0.0007204070868236678,0.0007350199350288936,0.5012797619047619,0.4995
6,0.0007238706861223493,0.000738377760563578,0.5012797619047619,0.4995
7,0.0007242162312780108,0.0007381662875413894,0.5012797619047619,0.4995
8,0.0007222222295545397,0.0007366515930209842,0.5012797619047619,0.4995
9,0.0007240446972705069,0.0007379504761525563,0.5012797619047619,0.4995
10,0.0007248687768975894,0.0007388819732836315,0.5012797619047619,0.4995
11,0.000723703054090341,0.0007380129737513405,0.5012797619047619,0.4995
12,0.0007244372240134648,0.0007390821938003813,0.5012797619047619,0.4995
13,0.0007252529252852713,0.0007395872644015721,0.5012797619047619,0.4995
14,0.0007251710167952946,0.0007396852884973799,0.5012797619047619,0.4995
15,0.000723236393006075,0.0007376932544367654,0.5012797619047619,0.4995
