,loss/train,loss/valid,acc/train,acc/valid
0,0.00030072637221642903,0.00030409832085881916,0.7037142857142857,0.7041785714285714
1,0.0003012329836686452,0.00030538462102413177,0.7029226190476191,0.7016071428571429
2,0.0003064608233315604,0.0003107408519302096,0.6922857142857143,0.6911428571428572
3,0.0003105720973440579,0.000312787373151098,0.684202380952381,0.6872142857142857
4,0.00029828866925977527,0.00030084186153752463,0.7099047619047619,0.71125
5,0.0003105651388565699,0.00031474168385778155,0.6842797619047619,0.6838571428571428
6,0.00030061570554971697,0.0003032421150377818,0.7044821428571428,0.7065714285714285
7,0.00034121904699575335,0.0003462134940283639,0.6226309523809523,0.6203214285714286
8,0.0003044965206867173,0.00030849745231015344,0.6958333333333333,0.6961071428571428
9,0.00031032460218384153,0.000315907746553421,0.6839761904761905,0.6812142857142857
10,0.00030214264740546543,0.00030396464679922376,0.7018095238095238,0.7050357142857143
11,0.0003061724464808192,0.00030976106013570515,0.6936547619047619,0.6938928571428571
12,0.0003276082490171705,0.0003330278694629669,0.6488095238095238,0.6472857142857142
13,0.000316873855534054,0.0003202227758509772,0.6712023809523809,0.6728214285714286
14,0.00031033340593179066,0.0003165131849902017,0.6845535714285714,0.6801071428571429
15,0.00030181843645515894,0.0003054314936910357,0.7012083333333333,0.70225
16,0.0003000996162494024,0.00030267503431865146,0.7048571428571428,0.70775
17,0.000319855092891625,0.0003254276067018509,0.6664464285714286,0.6624285714285715
18,0.0003108126705601102,0.00031573567858764103,0.6833333333333333,0.6819285714285714
19,0.00031022083794786815,0.0003153215880904879,0.6842083333333333,0.6827857142857143
