,loss/train,loss/valid,acc/train,acc/valid
0,0.0006289669662004426,0.0006372003810746329,0.6728333333333333,0.6754285714285714
1,0.0007392736361140296,0.0007508891671895981,0.5599940476190476,0.5617857142857143
2,0.0006187817713334447,0.0006287331112793513,0.6829821428571429,0.6841785714285714
3,0.0006217325365259534,0.0006308519818953106,0.6812559523809524,0.6821428571428572
4,0.0006212896094435738,0.0006308949738740921,0.6812619047619047,0.6821071428571429
5,0.000625183492898941,0.0006320745348930358,0.6764821428571428,0.68075
6,0.0006210045019785564,0.000630845736180033,0.6811964285714286,0.6821428571428572
7,0.0006261200060447057,0.0006364602020808628,0.6755892857142857,0.6763214285714285
8,0.0006438637464528992,0.0006529597789049149,0.6575357142857143,0.6595
9,0.000616871840542271,0.0006262600826365607,0.6847916666666667,0.6864642857142857
10,0.0006614278334946859,0.0006719872547047478,0.639452380952381,0.6409642857142858
11,0.0006122303033868472,0.0006254998275211879,0.6896190476190476,0.6876428571428571
12,0.0006189513348397754,0.0006275321841239929,0.683047619047619,0.68575
13,0.0006059824505022594,0.0006119505656617028,0.6961964285714286,0.7009642857142857
14,0.0006989340012272199,0.0007087432316371373,0.6014345238095238,0.6045357142857143
15,0.0006939534232729957,0.000704693513257163,0.6061666666666666,0.608
16,0.000673217984182494,0.0006858321407011577,0.6281309523809524,0.6274285714285714
17,0.0006957615035630408,0.0007060306263821465,0.604,0.6073928571428572
18,0.0006198032562221799,0.0006310344359704426,0.6818869047619047,0.6819642857142857
19,0.0006246726300035204,0.0006338301662887845,0.6776011904761905,0.6789642857142857
20,0.0006235406998367537,0.0006328142093760627,0.6789404761904761,0.6801785714285714
21,0.0006224213884699913,0.000631996295281819,0.6794642857142857,0.6808928571428572
22,0.0006213190665557271,0.0006306942765201841,0.680672619047619,0.6822142857142857
23,0.0006205460507245291,0.0006300546037299292,0.6811309523809523,0.6828928571428572
24,0.0006203619773898806,0.0006301297247409821,0.6820178571428571,0.6828928571428572
25,0.0006193265389828455,0.0006301204902785165,0.6822738095238096,0.6828928571428572
26,0.0006195293877805983,0.0006302593009812491,0.6820654761904762,0.68275
27,0.000618675386267049,0.0006287233786923545,0.6833809523809524,0.6843928571428571
28,0.0006189456755916278,0.0006292649273361479,0.6830059523809524,0.6837857142857143
