,loss/train,loss/valid,acc/train,acc/valid
0,0.0005669831346188272,0.0005748314495597566,0.7169345238095238,0.7179285714285715
1,0.0005702067773256984,0.0005783590716975076,0.7214761904761905,0.7241785714285714
2,0.0006301918210727828,0.0006373051532677242,0.6702797619047619,0.673
3,0.0007790968347163428,0.0007904153359787804,0.520172619047619,0.5223214285714286
4,0.0006822540745848702,0.0006938802897930145,0.6177380952380952,0.6186071428571429
5,0.0006197869128414563,0.000630506015249661,0.6815178571428572,0.6825
6,0.000623811984700816,0.0006332159808703831,0.6772857142857143,0.6793571428571429
7,0.0006536255411448932,0.000664595725280898,0.6472142857142857,0.6484642857142857
8,0.0006134104636453447,0.0006211840042046139,0.6883035714285715,0.6921785714285714
9,0.0006330794415303639,0.0006436901922736849,0.6681011904761904,0.6693214285714286
10,0.0006202278435230255,0.0006307832236800875,0.6814285714285714,0.6822142857142857
11,0.0007031258028887568,0.0007135033969368253,0.597547619047619,0.5997857142857143
12,0.0006522480072010131,0.0006623783473457609,0.6491666666666667,0.6503214285714286
13,0.0006592787958326794,0.0006696525918585914,0.6422083333333334,0.64375
14,0.0006420954632617178,0.0006519532033375332,0.6593809523809524,0.6617857142857143
15,0.0006062161869236401,0.0006142902310405458,0.695577380952381,0.6992142857142857
