,loss/train,loss/valid,acc/train,acc/valid
0,0.0006057876369782856,0.000610669276544026,0.6961011904761905,0.7019285714285715
1,0.0006277608701160975,0.0006375251178230558,0.673672619047619,0.6750357142857143
2,0.0006159358993172646,0.0006236976193530219,0.6858154761904762,0.6891071428571428
3,0.0006326496853005318,0.0006415829892669405,0.6689583333333333,0.671
4,0.000681674620225316,0.0006931404982294355,0.619172619047619,0.6189642857142857
5,0.0006378331120525087,0.0006450703931706293,0.6641428571428571,0.6679285714285714
6,0.0006677594837688264,0.0006763391430888858,0.6333214285714286,0.6364642857142857
7,0.00061418474146298,0.0006201397116695132,0.6872916666666666,0.6930357142857143
8,0.0007970531774418695,0.0008139494700091226,0.5012797619047619,0.4995
9,0.0006313428864592597,0.000640033598457064,0.6705535714285714,0.6731071428571429
10,0.0006360148159520966,0.0006435168108769825,0.666047619047619,0.6695
11,0.0006223431119606608,0.0006324441049780164,0.6799047619047619,0.6806428571428571
12,0.0006272342822381429,0.0006374083991561617,0.6747142857142857,0.6756428571428571
13,0.0006851658746600152,0.0006954408075128283,0.6154345238095238,0.6180357142857142
14,0.0006054583880163374,0.0006115197943789618,0.6969702380952381,0.7015357142857143
15,0.0006045916240130152,0.0006125585181372506,0.6970833333333334,0.7005357142857143
