,loss/train,loss/valid,acc/train,acc/valid
0,0.0007045754172972271,0.0007178933024406433,0.5033095238095238,0.501
1,0.0007181351160009702,0.0007322343076978411,0.501547619047619,0.4998214285714286
2,0.0007359459808184987,0.0007504988717181343,0.5013392857142858,0.49960714285714286
3,0.000749913976306007,0.0007641442992857525,0.5013154761904762,0.4995357142857143
4,0.0007539962629477183,0.0007686591212238584,0.5013095238095238,0.4995357142857143
5,0.0007536063126864888,0.0007688718140125275,0.5013273809523809,0.49960714285714286
6,0.0007537639432010196,0.0007694162002631597,0.5013333333333333,0.49960714285714286
7,0.0007567517239423025,0.0007713305013520377,0.5013095238095238,0.49957142857142856
8,0.0007527888513037136,0.0007684390502316612,0.5013511904761905,0.49964285714285717
9,0.0007551001689973331,0.0007702293928180422,0.5013452380952381,0.49964285714285717
10,0.0007546516103403909,0.0007697276324033737,0.5013630952380952,0.49960714285714286
11,0.0007534151797493299,0.0007683669349976949,0.5014464285714286,0.49960714285714286
12,0.0007506033707232702,0.0007659802649702344,0.5015238095238095,0.49975
13,0.0007480249007542928,0.0007634936145373753,0.5017142857142857,0.49992857142857144
14,0.0007467705529360544,0.0007618633082934788,0.5017738095238096,0.5
15,0.0007479732983878681,0.0007628005764314106,0.501797619047619,0.5000357142857143
