,loss/train,loss/valid,acc/train,acc/valid
0,0.000701783259000097,0.0007134008301155907,0.4987202380952381,0.5005
1,0.0007053823304318246,0.0007170300079243524,0.4987202380952381,0.5005
2,0.0007097333169409207,0.000721297174692154,0.4987202380952381,0.5005
3,0.0007130828372069768,0.0007250186439071382,0.4987202380952381,0.5005
4,0.0007180641563165756,0.0007297321877309254,0.4987202380952381,0.5005
5,0.000720455164355891,0.0007322388419083186,0.4987202380952381,0.5005
6,0.0007214517369866371,0.0007329620186771666,0.4987202380952381,0.5005
7,0.0007229164725258237,0.0007346842395407813,0.4987202380952381,0.5005
8,0.0007233476266264915,0.0007350109198263713,0.4987202380952381,0.5005
9,0.0007265989145352727,0.0007380206010171345,0.4987202380952381,0.5005
10,0.0007281890401527996,0.0007396189442702702,0.4987202380952381,0.5005
11,0.0007285475223546936,0.0007400326558521815,0.4987202380952381,0.5005
12,0.0007311417233376276,0.0007428965930427824,0.4987202380952381,0.5005
13,0.0007317739852837154,0.0007434200346469879,0.4987202380952381,0.5005
14,0.000733132622781254,0.0007449110448360443,0.4987202380952381,0.5005
15,0.0007325474226049014,0.000744161524942943,0.4987202380952381,0.5005
