,loss/train,loss/valid,acc/train,acc/valid
0,0.000799552708154633,0.0008125734180212021,0.4987202380952381,0.5005
1,0.0007997270914770308,0.0008125385407890593,0.4987202380952381,0.5005357142857143
2,0.0007995466252877599,0.0008143189719745091,0.49823214285714285,0.49725
3,0.0007980877608060837,0.000811769215123994,0.5002619047619048,0.5012857142857143
4,0.000790115491620132,0.0008031840664999826,0.5091607142857143,0.50975
5,0.0006792520859411784,0.0006871709802321025,0.6217857142857143,0.6256785714285714
6,0.0007895840370938891,0.0008030230807406562,0.5090833333333333,0.5102857142857142
7,0.0007425711896447908,0.0007553795192922865,0.5573154761904762,0.5583571428571429
8,0.0007985961071792103,0.0008138257499252047,0.500172619047619,0.49910714285714286
9,0.000796070509368465,0.0008092316729681832,0.5028869047619048,0.5038928571428571
10,0.0007453850915744192,0.0007590937316417694,0.554625,0.5542857142857143
11,0.0007738300725108102,0.0007915575738464084,0.5254940476190476,0.5216785714285714
12,0.000796860145671027,0.0008120878083365304,0.5019047619047619,0.5011071428571429
13,0.0007975425759241694,0.0008143665769270488,0.5009583333333333,0.49907142857142855
14,0.0007979702878566016,0.0008151380739041737,0.5000714285714286,0.4982857142857143
15,0.0007977042130771138,0.0008139843472412654,0.5012380952380953,0.4994642857142857
16,0.0007977507252778325,0.0008139494700091226,0.5012797619047619,0.4995
17,0.0007972275604094778,0.0008139494700091226,0.5012797619047619,0.4995
18,0.0007974019401839801,0.0008139494700091226,0.5012797619047619,0.4995
19,0.0007972275667956898,0.0008139494700091226,0.5012797619047619,0.4995
20,0.0007981053062138103,0.0008139494700091226,0.5012738095238095,0.4995
