,loss/train,loss/valid,acc/train,acc/valid
0,0.0006803177701575415,0.0006924826736961092,0.5187380952380952,0.5188571428571429
1,0.0006800130992418244,0.0006921640059777669,0.5205714285714286,0.5189642857142858
2,0.0006795281647216706,0.0006918851775782449,0.5237916666666667,0.5215714285714286
3,0.0006794874866803487,0.0006918478310108185,0.5236309523809524,0.5207142857142857
4,0.0006792564012465023,0.0006917403255190168,0.5250178571428571,0.52175
5,0.0006791372920076053,0.0006916436702013016,0.5260714285714285,0.5226785714285714
6,0.0006792612558319455,0.0006917905743632998,0.5255059523809524,0.5204285714285715
7,0.0006794213908059256,0.0006918899204049791,0.5251607142857143,0.5195
8,0.0006794275996230897,0.0006919874804360526,0.5249345238095238,0.5186428571428572
9,0.0006793940691720872,0.0006920483303921564,0.5246130952380952,0.5184285714285715
10,0.0006794152550754093,0.0006920191752059119,0.5251785714285714,0.5204642857142857
11,0.0006796207690522784,0.0006922835856676101,0.5227857142857143,0.5170714285714286
12,0.0006795528332392374,0.0006922742000647953,0.5225714285714286,0.5201071428571429
13,0.0006796722028936658,0.0006923865675926208,0.5213511904761905,0.5162857142857142
14,0.0006795522914755912,0.0006923163895096098,0.5233452380952381,0.5177142857142857
15,0.000679646117701417,0.0006924291636262621,0.5220357142857143,0.5153928571428571
16,0.00067979627457403,0.0006925861132996423,0.5201428571428571,0.5150714285714286
17,0.0006798477438943727,0.0006926587309156146,0.5190178571428572,0.5150357142857143
18,0.0006798518268125397,0.00069267752127988,0.5191309523809524,0.5138214285714285
19,0.0006799403443222954,0.0006927612104586192,0.5177261904761905,0.5107857142857143
20,0.0006800664081459954,0.0006928888921226774,0.516625,0.5093571428571428
