,loss/train,loss/valid,acc/train,acc/valid
0,0.0006887716427445412,0.0007006448592458452,0.4987261904761905,0.5006071428571428
1,0.0006894906461238861,0.0007013454117945262,0.4987440476190476,0.5005714285714286
2,0.0006894206578532855,0.0007013894404683794,0.4987261904761905,0.5005714285714286
3,0.0006899784636639414,0.0007018575902496065,0.4987261904761905,0.5005
4,0.0006894048157901991,0.0007014286262648446,0.4987261904761905,0.5005
5,0.0006899393083793777,0.0007019497965063368,0.4987202380952381,0.5005
6,0.0006907848651920046,0.0007027284353971481,0.4987202380952381,0.5005
7,0.0006896894630931673,0.0007016924619674683,0.4987202380952381,0.5005
8,0.0006903158976208596,0.000702141665986606,0.4987202380952381,0.5005
9,0.0006897203957750683,0.0007016754129103252,0.4987202380952381,0.5005
10,0.0006904805323907307,0.0007027054450341634,0.4987202380952381,0.5005
11,0.0006894171220206079,0.0007016055541379111,0.4987202380952381,0.5005
12,0.0006895357693235079,0.0007017264493874141,0.4987202380952381,0.5005
13,0.0006891879652227674,0.0007013869392020362,0.4987202380952381,0.5005
14,0.0006893405140865417,0.0007015977012259619,0.4987202380952381,0.5005
15,0.0006894061774725006,0.000701677103127752,0.4987202380952381,0.5005
