,loss/train,loss/valid,acc/train,acc/valid
0,0.0006879206211084411,0.0007001549473830632,0.4987797619047619,0.5005714285714286
1,0.0006853083265679224,0.0006976244917937688,0.49881547619047617,0.5006071428571428
2,0.0006836217741171519,0.0006960040969508035,0.4989404761904762,0.5005714285714286
3,0.0006823926106804893,0.0006948582828044892,0.5014404761904762,0.5022142857142857
4,0.0006828549138846851,0.0006952034064701626,0.49952380952380954,0.50075
5,0.0006829513243976094,0.0006952924749680928,0.5005357142857143,0.5014642857142857
6,0.0006841235015363921,0.0006964425763913563,0.49886309523809524,0.5005357142857143
7,0.0006838895557891754,0.0006962259347949709,0.49944642857142857,0.5005
8,0.0006837198496574447,0.0006961025212492262,0.5005535714285714,0.5022857142857143
9,0.0006848243584945088,0.0006971563420125417,0.4987440476190476,0.5006071428571428
10,0.0006846298639263425,0.0006968765109777451,0.4987857142857143,0.5005357142857143
11,0.0006844026499560901,0.0006967651737587793,0.49898809523809523,0.5005714285714286
12,0.0006848799075399127,0.0006971484401396342,0.49873214285714285,0.5005
13,0.0006858669537163916,0.0006979922183922359,0.4987202380952381,0.5005
14,0.0006858997068234853,0.0006980628051928111,0.4987202380952381,0.5005
15,0.0006861391837398211,0.0006983832738229206,0.4987202380952381,0.5005
16,0.000686716218434629,0.0006989029433046069,0.4987202380952381,0.5005
17,0.0006882782603303591,0.0007004053933279855,0.4987202380952381,0.5005
18,0.0006887898235803559,0.0007009877200637545,0.4987202380952381,0.5005
