,loss/train,loss/valid,acc/train,acc/valid
0,0.0006916039795393036,0.0007049176969698497,0.497952380952381,0.4944642857142857
1,0.0006829843510474477,0.0006954317901815687,0.499375,0.50025
2,0.000683157014704886,0.0006956151958022799,0.5031011904761905,0.5044642857142857
3,0.0006827424942027955,0.0006950495285647256,0.5003273809523809,0.5021071428571429
4,0.0006828708400328954,0.0006952527229275022,0.4991309523809524,0.5011071428571429
5,0.0006842984684876033,0.0006964191900832313,0.49876190476190474,0.5005
6,0.0006835068687796593,0.0006957447826862335,0.49875,0.5005
7,0.0006843995572555632,0.0006964415503399713,0.49873214285714285,0.5005
8,0.0006840088140396845,0.0006962373682430813,0.4987202380952381,0.5005
9,0.0006841342346299263,0.0006962718175990241,0.4987261904761905,0.5005
10,0.0006851700693368912,0.0006972355118819646,0.4987202380952381,0.5005
11,0.0006867027066293217,0.0006986633666924068,0.4987202380952381,0.5005
12,0.000686796666256019,0.0006988431598458971,0.4987202380952381,0.5005
13,0.0006870747864955948,0.0006989350255046572,0.4987202380952381,0.5005
14,0.0006868148062910352,0.0006989079820258276,0.4987202380952381,0.5005
15,0.0006877405050964582,0.0006997515239885875,0.4987202380952381,0.5005
16,0.0006876424795814923,0.0006998225301504135,0.4987202380952381,0.5005
17,0.00068777941628581,0.0006997926064899989,0.4987202380952381,0.5005
18,0.0006884761594590687,0.0007002734116145542,0.4987202380952381,0.5005
