,loss/train,loss/valid,acc/train,acc/valid
0,0.0006810313491594224,0.0006939707121678761,0.5073333333333333,0.5042857142857143
1,0.0006874655321950004,0.0006996272227593831,0.49873214285714285,0.5005
2,0.0006900902553683236,0.000702222866671426,0.4987202380952381,0.5005
3,0.0006925498257790293,0.0007044397549969809,0.4987202380952381,0.5005
4,0.0006895224657796678,0.000701772078871727,0.4987202380952381,0.5005
5,0.0006883740339960371,0.0007004007760967527,0.4987202380952381,0.5005
6,0.0006881845203183946,0.00070035662821361,0.4987202380952381,0.5005
7,0.0006882611530877295,0.0007003763956683022,0.4987202380952381,0.5005
8,0.000689192105616842,0.0007012856730393001,0.4987202380952381,0.5005
9,0.0006884376144125348,0.0007003748480762755,0.4987202380952381,0.5005
10,0.0006889135365684828,0.0007007511364562171,0.4987202380952381,0.5005
11,0.0006851586216971988,0.0006969267725944519,0.49876190476190474,0.5004285714285714
12,0.0006877248475239391,0.0006997565456799098,0.49875,0.5004285714285714
13,0.0006876587885476294,0.0006994871284280505,0.49873214285714285,0.5003571428571428
14,0.0006861361563205719,0.0006979945919343404,0.4988095238095238,0.5004642857142857
15,0.0006860179613743509,0.000697895837681634,0.49882738095238094,0.5005714285714286
