,loss/train,loss/valid,acc/train,acc/valid
0,0.0006808239955987249,0.000693242466875485,0.5128154761904762,0.5175357142857143
1,0.0006816340227212224,0.0006939901922430311,0.5069940476190476,0.5072142857142857
2,0.0006815737727142515,0.0006939078313963754,0.5068392857142857,0.5077142857142857
3,0.0006821869679150127,0.0006945663349969047,0.5036845238095238,0.5045357142857143
4,0.000682191180686156,0.0006944680831262043,0.504172619047619,0.5048928571428571
5,0.0006828061540921529,0.0006952482759952545,0.5008154761904762,0.50225
6,0.0006834987270690146,0.0006957273994173323,0.4998869047619048,0.5018928571428571
7,0.0006836260699090503,0.000695936375430652,0.4996309523809524,0.5014642857142857
8,0.0006843016026985078,0.0006965023300477437,0.4991904761904762,0.50125
9,0.0006841754597567376,0.0006963892770665033,0.4993095238095238,0.5013571428571428
10,0.0006840538694745018,0.0006964342721870968,0.4991785714285714,0.5010714285714286
11,0.0006848267490665118,0.000697110401732581,0.49899404761904764,0.5007142857142857
12,0.0006853357518003101,0.0006975465587207249,0.4989523809523809,0.5003928571428572
13,0.0006857723164416494,0.0006980544477701188,0.4989166666666667,0.5005357142857143
14,0.0006865163693825404,0.0006987554963145937,0.49882738095238094,0.5003928571428572
15,0.000686250242803778,0.0006985931588070734,0.4988690476190476,0.5004642857142857
