,loss/train,loss/valid,acc/train,acc/valid
0,0.0006810445178832326,0.0006934810429811477,0.4998511904761905,0.4989642857142857
1,0.0006812933662108013,0.0006938262837273734,0.49889285714285714,0.49710714285714286
2,0.0006812489277550152,0.0006937158086470195,0.49881547619047617,0.49764285714285716
3,0.0006810898025121008,0.000693559359226908,0.4991011904761905,0.4969642857142857
4,0.0006813053378746623,0.0006937800858701978,0.49845833333333334,0.4964642857142857
5,0.0006811453849077224,0.0006936770656279155,0.49923809523809526,0.49775
6,0.0006810581787001519,0.0006935570495469229,0.49913690476190475,0.49935714285714283
7,0.0006812315789007005,0.0006937671835933412,0.4989702380952381,0.49685714285714283
8,0.0006811449914461091,0.0006936641676085336,0.499,0.49785714285714283
9,0.0006811126892765363,0.0006935590207576752,0.49913690476190475,0.49835714285714283
10,0.0006811046061061677,0.0006935876033135823,0.49900595238095236,0.4983214285714286
11,0.0006813212257056009,0.0006938272054706301,0.4991785714285714,0.4975357142857143
12,0.0006811498094882284,0.0006936355850526265,0.4987083333333333,0.49789285714285714
13,0.0006810366316210656,0.0006935184597969055,0.4995,0.49885714285714283
14,0.0006810733991719427,0.0006935749841587884,0.49957142857142856,0.4981785714285714
15,0.0006810005410086541,0.0006934783245835986,0.4989523809523809,0.4987142857142857
