,loss/train,loss/valid,acc/train,acc/valid
0,0.0006846043581054325,0.0006966837091105325,0.5008928571428571,0.5030714285714286
1,0.0006881260935749327,0.0007000880518129894,0.49879761904761905,0.5007142857142857
2,0.0006951327909316336,0.0007072902343102864,0.4987202380952381,0.5005
3,0.0006950481718494779,0.0007068946893726076,0.4987202380952381,0.5005
4,0.0006938603268492789,0.0007058273958308356,0.4987202380952381,0.5005
5,0.0006924483272291365,0.000704547113605908,0.4987202380952381,0.5005
6,0.000691931586535204,0.0007041111865213939,0.4987202380952381,0.5005
7,0.0006920473288212504,0.0007038886632238115,0.4987202380952381,0.5005
8,0.0006916218023924601,0.0007037437877484731,0.4987202380952381,0.5005
9,0.0006929395542967888,0.0007050248746361051,0.4987202380952381,0.5005
10,0.0006935444594848724,0.0007055281869002751,0.4987202380952381,0.5005
11,0.0006917745510027522,0.0007038765485797609,0.4987202380952381,0.5005
12,0.0006892872200835319,0.0007013111561536789,0.4987202380952381,0.5005
13,0.0006919149398094132,0.0007038655025618417,0.4987202380952381,0.5005
14,0.0006924656029968035,0.000704398485166686,0.4987202380952381,0.5005
15,0.0006920400219304221,0.0007039865681103298,0.4987202380952381,0.5005
