,loss/train,loss/valid,acc/train,acc/valid
0,0.000797925105761914,0.0008139494700091226,0.5012797619047619,0.4995
1,0.0007972275604094778,0.0008139494700091226,0.5012797619047619,0.4995
2,0.0007975763355692227,0.0008139494700091226,0.5012797619047619,0.4995
3,0.0007976635307783172,0.0008139494700091226,0.5012797619047619,0.4995
4,0.0007973147556185722,0.0008139494700091226,0.5012797619047619,0.4995
5,0.0007970531781514486,0.0008139494700091226,0.5012797619047619,0.4995
6,0.0007974891364574432,0.0008139494700091226,0.5012797619047619,0.4995
7,0.0007974019476345608,0.0008139494700091226,0.5012797619047619,0.4995
8,0.0007979251061167035,0.0008139494700091226,0.5012797619047619,0.4995
9,0.0007974019533111935,0.0008139494700091226,0.5012797619047619,0.4995
10,0.0007976635314878963,0.0008139494700091226,0.5012797619047619,0.4995
11,0.0007978379162294524,0.0008139494700091226,0.5012797619047619,0.4995
12,0.000797489138231391,0.0008139494700091226,0.5012797619047619,0.4995
13,0.0007972275639573733,0.0008139494700091226,0.5012797619047619,0.4995
14,0.0007977507153437251,0.0008139494700091226,0.5012797619047619,0.4995
15,0.0007979251071810723,0.0008139494700091226,0.5012797619047619,0.4995
16,0.0007985354590983618,0.0008139494700091226,0.5012797619047619,0.4995
17,0.0007966172052990822,0.0008139494700091226,0.5012797619047619,0.4995
18,0.0007973147602308364,0.0008139494700091226,0.5012797619047619,0.4995
19,0.0007975763302473795,0.0008139494700091226,0.5012797619047619,0.4995
20,0.0007970531795706068,0.0008139494700091226,0.5012797619047619,0.4995
21,0.0007979251075358618,0.0008139494700091226,0.5012797619047619,0.4995
22,0.0007977507167628833,0.0008139494700091226,0.5012797619047619,0.4995
23,0.0007974019476345608,0.0008139494700091226,0.5012797619047619,0.4995
24,0.0007977507196011998,0.0008139494700091226,0.5012797619047619,0.4995
25,0.0007976635272304218,0.0008139494700091226,0.5012797619047619,0.4995
26,0.0007975763376979601,0.0008139494700091226,0.5012797619047619,0.4995
27,0.0007974019501180876,0.0008139494700091226,0.5012797619047619,0.4995
28,0.0007978379137459255,0.0008139494700091226,0.5012797619047619,0.4995
29,0.0007970531767322904,0.0008139494700091226,0.5012797619047619,0.4995
30,0.0007973147499419394,0.0008139494700091226,0.5012797619047619,0.4995
31,0.0007975763270542736,0.0008139494700091226,0.5012797619047619,0.4995
