,loss/train,loss/valid,acc/train,acc/valid
0,0.00033767866981881007,0.000343477053301675,0.6290178571428572,0.6255714285714286
1,0.0002940757938084148,0.00029882061055728365,0.7170952380952381,0.7151071428571428
2,0.00029470104582252955,0.0002986934972660882,0.7174642857142857,0.7154285714285714
3,0.0002937855901462691,0.0002985677974564689,0.7178690476190476,0.7157142857142857
4,0.0002940512970089912,0.0002985677974564689,0.7178809523809524,0.7157142857142857
5,0.0002938711508398964,0.00029856779319899424,0.7178809523809524,0.7157142857142857
6,0.0002940551787614822,0.0002985677974564689,0.7178690476190476,0.7157142857142857
7,0.0002944055444427899,0.0002985849039895194,0.7178928571428571,0.7156785714285714
8,0.00029423152371531444,0.00029856779319899424,0.7178809523809524,0.7157142857142857
9,0.0002944146238622211,0.0002985677974564689,0.717875,0.7157142857142857
10,0.00029424895771912167,0.0002986375519207546,0.7178452380952381,0.7155714285714285
11,0.0002943391508999325,0.0002986375519207546,0.7178452380952381,0.7155714285714285
12,0.0002943359847579684,0.0002986375519207546,0.7178511904761905,0.7155714285714285
13,0.00029388567982685,0.0002986375519207546,0.7178511904761905,0.7155714285714285
14,0.00029344097205570764,0.0002986375519207546,0.7178392857142857,0.7155714285714285
15,0.00029424895984785896,0.0002986375519207546,0.7178452380952381,0.7155714285714285
16,0.0002945219324458213,0.0002986375519207546,0.7178392857142857,0.7155714285714285
17,0.00029433896179710116,0.0002986375519207546,0.7178452380952381,0.7155714285714285
