,loss/train,loss/valid,acc/train,acc/valid
0,0.00038818798852818353,0.00039280714307512554,0.5274285714285715,0.5281071428571429
1,0.0002485693799597876,0.00025202587034021105,0.8107440476190476,0.8094285714285714
2,0.00024401218195756275,0.00024746374892336984,0.8199166666666666,0.8185357142857143
3,0.00026959455226148877,0.0002728609314986638,0.7673630952380952,0.7675
4,0.0003617236933537892,0.0003635953196457454,0.5793035714285715,0.58625
5,0.0002556148538632052,0.0002590873007263456,0.7952916666666666,0.7952142857142858
6,0.0002436153899346079,0.0002469097301363945,0.8203988095238095,0.8197142857142857
7,0.0002440598239856107,0.00024803644844463893,0.8185357142857143,0.8174642857142858
8,0.00024479299499875025,0.0002479004583188466,0.8178392857142858,0.8179285714285714
9,0.000244513972706738,0.0002479004583188466,0.8178571428571428,0.8179285714285714
10,0.00033216556161642073,0.0003349736737353461,0.6420178571428572,0.6435714285714286
11,0.00029090817343621026,0.0002929772308894566,0.7256011904761904,0.7275714285714285
12,0.00026430815493776687,0.0002667136767080852,0.7784047619047619,0.7800357142857143
13,0.0002474651838697138,0.00025091652572155,0.8121547619047619,0.8120357142857143
14,0.00029070739093280974,0.00029453425322260174,0.7239047619047619,0.7247857142857143
15,0.00025919610581227713,0.0002612847877400262,0.7895714285714286,0.791
16,0.00025471126412351925,0.00025758030584880286,0.7978333333333333,0.7984285714285714
17,0.0002664940772312028,0.0002702327711241586,0.7729761904761905,0.7727857142857143
18,0.0003205594736195746,0.00032306304148265293,0.6652142857142858,0.6674285714285715
19,0.00024448735249184424,0.00024773955770901273,0.818625,0.8181071428571428
20,0.00025018679669925144,0.0002525061219930649,0.8071190476190476,0.8084642857142857
21,0.0002742214493808292,0.0002788157207625253,0.7577380952380952,0.7558214285714285
