,loss/train,loss/valid,acc/train,acc/valid
0,0.000507874380619753,0.0005143124610185624,0.7939166666666667,0.8008571428571428
1,0.00048789019474671,0.0004945208824106625,0.81125,0.8143928571428571
2,0.0005872580352283659,0.0005957849259887423,0.7142678571428571,0.7168571428571429
3,0.000665244494165693,0.0006754134637968881,0.635827380952381,0.6369642857142858
4,0.0007563962592255502,0.0007714978392635073,0.5427678571428571,0.5415714285714286
5,0.0005325407181822118,0.0005368457755872181,0.7705714285714286,0.7764285714285715
6,0.0005237911781739621,0.000531895284141813,0.7790059523809524,0.7814285714285715
7,0.00051334034545081,0.0005188264421054295,0.7909880952380952,0.7946428571428571
8,0.000527361671484652,0.00053422954252788,0.7755416666666667,0.7789642857142857
9,0.0005552485411365826,0.0005628215883459363,0.7475773809523809,0.7504642857142857
10,0.0005882965375979741,0.0005971095583268575,0.714375,0.7161071428571428
11,0.0007193093640463692,0.0007328663298061916,0.5803928571428572,0.5798571428571428
12,0.0005227276136477788,0.0005302689149975777,0.7809761904761905,0.7829642857142857
13,0.0005131133102944919,0.0005197538882493973,0.7912440476190477,0.7941785714285714
14,0.0005909419503240358,0.0005999750047922135,0.7113035714285715,0.7135357142857143
15,0.0005362929354111353,0.0005447531257356916,0.7671964285714286,0.7686071428571428
16,0.0005304708314083871,0.0005387259274721146,0.7731428571428571,0.775
