,loss/train,loss/valid,acc/train,acc/valid
0,0.0007173012516328267,0.0007289052712065833,0.4987202380952381,0.5005
1,0.0007216068453022411,0.0007335811704397201,0.4987202380952381,0.5005
2,0.0007247105499818212,0.0007361857380185808,0.4987202380952381,0.5005
3,0.0007267879190899077,0.0007387310670954841,0.4987202380952381,0.5005
4,0.0007307574092632248,0.0007425058377640588,0.4987202380952381,0.5005
5,0.0007317974500003316,0.0007437135917799814,0.4987202380952381,0.5005
6,0.000734935733534041,0.000747027867606708,0.4987202380952381,0.5005
7,0.0007396700726378532,0.0007518199511936732,0.4987202380952381,0.5005
8,0.0007412015969554583,0.000752967215010098,0.4987202380952381,0.5005
9,0.0007421340307309514,0.0007542718734060015,0.4987202380952381,0.5005
10,0.0007429501840046474,0.0007549801766872406,0.4987202380952381,0.5005
11,0.0007462079092150643,0.0007579709270170757,0.4987202380952381,0.5005
12,0.0007454153139676366,0.0007573073442493166,0.4987202380952381,0.5005
13,0.0007468692993833905,0.0007591791834150042,0.4987202380952381,0.5005
14,0.0007484845004621006,0.0007607338854244778,0.4987202380952381,0.5005
15,0.0007499228698157129,0.0007616987888302122,0.4987202380952381,0.5005
