,loss/train,loss/valid,acc/train,acc/valid
0,0.0004939962011717615,0.0005007837585040501,0.8096904761904762,0.8135714285714286
1,0.0004842346064036801,0.0004907710243548665,0.8135238095238095,0.8180357142857143
2,0.00047939684330707504,0.0004853990897536278,0.8254345238095238,0.8290357142857143
3,0.0004815294870308467,0.0004878819531628064,0.815875,0.8193571428571429
4,0.0004701855583559899,0.00047611914362226214,0.8303988095238095,0.8323214285714285
5,0.0004742469274926753,0.0004805195150630815,0.8340833333333333,0.8372142857142857
6,0.00046976084475006374,0.0004762167217476027,0.8371726190476191,0.8396071428571429
7,0.00046777980863338425,0.000474685971226011,0.8375178571428571,0.8395357142857143
8,0.0004740556918439411,0.000481011233159474,0.8381726190476191,0.839
9,0.0004661357562456812,0.00047350171208381653,0.8399047619047619,0.8403571428571428
10,0.00046592926961325465,0.0004734003096818924,0.8403928571428572,0.841
11,0.00046957266774205937,0.00047713106657777514,0.8395476190476191,0.8417857142857142
12,0.0004677389654375258,0.00047421079874038696,0.8398214285714286,0.8406785714285714
13,0.0004618438595817203,0.0004690493771008083,0.8422857142857143,0.8438928571428571
14,0.0004661442531006677,0.00047368005556719644,0.8399642857142857,0.84025
15,0.0004639632643333503,0.0004712781352656228,0.8424761904761905,0.8438928571428571
16,0.00046932501647443996,0.0004765575219477926,0.8419404761904762,0.8417142857142857
17,0.00047502653673291205,0.00048267653797354014,0.8434345238095238,0.8451428571428572
18,0.0004631564287202699,0.000470750558589186,0.8428690476190476,0.8443214285714286
19,0.00046778863136257443,0.0004748667563710894,0.8407083333333333,0.8422142857142857
20,0.00046716824067490444,0.000474643665765013,0.8442380952380952,0.8437857142857143
21,0.0004620074683002063,0.00046920264512300493,0.8448571428571429,0.8455357142857143
22,0.00046730745016109376,0.0004753084970372064,0.8445535714285715,0.8431428571428572
23,0.0004623031593149617,0.0004694925823381969,0.8462559523809524,0.8460357142857143
24,0.0004626755987604459,0.00046985506585666114,0.8429821428571429,0.8445357142857143
25,0.00046221007229316804,0.00046995308995246887,0.846672619047619,0.8458571428571429
26,0.00046050104303728965,0.0004686778209039143,0.8459583333333334,0.8453928571428572
27,0.00046265504970437004,0.00047066398710012437,0.8472261904761905,0.8463571428571428
28,0.00046142898499965666,0.0004688591680356434,0.8451785714285714,0.8448214285714286
