,loss/train,loss/valid,acc/train,acc/valid
0,0.0006872442474677449,0.0006995346822908946,0.4985595238095238,0.50025
1,0.0006885466795592081,0.0007007495505469186,0.4987202380952381,0.5005
2,0.0006899811820614906,0.0007020929285458156,0.4987202380952381,0.5004642857142857
3,0.0006933758759072848,0.0007052823965038572,0.4987202380952381,0.5005
4,0.0006961954704352788,0.0007080129193408149,0.4987202380952381,0.5005
5,0.0006975116623299463,0.0007096381379025323,0.4987202380952381,0.5005
6,0.0007014799728280022,0.0007135682765926633,0.4987202380952381,0.5005
7,0.000705108730565934,0.0007171253774847303,0.4987202380952381,0.5005
8,0.0007080877863225482,0.0007200027108192444,0.4987202380952381,0.5005
9,0.0007120783332557906,0.0007240516969135829,0.4987202380952381,0.5005
10,0.0007145571389368602,0.0007264009352241244,0.4987202380952381,0.5005
11,0.0007157568310697873,0.0007278585731983185,0.4987202380952381,0.5005
12,0.0007180201003239269,0.0007302480595452445,0.4987202380952381,0.5005
13,0.0007210208330126036,0.0007326984405517578,0.4987202380952381,0.5005
14,0.0007230217130411239,0.0007350675186940602,0.4987202380952381,0.5005
15,0.0007235298671183132,0.0007356228019509997,0.4987202380952381,0.5005
