,loss/train,loss/valid,acc/train,acc/valid
0,0.0006765975664768901,0.0006891234027487891,0.5057857142857143,0.5038214285714285
1,0.0006739653558248566,0.0006863429482494082,0.5229880952380952,0.5223928571428571
2,0.0006719566402690751,0.0006841697032962527,0.5542976190476191,0.5523571428571429
3,0.0006701680294104985,0.0006822125145367214,0.6023809523809524,0.6052142857142857
4,0.000669157658304487,0.0006810143781559808,0.6074226190476191,0.6100714285714286
5,0.0006696838360457193,0.0006813571921416692,0.5700952380952381,0.5736785714285715
6,0.000670069202425934,0.0006817045892987932,0.5555059523809524,0.55675
7,0.0006693907795207841,0.0006810584877218518,0.564375,0.5666785714285715
8,0.0006700115242884272,0.0006816618634121758,0.5513690476190476,0.5524285714285714
9,0.0006709085557432402,0.0006824481572423663,0.5358273809523809,0.5386785714285715
10,0.0006720660850405693,0.0006836157590150834,0.5200357142857143,0.5240357142857143
11,0.0006734796648933774,0.0006850355437823704,0.5098928571428571,0.5121785714285715
12,0.0006770093409078462,0.000688439450093678,0.5027440476190477,0.5045714285714286
13,0.0006793148833371344,0.0006908309204237802,0.50025,0.5021428571428571
14,0.0006806727509413447,0.0006922833919525146,0.4995654761904762,0.5012857142857143
15,0.0006813813838220777,0.0006928324529102871,0.4994047619047619,0.5011428571428571
16,0.0006827394398195403,0.0006938083320856094,0.4992261904761905,0.5010357142857143
17,0.0006847407920729546,0.000696102859718459,0.49892261904761903,0.5006428571428572
18,0.0006846321100989977,0.0006959263873951776,0.49895833333333334,0.5006428571428572
19,0.00069078429043293,0.0007021573803254537,0.4987261904761905,0.5004642857142857
20,0.0006920377842727162,0.0007032842593533653,0.4987261904761905,0.5004642857142857
21,0.0006947802227167856,0.000706312962940761,0.4987261904761905,0.5005
22,0.000694217487460091,0.0007058299247707639,0.4987261904761905,0.5005
