,loss/train,loss/valid,acc/train,acc/valid
0,0.0006936441993429547,0.0007060366187776838,0.49873809523809526,0.5005
1,0.0006954498638709387,0.0007074487720217024,0.49873809523809526,0.5005
2,0.0006976600534149579,0.0007099958615643637,0.4987202380952381,0.5005
3,0.0007001195571252278,0.00071249187205519,0.4987202380952381,0.5005
4,0.0007012411267274902,0.0007138280804668154,0.4987202380952381,0.5005
5,0.0007045748751787912,0.0007167098692485264,0.4987202380952381,0.5005
6,0.0007036141480008761,0.0007156993150711059,0.4987202380952381,0.5005
7,0.0007059528753161431,0.0007178475026573454,0.4987202380952381,0.5005
8,0.0007047206993613924,0.0007167661956378391,0.4987202380952381,0.5005
9,0.0007063314957278116,0.0007184651962348393,0.4987202380952381,0.5005
10,0.0007067646256514958,0.000719076897416796,0.4987202380952381,0.5005
11,0.0007089001614423025,0.0007210261928183692,0.4987202380952381,0.5005
12,0.000710525397388708,0.0007225866871220725,0.4987202380952381,0.5005
13,0.0007128675810637928,0.0007247798080955233,0.4987202380952381,0.5005
14,0.0007112242998111815,0.0007233388487781797,0.4987202380952381,0.5005
15,0.0007136925799506052,0.0007257975552763258,0.4987202380952381,0.5005
