,loss/train,loss/valid,acc/train,acc/valid
0,0.00024000311359053566,0.00024250978870051247,0.8190238095238095,0.8220714285714286
1,0.00023305848985910414,0.00023435043330703463,0.8363392857142857,0.8383214285714286
2,0.0002310186879975455,0.00023251329362392425,0.8421785714285714,0.8456071428571429
3,0.00023068955363262267,0.00023275140672922136,0.8437261904761905,0.8467142857142858
4,0.000229071433168082,0.0002309937828353473,0.8501904761904762,0.8532857142857143
5,0.000226284387920584,0.0002280531461749758,0.8546488095238095,0.8562857142857143
6,0.0002287048257532574,0.00022990749244179045,0.846625,0.84975
7,0.00023007009781542278,0.000232057195688997,0.8454107142857142,0.8475714285714285
8,0.0002268609663560277,0.00022908255670751844,0.8553630952380953,0.8558214285714286
9,0.00022434201410838535,0.0002256335435169084,0.8588630952380952,0.8626428571428572
10,0.00022278236083331563,0.00022436858607189996,0.8564821428571429,0.8584285714285714
11,0.0002342066944000267,0.00023635249372039522,0.8482916666666667,0.8494285714285714
12,0.00022727940355738005,0.00022867712804249354,0.8550238095238095,0.8573214285714286
13,0.0002241962646089849,0.00022609239497355053,0.86,0.8601785714285715
14,0.00022676039983828862,0.00022858255462987083,0.857297619047619,0.8580714285714286
15,0.00023371904165971847,0.0002361720513020243,0.8568571428571429,0.8568214285714286
16,0.00022726118529126758,0.00022974617672818048,0.8583392857142857,0.8576785714285714
17,0.00022213358964238847,0.00022408221555607658,0.8611785714285715,0.8620714285714286
18,0.0002228089351029623,0.00022504423345838273,0.8605,0.8602857142857143
19,0.00022314263560942242,0.0002256301258291517,0.8605535714285715,0.8613571428571428
20,0.0002248091222274871,0.00022735362606389183,0.8618095238095238,0.8621785714285715
21,0.00022404464547123227,0.00022663902384894235,0.8595535714285715,0.8605
22,0.00022276644124871208,0.00022504698272262302,0.862922619047619,0.8633928571428572
23,0.00022393344697498139,0.00022623492777347566,0.8627857142857143,0.8640714285714286
24,0.0002261035263183571,0.00022821374450411114,0.851077380952381,0.8518214285714286
25,0.00022981723628583408,0.00023211423307657243,0.8635238095238095,0.8640357142857142
