,loss/train,loss/valid,acc/train,acc/valid
0,0.000696914243319678,0.000703635383219946,0.6051984126984127,0.6099523809523809
1,0.0006001612345377604,0.0006096137024107433,0.7040793650793651,0.7039047619047619
2,0.0006645308837058052,0.0006724038152467637,0.6361984126984127,0.6417619047619048
3,0.0006208979373886472,0.0006293561430204482,0.6817936507936508,0.6837619047619048
4,0.0006261196339887286,0.0006329518783660162,0.6766428571428571,0.6808095238095239
5,0.0007135616351687719,0.0007191481505121503,0.587579365079365,0.5949047619047619
6,0.0008008860363846734,0.0008094202904474168,0.49912698412698414,0.5048571428571429
7,0.0006870154620163024,0.000691579574630374,0.6151428571428571,0.6220476190476191
8,0.0006647889079555633,0.0006747221322286696,0.6377539682539682,0.6390476190476191
9,0.0007701281063140384,0.0007782412398429143,0.5300317460317461,0.536047619047619
10,0.0007880023978059253,0.0007963665269670032,0.5121428571428571,0.518
11,0.0007377552588780721,0.0007411099870999655,0.5644920634920635,0.5731904761904761
12,0.0006469708411466508,0.0006562227862221854,0.6558968253968254,0.6575714285714286
13,0.0006021459835862357,0.0006179521992093041,0.7007619047619048,0.6954761904761905
14,0.0007131148529431177,0.0007281366104171389,0.5876587301587302,0.5843809523809523
15,0.0006997547329418243,0.0007085092323166984,0.6020396825396825,0.6057619047619047
16,0.0006578163849929022,0.0006673986713091533,0.6442539682539683,0.6466666666666666
