,loss/train,loss/valid,acc/train,acc/valid
0,0.0006201567015950642,0.0006285569213685536,0.6830873015873016,0.6844285714285714
1,0.000609466260387784,0.0006190358939624968,0.6934206349206349,0.6939047619047619
2,0.000630231811886742,0.0006431920954159328,0.6732460317460317,0.6697142857142857
3,0.0006782864592378102,0.0006955366730690002,0.6242460317460318,0.6165714285714285
4,0.000620281526020595,0.0006292271983055841,0.6828253968253968,0.6848571428571428
5,0.0005963300338813237,0.0006075201942807152,0.7067142857142857,0.706047619047619
6,0.0007651556034882864,0.0007828420343853179,0.5361666666666667,0.5295238095238095
7,0.0006461974850722721,0.0006626361466589428,0.6563492063492063,0.6501428571428571
8,0.0006261165236669873,0.0006395264438220433,0.6767301587301587,0.6743333333333333
9,0.0006381123907982357,0.0006488332464581444,0.6653095238095238,0.6644761904761904
10,0.000611041994321914,0.0006259180420920962,0.692531746031746,0.687047619047619
11,0.000598133195014227,0.0006142022212346394,0.7051111111111111,0.6992380952380952
12,0.0006282272736231486,0.0006459829409917196,0.6759047619047619,0.6668571428571428
13,0.0006203631049110776,0.0006390378815787179,0.6828412698412698,0.674047619047619
14,0.0006228548643134889,0.0006413639074280148,0.6800952380952381,0.6715714285714286
15,0.0006283407953996507,0.0006476266980171203,0.674515873015873,0.6652380952380952
16,0.0006089003194892218,0.0006220767781848,0.6943968253968253,0.6911904761904762
17,0.0007057354639446924,0.0007181892281486875,0.5948968253968254,0.5946666666666667
18,0.0005995997994665116,0.0006143545423235212,0.7037698412698413,0.698952380952381
19,0.0006027796093433622,0.0006189048006421044,0.7001984126984127,0.6944761904761905
20,0.0006400430557273683,0.0006581330753508068,0.6635,0.6545238095238095
