,loss/train,loss/valid,acc/train,acc/valid
0,0.0004134999778535631,0.0004228899535678682,0.8927936507936508,0.8884285714285715
1,0.0004221729924754491,0.0004323343407540094,0.8955555555555555,0.8917142857142857
2,0.0004321590489338315,0.00044267746948060537,0.8908888888888888,0.8872857142857142
3,0.00042508613046199557,0.0004350879504567101,0.896452380952381,0.8931904761904762
4,0.0004160151169413612,0.0004264916465395973,0.8908174603174603,0.8871904761904762
5,0.00041604327611506934,0.0004263281070050739,0.8907936507936508,0.8871428571428571
6,0.0004160061353255832,0.0004264827271302541,0.8908174603174603,0.8871904761904762
7,0.00041553587194473026,0.00042648552571024215,0.8908174603174603,0.8871904761904762
8,0.00041600528974381705,0.0004264801868370601,0.8908174603174603,0.8871904761904762
9,0.00041554348927641673,0.0004264924100467137,0.8908174603174603,0.8871904761904762
10,0.0004152283036992663,0.0004264924100467137,0.8908174603174603,0.8871904761904762
11,0.00041585867603619893,0.0004264924100467137,0.8908174603174603,0.8871904761904762
12,0.0004160162690613005,0.0004264924100467137,0.8908174603174603,0.8871904761904762
13,0.00041570108277457103,0.0004264924100467137,0.8908174603174603,0.8871904761904762
14,0.00041554348927641673,0.0004264924100467137,0.8908174603174603,0.8871904761904762
15,0.0004161738625594548,0.0004264924100467137,0.8908174603174603,0.8871904761904762
