,loss/train,loss/valid,acc/train,acc/valid
0,0.000415764913909019,0.0004255226481528509,0.890468253968254,0.8871428571428571
1,0.0004173471901624922,0.0004275192121664683,0.8953650793650794,0.8913809523809524
2,0.00041561572371967255,0.0004251982569694519,0.8948492063492064,0.8913809523809524
3,0.0005090282587778001,0.0005206444050584521,0.7881666666666667,0.7846666666666666
4,0.0007160547616935912,0.0007254193907692319,0.5670714285714286,0.5708095238095238
5,0.0006527466939555274,0.0006608898043632507,0.631015873015873,0.6349523809523809
6,0.0006605661156631652,0.0006695563509350731,0.6220714285714286,0.6252857142857143
7,0.0004165776776415961,0.00042711461583773295,0.8900555555555556,0.8865714285714286
8,0.000415550120293148,0.0004264924852620988,0.8908095238095238,0.8871904761904762
9,0.0004797133436751744,0.0004884900195258004,0.8248333333333333,0.8226666666666667
10,0.00041593618075999003,0.00042653891302290415,0.8907380952380952,0.8871428571428571
11,0.00041538589648784153,0.0004264924100467137,0.8908174603174603,0.8871904761904762
12,0.0004153944365088902,0.0004264924100467137,0.8908095238095238,0.8871904761904762
13,0.0004165821373462677,0.0004276712252980187,0.8895952380952381,0.886
14,0.0004210238094840731,0.00043097912555649164,0.8856666666666667,0.8825238095238095
15,0.00041515596589398763,0.0004266319189752851,0.8907301587301587,0.8870476190476191
16,0.00041551765421080214,0.0004266321020466941,0.8906825396825396,0.8870476190476191
17,0.0004166724388561552,0.00042751547552290415,0.8895,0.8861428571428571
