,loss/train,loss/valid,acc/train,acc/valid
0,0.00041633145558455634,0.0004264924100467137,0.8908174603174603,0.8871904761904762
1,0.00041554348927641673,0.0004264924100467137,0.8908174603174603,0.8871904761904762
2,0.0005337537905526539,0.0005435693632988703,0.7699285714285714,0.7674761904761904
3,0.0004155510349406136,0.00042653891302290415,0.8908095238095238,0.8871428571428571
4,0.00041570291940181976,0.0004265392223993937,0.8908174603174603,0.8871428571428571
5,0.00041570108324762373,0.0004264924100467137,0.8908174603174603,0.8871904761904762
6,0.00041585867603619893,0.0004264924100467137,0.8908174603174603,0.8871904761904762
7,0.00041585867603619893,0.0004264924100467137,0.8908174603174603,0.8871904761904762
8,0.00041633145534803,0.0004264924100467137,0.8908174603174603,0.8871904761904762
9,0.00041554348927641673,0.0004264924100467137,0.8908174603174603,0.8871904761904762
10,0.00041648904908271064,0.0004264924100467137,0.8908174603174603,0.8871904761904762
11,0.00041585867603619893,0.0004264924100467137,0.8908174603174603,0.8871904761904762
12,0.0004153858967243679,0.0004264924100467137,0.8908174603174603,0.8871904761904762
13,0.0004158586757996726,0.0004264924100467137,0.8908174603174603,0.8871904761904762
14,0.00041601626929782683,0.0004264924100467137,0.8908174603174603,0.8871904761904762
15,0.0004149131171760105,0.0004264924100467137,0.8908174603174603,0.8871904761904762
16,0.00041522830346274,0.0004264924100467137,0.8908174603174603,0.8871904761904762
17,0.00041585867603619893,0.0004264924100467137,0.8908174603174603,0.8871904761904762
18,0.00041570108277457103,0.0004264924100467137,0.8908174603174603,0.8871904761904762
19,0.0004158586757996726,0.0004264924100467137,0.8908174603174603,0.8871904761904762
20,0.00041554348927641673,0.0004264924100467137,0.8908174603174603,0.8871904761904762
21,0.00041522830322621363,0.0004264924100467137,0.8908174603174603,0.8871904761904762
22,0.00041601626929782683,0.0004264924100467137,0.8908174603174603,0.8871904761904762
23,0.0004160162697708796,0.0004264924100467137,0.8908174603174603,0.8871904761904762
24,0.00041507071043763843,0.0004264924100467137,0.8908174603174603,0.8871904761904762
25,0.00041585867603619893,0.0004264924100467137,0.8908174603174603,0.8871904761904762
