,loss/train,loss/valid,acc/train,acc/valid
0,0.0004897425214922617,0.0005005382966427576,0.8149047619047619,0.812047619047619
1,0.0005122456671226592,0.0005224684732300894,0.7919126984126984,0.7898095238095239
2,0.00041542847951253257,0.0004262739902450925,0.8909365079365079,0.8874285714285715
3,0.0004157010820649919,0.0004264924100467137,0.8908174603174603,0.8871904761904762
4,0.00041554348974946943,0.0004264924100467137,0.8908174603174603,0.8871904761904762
5,0.00041554348998599583,0.0004264924100467137,0.8908174603174603,0.8871904761904762
6,0.00041522830346274,0.0004264924100467137,0.8908174603174603,0.8871904761904762
7,0.00041646578718745517,0.0004269004762172699,0.8905079365079365,0.8867619047619048
8,0.0004153858967243679,0.0004264470963251023,0.8908174603174603,0.8872380952380953
9,0.00041570108277457103,0.0004264924100467137,0.8908174603174603,0.8871904761904762
10,0.00041664664258086494,0.0004264924100467137,0.8908174603174603,0.8871904761904762
11,0.0004808802886141671,0.0004927661787895929,0.8244444444444444,0.8198571428571428
12,0.0004158586757996726,0.0004264924100467137,0.8908174603174603,0.8871904761904762
13,0.00041601626929782683,0.0004264924100467137,0.8908174603174603,0.8871904761904762
14,0.00041617386208640204,0.0004264924100467137,0.8908174603174603,0.8871904761904762
15,0.00041601626929782683,0.0004264924100467137,0.8908174603174603,0.8871904761904762
16,0.0004157010830110974,0.0004264924100467137,0.8908174603174603,0.8871904761904762
17,0.00041633145534803,0.0004264924100467137,0.8908174603174603,0.8871904761904762
18,0.00041538589648784153,0.0004264924100467137,0.8908174603174603,0.8871904761904762
19,0.0004161738625594548,0.0004264924100467137,0.8908174603174603,0.8871904761904762
20,0.00041601626858824774,0.0004264924100467137,0.8908174603174603,0.8871904761904762
21,0.00041554348998599583,0.0004264924100467137,0.8908174603174603,0.8871904761904762
22,0.00041554348927641673,0.0004264924100467137,0.8908174603174603,0.8871904761904762
23,0.00041554348903989033,0.0004264924100467137,0.8908174603174603,0.8871904761904762
24,0.0004158586765092517,0.0004264924100467137,0.8908174603174603,0.8871904761904762
25,0.0004157010823015183,0.0004264924100467137,0.8908174603174603,0.8871904761904762
