,loss/train,loss/valid,acc/train,acc/valid
0,0.6982151394798642,0.7006898596627371,0.5176904761904761,0.513
1,0.7071494691031319,0.7098702523367746,0.5177916666666667,0.51425
2,0.7561781335331145,0.7586011287144252,0.5022023809523809,0.5006428571428572
3,0.7890519584247044,0.791090694972447,0.5012857142857143,0.4995357142857143
4,0.7981999095962161,0.8001221542358399,0.5012797619047619,0.4995
5,0.8018311672210693,0.8037082552228655,0.5012797619047619,0.4995
6,0.8034283251989456,0.8052867235456194,0.5012797619047619,0.4995
7,0.8041529685202099,0.8060036882672991,0.5012797619047619,0.4995
8,0.804362762587411,0.8062110257829939,0.5012797619047619,0.4995
9,0.8050817011651539,0.8069219632829938,0.5012797619047619,0.4995
10,0.8057939226059686,0.8076262860979353,0.5012797619047619,0.4995
11,0.8065748064177377,0.8083995720999582,0.5012797619047619,0.4995
12,0.8067491814295451,0.8085701337541853,0.5012797619047619,0.4995
13,0.8068437142599196,0.8086633202689034,0.5012797619047619,0.4995
14,0.8069592340787252,0.8087774505615234,0.5012797619047619,0.4995
15,0.8070128239450001,0.8088308367047992,0.5012797619047619,0.4995
16,0.8070162139393035,0.8088342088971819,0.5012797619047619,0.4995
17,0.8070259827659244,0.8088439995901925,0.5012797619047619,0.4995
18,0.8070433254241943,0.808861677987235,0.5012797619047619,0.4995
19,0.807169423466637,0.8089881046840123,0.5012797619047619,0.4995
20,0.8071634128207252,0.8089829319545201,0.5012797619047619,0.4995
