,loss/train,loss/valid,acc/train,acc/valid
0,0.6744249166988191,0.6773664360046386,0.6268214285714285,0.62425
1,0.5739095264389401,0.5739193959917341,0.7293273809523809,0.7296785714285714
2,0.5751235403560456,0.5793589008876255,0.7306011904761904,0.7261785714285715
3,0.5977422016915821,0.5989780720302037,0.7122916666666667,0.7108571428571429
4,0.5758867160933359,0.5780222767421177,0.7309642857142857,0.7287142857142858
5,0.6317889041446504,0.6317922695704868,0.6761130952380953,0.676
6,0.5709225468181428,0.5728003839765277,0.7324047619047619,0.7293928571428572
7,0.5855696360497248,0.5848030684334892,0.7201130952380952,0.7210714285714286
8,0.5968362798463731,0.5961033270699637,0.7082083333333333,0.70775
9,0.5785261433238075,0.5782527776445662,0.7261547619047619,0.7269642857142857
10,0.57127681743531,0.5722867317199707,0.7328928571428571,0.73075
11,0.6290002529053461,0.628255920955113,0.6766428571428571,0.678
12,0.5819693362372262,0.5850322369166783,0.7246428571428571,0.721
13,0.5990213181858971,0.5967444763183594,0.7072797619047619,0.7096071428571429
14,0.60968000014623,0.6082356469290597,0.6971011904761905,0.6977142857142857
15,0.6189884316126506,0.6176627965654645,0.6858809523809524,0.6866785714285715
16,0.637034536861238,0.6342749072483608,0.6704821428571428,0.6732142857142858
17,0.6229381489526657,0.6231878803798131,0.6865238095238095,0.68575
18,0.6123951051348732,0.6118735226222447,0.6974642857142858,0.698
19,0.591986927259536,0.5913986287798201,0.7091309523809524,0.7102857142857143
20,0.7444251642454238,0.745697149004255,0.5687738095238095,0.5675714285714286
21,0.6962392803827921,0.6982964314052037,0.6168809523809524,0.6147142857142858
22,0.6465263455481757,0.6424517849513462,0.6664107142857143,0.6705357142857142
23,0.8119816704250518,0.8137614277430943,0.5012797619047619,0.4995
24,0.8119816747392927,0.8137614277430943,0.5012797619047619,0.4995
25,0.8119816769418262,0.8137614277430943,0.5012797619047619,0.4995
26,0.8119816711516608,0.8137614277430943,0.5012797619047619,0.4995
27,0.8119816736720857,0.8137614277430943,0.5012797619047619,0.4995
28,0.8119816671326047,0.8137614277430943,0.5012797619047619,0.4995
29,0.8119697645505269,0.81372571345738,0.5012916666666667,0.4995357142857143
30,0.811917513756525,0.8136081880841937,0.5013571428571428,0.4996785714285714
