,loss/train,loss/valid,acc/train,acc/valid
0,0.8119816714695521,0.8137614277430943,0.5012797619047619,0.4995
1,0.8119816736493792,0.8137614277430943,0.5012797619047619,0.4995
2,0.8119816711516608,0.8137614277430943,0.5012797619047619,0.4995
3,0.8119816726048787,0.8137614277430943,0.5012797619047619,0.4995
4,0.8119816783496312,0.8137614277430943,0.5012797619047619,0.4995
5,0.8119816638628642,0.8137614277430943,0.5012797619047619,0.4995
6,0.8119816704023453,0.8137614277430943,0.5012797619047619,0.4995
7,0.8119816751253037,0.8137614277430943,0.5012797619047619,0.4995
8,0.8119816729454767,0.8137614277430943,0.5012797619047619,0.4995
9,0.8119816758292062,0.8137614277430943,0.5012797619047619,0.4995
10,0.8119816704250518,0.8137614277430943,0.5012797619047619,0.4995
11,0.8119816736720857,0.8137614277430943,0.5012797619047619,0.4995
12,0.8119816758519127,0.8137614277430943,0.5012797619047619,0.4995
13,0.8119816729227702,0.8137614277430943,0.5012797619047619,0.4995
14,0.8119816711289543,0.8137614277430943,0.5012797619047619,0.4995
15,0.8119816667238872,0.8137614277430943,0.5012797619047619,0.4995
16,0.8119816707429431,0.8137614277430943,0.5012797619047619,0.4995
17,0.8119816718555632,0.8137614277430943,0.5012797619047619,0.4995
18,0.8119816656793867,0.8137614277430943,0.5012797619047619,0.4995
19,0.8119816678819203,0.8137614277430943,0.5012797619047619,0.4995
20,0.8119816740353902,0.8137614277430943,0.5012797619047619,0.4995
21,0.8119816682679313,0.8137614277430943,0.5012797619047619,0.4995
22,0.8119816681998117,0.8137614277430943,0.5012797619047619,0.4995
23,0.8119816704023453,0.8137614277430943,0.5012797619047619,0.4995
24,0.8119816711289543,0.8137614277430943,0.5012797619047619,0.4995
