,loss/train,loss/valid,acc/train,acc/valid
0,0.7202925684792655,0.719437447139195,0.48154761904761906,0.4856785714285714
1,0.7080611979620798,0.7072632500784738,0.49328571428571427,0.49364285714285716
2,0.7011863976887294,0.7005513763427734,0.503797619047619,0.50425
3,0.6994216875121707,0.6989637358529227,0.509172619047619,0.5081071428571429
4,0.7016557329041617,0.7013445314679827,0.5089166666666667,0.508
5,0.705741556826092,0.7055332968575614,0.5082380952380953,0.5071428571428571
6,0.7109831585884094,0.7108718975612095,0.5060595238095238,0.5045357142857143
7,0.7168785822732108,0.7168737226213727,0.5043928571428572,0.5026428571428572
8,0.7228105741228376,0.7229137976510184,0.5031964285714285,0.5011428571428571
9,0.7283131814230056,0.7285139105660575,0.5025416666666667,0.5002142857142857
10,0.7330113888468062,0.7332874668666295,0.5020238095238095,0.5001428571428571
11,0.7377448761803763,0.7380983341761997,0.5017559523809524,0.49985714285714283
12,0.7421419000398545,0.7425634209769113,0.501547619047619,0.49975
13,0.745964224656423,0.7464443479265486,0.5014345238095238,0.4995357142857143
14,0.749609247139522,0.7501441149030413,0.5013690476190477,0.4995
15,0.7524620628356934,0.7530405099051339,0.5013452380952381,0.4995
16,0.7551159378914606,0.7557337799072266,0.5013214285714286,0.4995
17,0.7575682846478053,0.7582216633387975,0.5013095238095238,0.4995
18,0.759785886492048,0.7604712044852121,0.5013035714285714,0.4995
19,0.7618199443363008,0.7625350112915039,0.5012857142857143,0.4995
20,0.7635365409624009,0.7642776881626674,0.5012857142857143,0.4995
21,0.7651194712320963,0.7658855699811663,0.5012857142857143,0.4995
22,0.7666483391353062,0.767439334324428,0.5012797619047619,0.4995
23,0.7680706708998907,0.7688845443725586,0.5012797619047619,0.4995
