,loss/train,loss/valid,acc/train,acc/valid
0,0.0006629283850391706,0.0006621245294809342,0.6314166666666666,0.63275
1,0.0005841606830557188,0.0005782862156629563,0.7204166666666667,0.7275
2,0.0005749687204758327,0.000567923054099083,0.7208333333333333,0.7325
3,0.0005810637871424357,0.0005761640667915344,0.7227083333333333,0.73375
4,0.0005978581036130587,0.0005982280671596527,0.6793333333333333,0.68
5,0.0005730471784869829,0.0005722527951002121,0.7289583333333334,0.728
6,0.000572091152270635,0.0005740222185850143,0.7256666666666667,0.7155
7,0.0005658896937966347,0.0005699774473905563,0.7325,0.7215
8,0.0005597907801469167,0.0005664013922214508,0.7462916666666667,0.72325
9,0.0005733049437403679,0.0005771219283342362,0.7254166666666667,0.71225
10,0.0005726904844244321,0.0005689472407102585,0.7296666666666667,0.72925
11,0.0005829192474484443,0.0005843192785978317,0.7099583333333334,0.702
12,0.0006335659697651863,0.0006332369595766068,0.6307916666666666,0.62925
13,0.0005671824514865875,0.000571312814950943,0.7302916666666667,0.717
14,0.0005570406963427861,0.0005604587644338607,0.7467083333333333,0.73625
15,0.0005482457230488459,0.0005597389042377472,0.7570416666666666,0.7375
16,0.0005448634227116902,0.0005573903620243073,0.7630833333333333,0.74575
17,0.0005692485024531682,0.0005782706588506699,0.7270416666666667,0.70575
18,0.0005581373671690623,0.000564413160085678,0.74175,0.735
19,0.0006296887695789337,0.0006266855001449585,0.6534583333333334,0.66275
20,0.0005738847156365713,0.0005830561965703964,0.7182916666666667,0.70925
21,0.0005604480753342311,0.0005693724900484085,0.7355416666666666,0.718
22,0.0005431611041227976,0.0005581520795822143,0.7625416666666667,0.73475
23,0.0005375303352872531,0.0005528548657894134,0.7733333333333333,0.74175
24,0.0005314165875315666,0.0005506809949874878,0.781375,0.73925
25,0.0005352780396739642,0.0005538913607597351,0.7764166666666666,0.74325
26,0.0005508455311258633,0.0005605274736881256,0.74925,0.73775
27,0.0005644279246528943,0.0005745450109243393,0.7325416666666666,0.71375
28,0.0005469616701205571,0.0005604922771453857,0.756,0.7345
29,0.0005404376462101936,0.000552267000079155,0.7595416666666667,0.746
