,loss/train,loss/valid,acc/train,acc/valid
0,0.0004659476599522999,0.00047433148537363325,0.8363015873015873,0.833
1,0.0004872751276171397,0.0004948725771336328,0.836468253968254,0.8357142857142857
2,0.0004797399862418099,0.0004901574850082397,0.8218253968253968,0.8191428571428572
3,0.0005883441222092462,0.0006014037501244318,0.7109603174603175,0.7082380952380952
4,0.0004878778117043631,0.0004981597023350851,0.817515873015873,0.8155238095238095
5,0.00048766587106954486,0.0004980966661657606,0.8175079365079365,0.8155714285714286
6,0.0004874122932789818,0.0004981751881894611,0.817531746031746,0.8155238095238095
7,0.00048696890544323694,0.0004980705423014505,0.8175634920634921,0.8155714285714286
8,0.0004882977628518665,0.0004981234612919035,0.8175238095238095,0.8155714285714286
9,0.0004880372311860796,0.0004981437098412287,0.8174920634920635,0.8155714285714286
10,0.00048801360409411173,0.000498192405416852,0.8167936507936507,0.8146190476190476
11,0.0005361066734980023,0.0005479629777726673,0.768079365079365,0.7655238095238095
12,0.0004883149015525031,0.0004982336362202962,0.817595238095238,0.8154761904761905
13,0.0004889069961176979,0.0004983781008493333,0.817468253968254,0.8153333333333334
14,0.00048802826045051456,0.0004981925444943565,0.8175555555555556,0.8155238095238095
15,0.00048712675131502603,0.0004970835149288177,0.8183095238095238,0.8165714285714286
