,loss/train,loss/valid,acc/train,acc/valid
0,0.00046409929200770365,0.0004719956034705752,0.8346587301587302,0.8343333333333334
1,0.0005055233091115952,0.0005135600566864014,0.8231428571428572,0.8216190476190476
2,0.0004620219644099947,0.0004705690358366285,0.8385714285714285,0.8353333333333334
3,0.0004824369783912386,0.0004908099472522735,0.822,0.821
4,0.0005159473407363135,0.000526824673016866,0.7881269841269841,0.7845238095238095
5,0.0006446646177579486,0.0006564661377952213,0.6556825396825396,0.6541428571428571
6,0.0004706587195396423,0.0004806524770600455,0.8319126984126984,0.8296666666666667
7,0.0004766108294328054,0.00048599980132920404,0.8281587301587302,0.826952380952381
8,0.00047242296144129736,0.00048187923573312307,0.8327142857142857,0.8304761904761905
9,0.00048680974093694536,0.0004974711835384369,0.8184285714285714,0.8161428571428572
10,0.0006417785641692934,0.0006477994691757928,0.6607619047619048,0.6644285714285715
11,0.0004981415678584387,0.0005090860199360621,0.8071190476190476,0.8049047619047619
12,0.0005250818753053272,0.0005344696215220861,0.7798253968253969,0.7786666666666666
13,0.0004913822802759352,0.0005027634146667662,0.8130952380952381,0.810952380952381
14,0.000488044651254775,0.000498145607255754,0.8175476190476191,0.8155714285714286
15,0.00048773417728287835,0.000498145607255754,0.8175396825396826,0.8155714285714286
16,0.00048771083757044776,0.0004981456058365958,0.8175634920634921,0.8155714285714286
17,0.0004874344924612651,0.0004981921102319445,0.8175238095238095,0.8155238095238095
