,loss/train,loss/valid,acc/train,acc/valid
0,0.0008022542865503402,0.0008078007442610605,0.4980952380952381,0.5060476190476191
1,0.0008024839110790737,0.0008098846077919007,0.4983015873015873,0.5043809523809524
2,0.0008021687236097124,0.0008098846077919007,0.4983015873015873,0.5043809523809524
3,0.0008021687236097124,0.0008098846077919007,0.4983015873015873,0.5043809523809524
4,0.0008020111270367153,0.0008098846077919007,0.4983015873015873,0.5043809523809524
5,0.0008023263140330239,0.0008098846077919007,0.4983015873015873,0.5043809523809524
6,0.000802326310248602,0.0008098846077919007,0.4983015873015873,0.5043809523809524
7,0.0008023263173443931,0.0008098846077919007,0.4983015873015873,0.5043809523809524
8,0.000800907977516689,0.0008098846077919007,0.4983015873015873,0.5043809523809524
9,0.0008021687217175014,0.0008098846077919007,0.4983015873015873,0.5043809523809524
10,0.0008029566866064829,0.0008098846077919007,0.4983015873015873,0.5043809523809524
11,0.0008013807487866235,0.0008098846077919007,0.4983015873015873,0.5043809523809524
12,0.0008015383500901479,0.0008098846077919007,0.4983015873015873,0.5043809523809524
13,0.0008012231555249955,0.0008098846077919007,0.4983015873015873,0.5043809523809524
14,0.0008015383425213041,0.0008098846077919007,0.4983015873015873,0.5043809523809524
15,0.0008031142874369545,0.0008098846077919007,0.4983015873015873,0.5043809523809524
