,loss/train,loss/valid,acc/train,acc/valid
0,0.0006419795278518918,0.0006512211703118823,0.6086746031746032,0.6103333333333333
1,0.0006140572934869736,0.0006243421974636259,0.6585079365079365,0.66
2,0.0006100989353089105,0.0006228173318363372,0.6624285714285715,0.6587142857142857
3,0.0006377830231000507,0.0006464516690799168,0.6074126984126984,0.6091904761904762
4,0.00063577415640392,0.0006458654403686524,0.638015873015873,0.6398095238095238
5,0.0006136675883853247,0.0006225976943969727,0.6617777777777778,0.6634285714285715
6,0.0006111640088141911,0.0006209527310870942,0.6709365079365079,0.6727142857142857
7,0.0005978653099801806,0.0006092507214773269,0.6896269841269841,0.687
8,0.000596269489753814,0.0006069531923248655,0.6945634920634921,0.6912380952380952
9,0.000601664039823744,0.0006130570911225819,0.6938809523809524,0.6885238095238095
10,0.000606692000513985,0.0006187409928866796,0.6646269841269842,0.6618571428571428
11,0.0007264513813313983,0.0007415058442524501,0.5742142857142857,0.570047619047619
12,0.0006788015550091153,0.0006886938781965347,0.6222063492063492,0.6232857142857143
13,0.0006724152598116133,0.0006826126944451105,0.6290714285714286,0.6298571428571429
14,0.000686532378669769,0.0006962601258641198,0.6143730158730158,0.6166190476190476
15,0.0006847162469038888,0.0006955064648673648,0.6174126984126984,0.6170476190476191
16,0.0006737849882670811,0.0006828045192218962,0.6284206349206349,0.6296666666666667
17,0.000663783780166081,0.0006724910452252343,0.6385952380952381,0.6403809523809524
18,0.0006710363214924222,0.0006802677398636228,0.6311825396825397,0.633095238095238
19,0.0006697727001848675,0.0006783212139492943,0.6330634920634921,0.6349523809523809
20,0.0007817099449180421,0.0007908479599725633,0.5188809523809523,0.5229047619047619
21,0.0007291631438429393,0.0007459183193388439,0.5710873015873016,0.5668571428571428
22,0.0007720114338019537,0.0007791706635838463,0.5285,0.5349047619047619
23,0.0006729338083948408,0.0006797690646989005,0.6295555555555555,0.6330476190476191
