,loss/train,loss/valid,acc/train,acc/valid
0,0.0006181998853645627,0.0006279000980513437,0.6660952380952381,0.6653333333333333
1,0.0006288112108669584,0.0006382146903446742,0.6289126984126984,0.6299523809523809
2,0.0006832634489687663,0.0006961013050306411,0.614484126984127,0.6126666666666667
3,0.0006530989621366774,0.0006612677489008222,0.6455952380952381,0.6484761904761904
4,0.0006536267357213156,0.000664966120606377,0.6470317460317461,0.6462857142857142
5,0.0006446184662599413,0.0006522180352892194,0.6559285714285714,0.6581428571428571
6,0.0006546880919781942,0.0006618888321376982,0.6459920634920635,0.6496190476190477
7,0.0006482910381423102,0.0006563792058399745,0.6523809523809524,0.6557142857142857
8,0.0006449690210440802,0.0006522214441072373,0.6567777777777778,0.6602380952380953
9,0.0006564390214662704,0.0006688419523693266,0.6445555555555555,0.6435714285714286
10,0.000694014283872786,0.0007017231498445784,0.6074126984126984,0.611904761904762
11,0.000672891539713693,0.0006814245013963609,0.629,0.6311428571428571
12,0.0006653565400176578,0.0006727665605999175,0.6363492063492063,0.6400476190476191
13,0.0006887081535089584,0.000698272807257516,0.6131269841269841,0.6147142857142858
14,0.0006552477772273714,0.0006647719258353824,0.6469206349206349,0.6485238095238095
15,0.0006633095031692868,0.0006738056114741734,0.6396269841269842,0.6396666666666667
