,loss/train,loss/valid,acc/train,acc/valid
0,0.0003233124574735051,0.0003266497701406479,0.6473214285714286,0.6484285714285715
1,0.0003230005346593403,0.0003263343061719622,0.647875,0.6474642857142857
2,0.0003207321429536456,0.00032420686525957927,0.6514285714285715,0.654
3,0.00031569391276155197,0.00031881896087101525,0.6503571428571429,0.6532142857142857
4,0.0003184421913964408,0.00032208393727030073,0.6525297619047619,0.6551071428571429
5,0.00031687874098618824,0.00032046535185405184,0.6593392857142857,0.6611785714285714
6,0.0003170252123049327,0.00032045974475996837,0.6587738095238095,0.6595714285714286
7,0.00031521266379526684,0.00031851245462894437,0.6614523809523809,0.6645357142857143
8,0.00031885718412342525,0.00032255094604832785,0.6466845238095238,0.6488214285714285
9,0.0003174720850019228,0.00032117190957069397,0.651797619047619,0.6561428571428571
10,0.00031645799499182474,0.0003196408408028739,0.6620535714285715,0.6642857142857143
11,0.00031590663003070016,0.0003192719433988844,0.6641071428571429,0.6648571428571428
12,0.000314506199388277,0.0003175888636282512,0.6624404761904762,0.6651785714285714
13,0.00031571500571001145,0.00031934193202427455,0.6635297619047619,0.6660714285714285
14,0.000313795020537717,0.0003170061771358763,0.6655357142857142,0.6666428571428571
15,0.00031552297409091675,0.0003192533020462309,0.6649642857142857,0.6657857142857143
16,0.00031614664055052257,0.0003195007996899741,0.6664166666666667,0.666
17,0.0003166869463665145,0.000319778533918517,0.6675,0.66575
18,0.0003139830579360326,0.0003174587190151215,0.6663630952380952,0.67
19,0.00031459596433809823,0.0003181146745170866,0.6674583333333334,0.6713928571428571
20,0.0003146077160324369,0.0003182777464389801,0.6661309523809524,0.6673571428571429
21,0.00031571083657798313,0.00031931150811059133,0.6558035714285714,0.6575
22,0.00031431695073843,0.0003179835272686822,0.6613869047619048,0.6645
23,0.00031501970511107216,0.00031870676364217487,0.6676607142857143,0.6683214285714286
24,0.0003165641175139518,0.00032020615254129683,0.6570833333333334,0.6576785714285714
25,0.00031439253226632166,0.0003178890028170177,0.6676369047619047,0.6693571428571429
26,0.0003153420558997563,0.000319049420101302,0.6592202380952381,0.6615
27,0.0003153761146324022,0.0003189091661146709,0.6619404761904762,0.6649642857142857
28,0.00031471589562438783,0.00031846994161605834,0.668404761904762,0.66775
29,0.00031443337883268086,0.000318063491157123,0.668422619047619,0.6718214285714286
