#parameters,chi2
-0.05449852534165342,0.01268200430380379,178.4310169689346
-0.0061755180247191795,0.009204582653635739,3.4207438641344634e-05,127.9905192510274
-0.0039678367454006385,0.009006641299985968,3.801132821284731e-05,-1.9077848698846305e-08,140.76728908893614
