{
  "65": {
    "exp-2": 0.8183833849941219,
    "exp-1": 1.3335086027621847,
    "exp0": 1.8036958766087317,
    "exp+1": 2.5814148245291957,
    "exp+2": 3.401694768079632,
    "obs": 1.7600353598989766
  },
  "85": {
    "exp-2": 1.5625,
    "exp-1": 1.818173552016442,
    "exp0": 2.2889485903960543,
    "exp+1": 3.1438242093508153,
    "exp+2": 4.888208158378926,
    "obs": 2.142944716019298
  },
  "90": {
    "exp-2": 1.953125,
    "exp-1": 3.1753491048551807,
    "exp0": 4.471942896365041,
    "exp+1": 6.572951176638531,
    "exp+2": 8.363040532953255,
    "obs": 4.454064709764616
  },
  "95": {
    "exp-2": 1.171875,
    "exp-1": 1.769640634660603,
    "exp0": 2.4828352019649476,
    "exp+1": 3.553288687500143,
    "exp+2": 4.804156168677304,
    "obs": 2.752250008779744
  },
  "120": {
    "exp-2": 1.171875,
    "exp-1": 1.2255879997232948,
    "exp0": 1.5743245952492158,
    "exp+1": 2.1037531486851697,
    "exp+2": 3.0350910063952585,
    "obs": 1.6675051559738479
  }
}