,loss/train,loss/valid,acc/train,acc/valid
0,0.0005640386224739136,0.0005763726518267677,0.7274206349206349,0.723047619047619
1,0.000554073451057313,0.0005668554050581796,0.7300396825396825,0.7233333333333334
2,0.000601091112882372,0.0006152057676088242,0.6990555555555555,0.6923333333333334
3,0.00063435940278901,0.0006498865456808181,0.6662777777777777,0.6595714285714286
4,0.0005794406736653948,0.000588529490289234,0.719936507936508,0.721
5,0.0005880794894127619,0.0006008559578940982,0.7142222222222222,0.709952380952381
6,0.000638926799335177,0.0006444896260897319,0.662952380952381,0.6673333333333333
7,0.0005847746337216998,0.0005995691929544722,0.7177063492063492,0.7115714285714285
8,0.0005662992535129426,0.0005804563335009983,0.7369444444444444,0.7306666666666667
9,0.000626544552663016,0.000643462978658222,0.6757301587301587,0.6685714285714286
10,0.0006815369545467316,0.0006971267319860913,0.6208492063492064,0.6149523809523809
11,0.0005999110364724719,0.0006188400983810425,0.7031746031746032,0.694
12,0.00060511114673009,0.0006181528426352002,0.6984523809523809,0.6953809523809524
13,0.0005926974595539153,0.0006099072212264651,0.7112063492063492,0.7029047619047619
14,0.0005955622044820634,0.0006063139381862822,0.7071984126984127,0.7065714285714285
15,0.0005965060549122947,0.0006126974168277922,0.7078253968253968,0.7001428571428572
16,0.0005915198747127776,0.0006063962493624006,0.712952380952381,0.7064761904761905
