{
  "15": {
    "exp-2": 0.390625,
    "exp-1": 0.5985840322173731,
    "exp0": 1.171875,
    "exp+1": 1.2311999279405315,
    "exp+2": 1.6284330641291798,
    "obs": 0.8545506301769034
  },
  "40": {
    "exp-2": 0.390625,
    "exp-1": 0.390625,
    "exp0": 0.9506854395737684,
    "exp+1": 1.3483493989596274,
    "exp+2": 1.864155902543601,
    "obs": 0.9747718342362095
  },
  "55": {
    "exp-2": 0.390625,
    "exp-1": 0.7025830972891233,
    "exp0": 0.8158790871060093,
    "exp+1": 1.4264659315784471,
    "exp+2": 1.8873594588357447,
    "obs": 1.0544695052950035
  },
  "60": {
    "exp-2": 0.390625,
    "exp-1": 0.7787232513935662,
    "exp0": 1.171875,
    "exp+1": 1.4460460000751172,
    "exp+2": 1.8816380942933635,
    "obs": 1.171875
  },
  "65": {
    "exp-2": 0.390625,
    "exp-1": 0.7872036761077563,
    "exp0": 1.171875,
    "exp+1": 1.497641793450948,
    "exp+2": 1.8977550574360484,
    "obs": 1.171875
  },
  "85": {
    "exp-2": 0.7434973134587787,
    "exp-1": 1.1620277565293837,
    "exp0": 1.2678330366544404,
    "exp+1": 1.7624815743175066,
    "exp+2": 2.255865705683136,
    "obs": 1.2105976171935238
  }
}
