{
  "15": {
    "exp-2": 0.390625,
    "exp-1": 1.171875,
    "exp0": 1.0699520668899338,
    "exp+1": 1.504650680412474,
    "exp+2": 2.1884689396603623,
    "obs": 1.1568161255779053
  },
  "40": {
    "exp-2": 0.7874540001668446,
    "exp-1": 1.171875,
    "exp0": 1.2762600500412518,
    "exp+1": 2.089978364394435,
    "exp+2": 2.5141073125798634,
    "obs": 1.3374126015862666
  },
  "55": {
    "exp-2": 0.390625,
    "exp-1": 0.7836014946434201,
    "exp0": 1.171875,
    "exp+1": 1.399770565076628,
    "exp+2": 2.0560186532623286,
    "obs": 1.171875
  },
  "60": {
    "exp-2": 0.390625,
    "exp-1": 1.1273146795485565,
    "exp0": 1.6192319729283868,
    "exp+1": 2.1158403231751652,
    "exp+2": 2.8481949157412063,
    "obs": 1.595931143220434
  },
  "65": {
    "exp-2": 1.171875,
    "exp-1": 0.8895706832946473,
    "exp0": 1.5568094984559602,
    "exp+1": 2.033931018721013,
    "exp+2": 2.9221879639594412,
    "obs": 1.5651825290367813
  },
  "85": {
    "exp-2": 0.390625,
    "exp-1": 1.171875,
    "exp0": 1.8190957227361728,
    "exp+1": 2.6811074039375145,
    "exp+2": 3.5084013705157218,
    "obs": 1.8279959636525618
  }
}
