{
  "85": {
    "exp-2": 0.7449374629851102,
    "exp-1": 1.171875,
    "exp0": 1.2310882238546133,
    "exp+1": 1.8989444882393278,
    "exp+2": 2.349401848249335,
    "obs": 1.368108604785407
  },
  "90": {
    "exp-2": 1.171875,
    "exp-1": 1.344770991213571,
    "exp0": 1.9046192729261413,
    "exp+1": 2.7215849193981145,
    "exp+2": 4.075305402262579,
    "obs": 1.9899749436376732
  },
  "95": {
    "exp-2": 1.171875,
    "exp-1": 1.104013115495503,
    "exp0": 1.5443711723901343,
    "exp+1": 1.9014344662620442,
    "exp+2": 2.9812803507753385,
    "obs": 1.632865881954617
  }
}
