{
  "85": {
    "exp-2": 0.390625,
    "exp-1": 0.6150557437835772,
    "exp0": 1.171875,
    "exp+1": 1.2435747193869355,
    "exp+2": 1.5015210535501888,
    "obs": 1.171875
  },
  "90": {
    "exp-2": 0.390625,
    "exp-1": 1.061104438047635,
    "exp0": 1.525302996548831,
    "exp+1": 2.1480729964321963,
    "exp+2": 2.749295436681752,
    "obs": 1.5825506652092955
  },
  "95": {
    "exp-2": 0.390625,
    "exp-1": 0.5882639572771536,
    "exp0": 1.171875,
    "exp+1": 1.338778670182601,
    "exp+2": 1.9078263477873287,
    "obs": 1.0292012279446374
  }
}
