,loss/train,loss/valid,acc/train,acc/valid
0,0.000562473509992872,0.0005736952310516721,0.7237539682539682,0.7189047619047619
1,0.0005641477543210226,0.0005779295762379964,0.726920634920635,0.7184761904761905
2,0.0005555816264379592,0.0005666638783046177,0.7342936507936508,0.7302380952380952
3,0.0005611421163119968,0.000573432791800726,0.7335873015873016,0.7265238095238096
4,0.0005568151062443142,0.0005678739008449373,0.7253253968253969,0.7218095238095238
5,0.0005560822751786974,0.0005678523892448062,0.7304365079365079,0.7234761904761905
6,0.0005559211562550258,0.0005679975946744283,0.7286349206349206,0.7222857142857143
7,0.0005568182615060654,0.0005706459255445572,0.7465396825396825,0.7358095238095238
8,0.0005436319533794645,0.0005564851902780079,0.7521825396825397,0.744
9,0.0005532715155018701,0.0005658072971162342,0.7410952380952381,0.7343809523809524
10,0.0005479037165641785,0.0005588225495247614,0.7358095238095238,0.7337142857142858
11,0.0006331099134588999,0.0006429788044520787,0.5933809523809523,0.5976666666666667
12,0.0005631483868947105,0.0005756321066901798,0.7410793650793651,0.7336190476190476
13,0.0005549462603198158,0.0005662770980880374,0.7490079365079365,0.7435238095238095
14,0.0005612588212603614,0.0005721488481476194,0.7301507936507936,0.7301904761904762
15,0.0005466085502079554,0.0005590262413024903,0.7492063492063492,0.7408571428571429
16,0.0005441261960400475,0.0005567567036265418,0.7580317460317461,0.7512380952380953
17,0.0005524705823451753,0.0005654454373178028,0.7256984126984127,0.7197619047619047
18,0.0005466389386426834,0.0005582262022154671,0.7465079365079365,0.7408571428571429
19,0.0005661140169416155,0.0005810713427407401,0.7153730158730158,0.7094761904761905
20,0.0005460984716339716,0.0005582958090872992,0.7454761904761905,0.7393333333333333
21,0.0005481508553974213,0.0005620466726166862,0.7373174603174604,0.7293809523809524
22,0.0005658713389956762,0.0005768751927784511,0.7128253968253968,0.7115238095238096
23,0.0005450545166219983,0.0005573307474454244,0.7551031746031746,0.7499047619047619
