,loss/train,loss/valid,acc/train,acc/valid
0,0.814541194938478,0.8127614430018834,0.4987202380952381,0.5005
1,0.814541193144662,0.8127614430018834,0.4987202380952381,0.5005
2,0.814541188058399,0.8127614430018834,0.4987202380952381,0.5005
3,0.814541189852215,0.8127614430018834,0.4987202380952381,0.5005
4,0.814541193099249,0.8127614430018834,0.4987202380952381,0.5005
5,0.8145411894889105,0.8127614430018834,0.4987202380952381,0.5005
6,0.814541190192813,0.8127614430018834,0.4987202380952381,0.5005
7,0.8145411927813575,0.8127614430018834,0.4987202380952381,0.5005
8,0.8145411945751735,0.8127614430018834,0.4987202380952381,0.5005
9,0.8145411908967154,0.8127614430018834,0.4987202380952381,0.5005
10,0.8145411920093355,0.8127614430018834,0.4987202380952381,0.5005
11,0.8145411887395949,0.8127614430018834,0.4987202380952381,0.5005
12,0.8145411894662039,0.8127614430018834,0.4987202380952381,0.5005
13,0.8145411917141505,0.8127614430018834,0.4987202380952381,0.5005
14,0.8145411927813575,0.8127614430018834,0.4987202380952381,0.5005
15,0.8145411945751735,0.8127614430018834,0.4987202380952381,0.5005
16,0.8145411876950945,0.8127614430018834,0.4987202380952381,0.5005
17,0.8145411953244891,0.8127614430018834,0.4987202380952381,0.5005
18,0.8145411923953465,0.8127614430018834,0.4987202380952381,0.5005
19,0.8145411913281395,0.8127614430018834,0.4987202380952381,0.5005
20,0.8145411956423805,0.8127614430018834,0.4987202380952381,0.5005
