,loss/train,loss/valid,acc/train,acc/valid
0,0.8119816715149653,0.8137614277430943,0.5012797619047619,0.4995
1,0.8119816711289543,0.8137614277430943,0.5012797619047619,0.4995
2,0.8119816693124317,0.8137614277430943,0.5012797619047619,0.4995
3,0.8119816743759882,0.8137614277430943,0.5012797619047619,0.4995
4,0.8119816761925107,0.8137614277430943,0.5012797619047619,0.4995
5,0.8119816667465937,0.8137614277430943,0.5012797619047619,0.4995
6,0.8119816718328566,0.8137614277430943,0.5012797619047619,0.4995
7,0.8119816736720857,0.8137614277430943,0.5012797619047619,0.4995
8,0.8119816700617473,0.8137614277430943,0.5012797619047619,0.4995
9,0.8119816682679313,0.8137614277430943,0.5012797619047619,0.4995
10,0.8119816719009763,0.8137614277430943,0.5012797619047619,0.4995
11,0.8119816776684352,0.8137614277430943,0.5012797619047619,0.4995
12,0.8119816714922587,0.8137614277430943,0.5012797619047619,0.4995
13,0.8119816678592137,0.8137614277430943,0.5012797619047619,0.4995
14,0.8119816692670186,0.8137614277430943,0.5012797619047619,0.4995
15,0.8119816667238872,0.8137614277430943,0.5012797619047619,0.4995
16,0.8119816743986947,0.8137614277430943,0.5012797619047619,0.4995
17,0.8119816740126837,0.8137614277430943,0.5012797619047619,0.4995
18,0.8119816765558152,0.8137614277430943,0.5012797619047619,0.4995
19,0.8119816737174987,0.8137614277430943,0.5012797619047619,0.4995
20,0.8119816678592137,0.8137614277430943,0.5012797619047619,0.4995
21,0.8119816751480102,0.8137614277430943,0.5012797619047619,0.4995
22,0.8119816696757362,0.8137614277430943,0.5012797619047619,0.4995
23,0.8119816740580967,0.8137614277430943,0.5012797619047619,0.4995
24,0.8119816660426912,0.8137614277430943,0.5012797619047619,0.4995
25,0.8119816715149653,0.8137614277430943,0.5012797619047619,0.4995
26,0.8119816667920067,0.8137614277430943,0.5012797619047619,0.4995
27,0.8119816714922587,0.8137614277430943,0.5012797619047619,0.4995
28,0.8119816693124317,0.8137614277430943,0.5012797619047619,0.4995
29,0.8119816653387887,0.8137614277430943,0.5012797619047619,0.4995
30,0.8119816689491272,0.8137614277430943,0.5012797619047619,0.4995
31,0.8119816715149653,0.8137614277430943,0.5012797619047619,0.4995
