,loss/train,loss/valid,acc/train,acc/valid
0,0.5762101600737799,0.5735373769487654,0.7303452380952381,0.73175
1,0.5327586677187965,0.5314290384565081,0.7708690476190476,0.7714285714285715
2,0.5355755609444209,0.5333326187133789,0.7753392857142857,0.7771428571428571
3,0.7382436663990929,0.7390829696655273,0.5750178571428571,0.5741785714285714
4,0.8119816699936276,0.8137614277430943,0.5012797619047619,0.4995
5,0.8119816751025972,0.8137614277430943,0.5012797619047619,0.4995
6,0.8119816722188677,0.8137614277430943,0.5012797619047619,0.4995
7,0.8119816685631162,0.8137614277430943,0.5012797619047619,0.4995
8,0.8119816736720857,0.8137614277430943,0.5012797619047619,0.4995
9,0.8119816704250518,0.8137614277430943,0.5012797619047619,0.4995
10,0.8119816733541942,0.8137614277430943,0.5012797619047619,0.4995
11,0.8119816721961611,0.8137614277430943,0.5012797619047619,0.4995
12,0.8119816729227702,0.8137614277430943,0.5012797619047619,0.4995
13,0.8119816685858227,0.8137614277430943,0.5012797619047619,0.4995
14,0.8119816700844538,0.8137614277430943,0.5012797619047619,0.4995
15,0.8119816679046268,0.8137614277430943,0.5012797619047619,0.4995
16,0.8119816722188677,0.8137614277430943,0.5012797619047619,0.4995
17,0.8119816707656498,0.8137614277430943,0.5012797619047619,0.4995
18,0.8119816696757362,0.8137614277430943,0.5012797619047619,0.4995
19,0.8119816729454767,0.8137614277430943,0.5012797619047619,0.4995
20,0.8119816707429431,0.8137614277430943,0.5012797619047619,0.4995
21,0.8119816653387887,0.8137614277430943,0.5012797619047619,0.4995
