,loss/train,loss/valid,acc/train,acc/valid
0,0.6159026902970813,0.6202548032488142,0.6973452380952381,0.693
1,0.7467377754393077,0.7499045170375279,0.5665178571428572,0.5633571428571429
2,0.6237918627829778,0.6173983753749303,0.6894702380952381,0.6958571428571428
3,0.6432506244296119,0.6411188082013811,0.6700119047619048,0.6721428571428572
4,0.6128689312934875,0.6094402869088309,0.7003928571428572,0.7038214285714286
5,0.6111716478438605,0.6087974363054548,0.7020892857142857,0.7044642857142858
6,0.6044031360489982,0.6005144250052316,0.7088571428571429,0.71275
7,0.664434249037788,0.6637973425728935,0.6488273809523809,0.6494642857142857
8,0.6504889732542493,0.6452974384852818,0.6627738095238095,0.6679642857142857
9,0.6460032372701736,0.6414402367728097,0.6672559523809524,0.6718214285714286
10,0.6926663406689961,0.6960473033360073,0.6205952380952381,0.6172142857142857
11,0.6381545263244992,0.6347973970685686,0.6751071428571429,0.6784642857142857
12,0.6291661470504034,0.6266545442853655,0.6840952380952381,0.6866071428571429
13,0.6628866150719779,0.6618330612182617,0.650375,0.6514285714285715
14,0.6722278917630513,0.6729759074619838,0.6410357142857143,0.6402857142857142
15,0.6287571780341012,0.6269759793962751,0.6845059523809524,0.6862857142857143
16,0.645094993477776,0.6397259619576591,0.6681666666666667,0.6735357142857142
17,0.665964006287711,0.6670116261073521,0.6472976190476191,0.64625
18,0.6259999635333107,0.6236188408987863,0.6872619047619047,0.6896428571428571
19,0.6330235881578354,0.6291545464651925,0.6802380952380952,0.6841071428571428
20,0.6356426292146955,0.6330116806030274,0.6776190476190476,0.68025
21,0.6337558669135684,0.6315474057878767,0.6795059523809523,0.6817142857142857
22,0.6240652711504981,0.6213688583374023,0.6891964285714286,0.6918928571428572
23,0.6361857800256638,0.6348331069946289,0.6770773809523809,0.6784285714285714
24,0.6201486107735407,0.6177259924752372,0.6931130952380953,0.6955357142857143
25,0.6212497964359465,0.6177617045811244,0.6920119047619048,0.6955
26,0.6187974191166106,0.614333146231515,0.6944642857142858,0.6989285714285715
