,loss/train,loss/valid,acc/train,acc/valid
0,0.5773760511988685,0.5739784856523786,0.7326488095238095,0.7361071428571428
1,0.527731361934117,0.5266149913242885,0.7768928571428572,0.7782142857142857
2,0.5348110211803799,0.532474607195173,0.7757857142857143,0.7788214285714286
3,0.6814239286241077,0.6804401735578265,0.6318392857142857,0.6328214285714285
4,0.8145411891483125,0.8127614430018834,0.4987202380952381,0.5005
5,0.8131900030090695,0.8115114473615374,0.5000714285714286,0.50175
6,0.8133388146899996,0.8116185880388532,0.49992261904761903,0.5016428571428572
7,0.7988150254885356,0.7967971779959543,0.5144464285714285,0.5164642857142857
8,0.7730682069914682,0.7709757843017578,0.5401904761904762,0.5422857142857143
9,0.7481067536217826,0.7484401016235351,0.5651547619047619,0.5648214285714286
10,0.8119816747619992,0.8137614277430943,0.5012797619047619,0.4995
11,0.8119816707429431,0.8137614277430943,0.5012797619047619,0.4995
12,0.8119816631816682,0.8137614277430943,0.5012797619047619,0.4995
13,0.8119816733314877,0.8137614277430943,0.5012797619047619,0.4995
14,0.8119816700390406,0.8137614277430943,0.5012797619047619,0.4995
15,0.8119816682452248,0.8137614277430943,0.5012797619047619,0.4995
16,0.8119816704250518,0.8137614277430943,0.5012797619047619,0.4995
17,0.8119816736720857,0.8137614277430943,0.5012797619047619,0.4995
18,0.8119816758746192,0.8137614277430943,0.5012797619047619,0.4995
19,0.8119816733087812,0.8137614277430943,0.5012797619047619,0.4995
20,0.8119816701071603,0.8137614277430943,0.5012797619047619,0.4995
21,0.8119816740353902,0.8137614277430943,0.5012797619047619,0.4995
