,loss/train,loss/valid,acc/train,acc/valid
0,0.6807553468885876,0.6801866749354771,0.5792142857142857,0.5808214285714286
1,0.6792624369802929,0.6785392962864467,0.5790238095238095,0.5826428571428571
2,0.6792079460280283,0.6783339636666434,0.5743154761904762,0.5777857142857142
3,0.6803659131867545,0.679351021357945,0.567029761904762,0.5695
4,0.682352908883776,0.6812082023620606,0.5575476190476191,0.5595714285714286
5,0.6848281559717088,0.6835676503862653,0.5473809523809524,0.5486785714285715
6,0.6878573352722894,0.6864841918945312,0.5371785714285714,0.5389642857142857
7,0.691024965377081,0.6895491649082729,0.529452380952381,0.53
8,0.694508644535428,0.6929454836164202,0.5225119047619048,0.5238214285714285
9,0.6979980826150803,0.6963560861860003,0.5164107142857143,0.5184285714285715
10,0.701245589914776,0.6995360450744629,0.5116369047619047,0.5139285714285714
11,0.7045440284184047,0.7027738440377371,0.5079285714285714,0.5101428571428571
12,0.7077306951341175,0.7059131093706403,0.5052619047619048,0.5071428571428571
13,0.7111879336947486,0.7093304873875209,0.5030714285714286,0.505
14,0.7143935181753976,0.7125042898995536,0.5016130952380953,0.5032857142857143
15,0.7170724673044114,0.7151610091073173,0.500827380952381,0.5025357142857143
16,0.7198500722703479,0.7179198793683733,0.5001011904761905,0.502
17,0.7225417069934663,0.7205921718052455,0.49954166666666666,0.5012142857142857
18,0.7252011352039519,0.7232366169520786,0.49918452380952383,0.5011071428571429
19,0.7275834758168175,0.7256071869986398,0.49898809523809523,0.5008571428571429
20,0.7298024678911481,0.7278125495910645,0.4988869047619048,0.5007142857142857
21,0.7320684376898267,0.7300682700020926,0.49882738095238094,0.5006428571428572
22,0.7339768228303818,0.731965384892055,0.49879761904761905,0.5006071428571428
