,loss/train,loss/valid,acc/train,acc/valid
0,0.0007270370572805405,0.0007414438703230449,0.5012797619047619,0.4995
1,0.0007366946534741492,0.0007517900381769452,0.5012797619047619,0.4995
2,0.0007423147658507029,0.00075727279484272,0.5012797619047619,0.4995
3,0.0007493249479503858,0.000764455395085471,0.5012797619047619,0.4995
4,0.0007555549549204963,0.0007704999255282539,0.5012797619047619,0.4995
5,0.0007582422562298321,0.0007736083609717233,0.5012797619047619,0.4995
6,0.0007628065929526375,0.0007789659691708428,0.5012797619047619,0.4995
7,0.0007632308091436113,0.0007793804300682886,0.5012797619047619,0.4995
8,0.0007649778507295109,0.0007803223984582083,0.5012797619047619,0.4995
9,0.0007672102039768582,0.0007827753105333873,0.5012797619047619,0.4995
10,0.0007675529775165377,0.0007834319876773017,0.5012797619047619,0.4995
11,0.0007697009710328919,0.0007855004114764077,0.5012797619047619,0.4995
12,0.0007697127117287545,0.0007856720473085131,0.5012797619047619,0.4995
13,0.0007706002365975153,0.0007860270696026938,0.5012797619047619,0.4995
14,0.0007699728867127781,0.0007856238292796271,0.5012797619047619,0.4995
15,0.0007714383580854961,0.000787216739995139,0.5012797619047619,0.4995
