,loss/train,loss/valid,acc/train,acc/valid
0,0.0006801040417381695,0.0006924724536282675,0.5204583333333334,0.5203214285714286
1,0.0006840652330290703,0.0006966594670500074,0.5044226190476191,0.5038214285714285
2,0.0006904307561261313,0.0007031681793076652,0.5013571428571428,0.4998214285714286
3,0.0006956764005479359,0.0007088944741657802,0.5012797619047619,0.4995
4,0.0007000727664147105,0.0007134544593947274,0.5012797619047619,0.4995
5,0.0007003913220195543,0.0007140248779739652,0.5012797619047619,0.4995
6,0.0007007283199401129,0.0007141732254198619,0.5012797619047619,0.4995
7,0.0007019756705988022,0.0007155912241765431,0.5012797619047619,0.4995
8,0.0007017837163238299,0.0007155195112739291,0.5012797619047619,0.4995
9,0.0007020828532321113,0.0007155306722436632,0.5012797619047619,0.4995
10,0.0007021609959857805,0.0007156237981149129,0.5012797619047619,0.4995
11,0.00070201466409933,0.0007155757333551135,0.5012797619047619,0.4995
12,0.0007020392921708879,0.0007158817478588649,0.5012797619047619,0.4995
13,0.0007018446010493097,0.0007153288956199374,0.5012797619047619,0.4995
14,0.0007018916734627315,0.0007156361149890082,0.5012797619047619,0.4995
15,0.000703231679541724,0.0007169287971087865,0.5012797619047619,0.4995
