,loss/train,loss/valid,acc/train,acc/valid
0,0.0006767223456076213,0.0006890358818428857,0.5124702380952381,0.5106428571428572
1,0.0006819689064508392,0.0006948482947690146,0.5012797619047619,0.4995
2,0.0006972557352412314,0.0007107643165758677,0.5012797619047619,0.4995
3,0.0007129629516885394,0.0007265533315283911,0.5012797619047619,0.4995
4,0.0007197484618851116,0.0007339678577014378,0.5012797619047619,0.4995
5,0.0007264134731321108,0.0007403183983904975,0.5012797619047619,0.4995
6,0.0007289811262772197,0.0007435285747051239,0.5012797619047619,0.4995
7,0.0007304808561291014,0.0007449886564697538,0.5012797619047619,0.4995
8,0.0007300122798908325,0.0007441717258521489,0.5012797619047619,0.4995
9,0.0007329411776292892,0.000747770145535469,0.5012797619047619,0.4995
10,0.0007353851848414966,0.0007495715192386083,0.5012797619047619,0.4995
11,0.0007387013797249113,0.000753319406083652,0.5012797619047619,0.4995
12,0.0007382238624351365,0.0007529103181191853,0.5012797619047619,0.4995
13,0.0007402997439106305,0.0007550206077950342,0.5012797619047619,0.4995
14,0.0007387511091572898,0.0007535146049090794,0.5012797619047619,0.4995
15,0.0007409491656082017,0.0007553473647151674,0.5012797619047619,0.4995
