,loss/train,loss/valid,acc/train,acc/valid
0,0.0006935085888419832,0.0007051327803305217,0.4987202380952381,0.5005
1,0.0006885086972089041,0.000700049985732351,0.4987202380952381,0.5005
2,0.0006835774857373465,0.0006949694284370967,0.4987261904761905,0.5005
3,0.0006784305033229646,0.0006895685408796583,0.49898809523809523,0.5007857142857143
4,0.0006745054590560141,0.000685728281736374,0.5030714285714286,0.5045357142857143
5,0.0006705449273188909,0.0006816486077649253,0.5334821428571429,0.5367857142857143
6,0.0006677489578723908,0.0006788618692329952,0.5799702380952381,0.5837142857142857
7,0.0006660865839748155,0.0006772249532597406,0.6130178571428572,0.6200357142857142
8,0.0006648150622135117,0.0006758735307625361,0.6323630952380952,0.6396785714285714
9,0.0006633890345692635,0.0006744674848658698,0.6431666666666667,0.6473214285714286
10,0.0006627242004587537,0.0006739280607019152,0.6296845238095238,0.6361785714285715
11,0.0006622623382579713,0.0006734647474118641,0.6243154761904762,0.63025
12,0.000662237799238591,0.000673340727175985,0.602547619047619,0.6055714285714285
13,0.0006626146747952416,0.0006738520158188684,0.5812916666666667,0.5845357142857143
14,0.0006632734334894589,0.0006746632648365838,0.5621904761904762,0.5638214285714286
15,0.00066377064372812,0.0006751638501882553,0.5427619047619048,0.5441428571428572
16,0.0006636510040788423,0.0006748948288815362,0.5448214285714286,0.5463214285714286
17,0.0006663740717229389,0.0006778665823595864,0.5207380952380952,0.5213928571428571
18,0.0006669367434723037,0.0006785191084657397,0.515702380952381,0.5154642857142857
19,0.0006682431304029056,0.0006797178834676743,0.5110892857142857,0.5112142857142857
20,0.0006685481114046914,0.000679991140961647,0.5104404761904762,0.5105
21,0.0006700710852940877,0.000681769779750279,0.5072261904761904,0.5069285714285714
22,0.0006697966963762329,0.00068156170632158,0.5073809523809524,0.5071071428571429
23,0.0006725130152134668,0.0006839863210916519,0.5045238095238095,0.5038928571428571
24,0.0006716779931670143,0.0006835341794150216,0.5053095238095238,0.5047857142857143
25,0.0006758275202342442,0.0006881825902632305,0.5022321428571429,0.5008214285714285
26,0.0006772835847167741,0.000688995965889522,0.5021488095238095,0.5008214285714285
27,0.0006768596718708675,0.0006887656279972621,0.5024464285714285,0.50125
