,loss/train,loss/valid,acc/train,acc/valid
0,0.0005943046935967037,0.0006033398785761424,0.6865059523809524,0.6844642857142857
1,0.0005802732344184603,0.0005865223322595868,0.712125,0.7173571428571428
2,0.0005760151385551407,0.0005833027128662382,0.7203095238095238,0.7253571428571428
3,0.0006054997383838608,0.0006117538469178336,0.6955833333333333,0.7002142857142857
4,0.000629859670996666,0.0006409952683108193,0.6698273809523809,0.6705357142857142
5,0.0009922465852328709,0.0010141010582447052,0.3006607142857143,0.29692857142857143
6,0.00079946551968654,0.0008125734180212021,0.4987202380952381,0.5005
7,0.000800163056524027,0.0008125734180212021,0.4987202380952381,0.5005
8,0.0008004246371842566,0.0008125734180212021,0.4987202380952381,0.5005
9,0.000800075864862828,0.0008125734180212021,0.4987202380952381,0.5005
10,0.0008004246350555193,0.0008125734180212021,0.4987202380952381,0.5005
11,0.0008006862192636445,0.0008125734180212021,0.4987202380952381,0.5005
12,0.000800337447651795,0.0008125734180212021,0.4987202380952381,0.5005
13,0.000800163063619818,0.0008125734180212021,0.4987202380952381,0.5005
14,0.000800337447651795,0.0008125734180212021,0.4987202380952381,0.5005
15,0.0007997270911222412,0.0008125734180212021,0.4987202380952381,0.5005
16,0.0008003374430395308,0.0008125734180212021,0.4987202380952381,0.5005
17,0.0008002502457016991,0.0008125734180212021,0.4987202380952381,0.5005
