,loss/train,loss/valid,acc/train,acc/valid
0,0.0006835025318321727,0.0006967806198767253,0.5071666666666667,0.5052142857142857
1,0.0006844174911578496,0.0006977871400969369,0.5050654761904761,0.50325
2,0.0006864373346879369,0.000699732997587749,0.5029047619047619,0.5011428571428571
3,0.0006889356250564258,0.0007021418895040239,0.5020476190476191,0.5003571428571428
4,0.0006903982943012601,0.000703927327479635,0.5016071428571428,0.4997857142857143
5,0.0006915217542222568,0.0007050425176109587,0.5014940476190476,0.49964285714285717
6,0.0006937986512978872,0.0007073388631854739,0.5013273809523809,0.4995357142857143
7,0.0006968600913172677,0.0007104024397475379,0.5013095238095238,0.4995
8,0.0006990783494852838,0.0007128115807260786,0.501297619047619,0.4995
9,0.0007010659004251163,0.0007144775369337627,0.501297619047619,0.4995
10,0.0007058846656055678,0.0007200295052358082,0.5012797619047619,0.4995
11,0.0007044449090248062,0.0007184800016028541,0.5012797619047619,0.4995
12,0.0007072820095788865,0.0007211387817348753,0.5012797619047619,0.4995
13,0.0007079453659909112,0.0007221580360616956,0.5012797619047619,0.4995
14,0.0007110116038294065,0.000725172587803432,0.5012797619047619,0.4995
15,0.0007115459800476119,0.0007256295723574502,0.5012797619047619,0.4995
