,loss/train,loss/valid,acc/train,acc/valid
0,0.0006798077764965239,0.0006921619538749967,0.51875,0.518
1,0.0006822519586199806,0.0006950890464442117,0.5059107142857143,0.5051428571428571
2,0.000682848616370133,0.000695378920861653,0.5048154761904762,0.5034285714285714
3,0.0006866405556599299,0.0006995554821831839,0.5019047619047619,0.5001785714285715
4,0.0006883307251901854,0.0007015471458435058,0.5016428571428572,0.49975
5,0.0006897572864379202,0.000702703548329217,0.5014761904761905,0.4996785714285714
6,0.0006914236222704251,0.0007046590191977364,0.5013452380952381,0.4995357142857143
7,0.0006953239831186477,0.000708469712308475,0.5013035714285714,0.4995
8,0.0006950257750494139,0.000707956150174141,0.5013035714285714,0.4995
9,0.0006978991464489982,0.0007110068883214678,0.5012857142857143,0.4995
10,0.0006983041117588679,0.0007117739426238197,0.5012797619047619,0.4995
11,0.0007023856781777882,0.0007160891869238445,0.5012797619047619,0.4995
12,0.0007033176695307096,0.0007168504276445933,0.5012797619047619,0.4995
13,0.0007052137943960371,0.0007186941014868872,0.5012797619047619,0.4995
14,0.0007077134251594543,0.0007212935749973569,0.5012797619047619,0.4995
15,0.0007104182388810884,0.0007242918567998068,0.5012797619047619,0.4995
