,loss/train,loss/valid,acc/train,acc/valid
0,0.0006899763065434637,0.0007027442838464464,0.5021666666666667,0.5005357142857143
1,0.0006889806027923312,0.0007019027663128717,0.502529761904762,0.50075
2,0.000690974996913047,0.0007040405486311231,0.5018869047619048,0.5002857142857143
3,0.0006904156800536883,0.0007034343821661813,0.5018511904761904,0.5003214285714286
4,0.0006916190825757526,0.0007046047044651849,0.5016071428571428,0.5002857142857143
5,0.0006904738112574532,0.0007032695157187325,0.5018154761904762,0.5003928571428572
6,0.000691320100355716,0.000704327295933451,0.5015892857142857,0.5000714285714286
7,0.00069240712197054,0.0007054367916924613,0.5015892857142857,0.49989285714285714
8,0.0006923818219275701,0.0007056409567594528,0.5015595238095238,0.5
9,0.0006928807947607267,0.0007059790917805263,0.501547619047619,0.4998214285714286
10,0.0006930982296665509,0.0007063275596925191,0.5014404761904762,0.4997857142857143
11,0.0006917303314521199,0.000705015955226762,0.5015416666666667,0.49985714285714283
12,0.0006916650253392401,0.0007047350300209863,0.501547619047619,0.49989285714285714
13,0.0006941339685803368,0.0007074444081102099,0.5014226190476191,0.49975
14,0.0006949624717235565,0.0007082807357822146,0.5013690476190477,0.4997142857142857
15,0.0006943092622927257,0.0007074466517993382,0.5014404761904762,0.4997142857142857
16,0.0006918855050490016,0.000705169386097363,0.501529761904762,0.4998214285714286
