,loss/train,loss/valid,acc/train,acc/valid
0,0.5367091952505566,0.5308182732718332,0.775,0.7811785714285714
1,0.520711164247422,0.5154158009120396,0.7859583333333333,0.7910714285714285
2,0.6385418017478216,0.6338412377493722,0.674702380952381,0.6794285714285714
3,0.814541193825858,0.8127614430018834,0.4987202380952381,0.5005
4,0.8145411894889105,0.8127614430018834,0.4987202380952381,0.5005
5,0.814541192758651,0.8127614430018834,0.4987202380952381,0.5005
6,0.8145411858558654,0.8127614430018834,0.4987202380952381,0.5005
7,0.8145411920093355,0.8127614430018834,0.4987202380952381,0.5005
8,0.8145411920547485,0.8127614430018834,0.4987202380952381,0.5005
9,0.8145411895343235,0.8127614430018834,0.4987202380952381,0.5005
10,0.8145411912827265,0.8127614430018834,0.4987202380952381,0.5005
11,0.814541196391696,0.8127614430018834,0.4987202380952381,0.5005
12,0.8145411978449141,0.8127614430018834,0.4987202380952381,0.5005
13,0.8145411941891625,0.8127614430018834,0.4987202380952381,0.5005
14,0.8145411920547485,0.8127614430018834,0.4987202380952381,0.5005
15,0.814541193144662,0.8127614430018834,0.4987202380952381,0.5005
16,0.8145411931219555,0.8127614430018834,0.4987202380952381,0.5005
17,0.8145411913281395,0.8127614430018834,0.4987202380952381,0.5005
18,0.814541189125606,0.8127614430018834,0.4987202380952381,0.5005
19,0.8145411912600199,0.8127614430018834,0.4987202380952381,0.5005
20,0.8145411964371091,0.8127614430018834,0.4987202380952381,0.5005
21,0.8145411869457789,0.8127614430018834,0.4987202380952381,0.5005
