,loss/train,loss/valid,acc/train,acc/valid
0,0.00043089327239801014,0.0004356223784741901,0.8737103174603175,0.8776904761904762
1,0.0004306886818200823,0.00043551831160272873,0.873734126984127,0.8778095238095238
2,0.00043072756391669074,0.0004355182782525108,0.873734126984127,0.8778095238095238
3,0.00043069010287050217,0.0004355182782525108,0.873734126984127,0.8778095238095238
4,0.0004861668656979288,0.0004935137083133061,0.8171309523809523,0.8181428571428572
5,0.0004312114371430306,0.0004356065172524679,0.8736904761904762,0.8777142857142857
6,0.0004305339751262513,0.0004355880327167965,0.873702380952381,0.8777380952380952
7,0.00043079460908969244,0.00043558802704016366,0.873702380952381,0.8777380952380952
8,0.0004307467901990527,0.00043558977402391886,0.8736746031746032,0.8777380952380952
9,0.0005529065517679093,0.0005602720734618959,0.7489722222222223,0.7518333333333334
10,0.0004308190913427444,0.00043558804194132486,0.8736785714285714,0.8777380952380952
11,0.00043064857841957184,0.00043556533399082367,0.8736587301587302,0.8777619047619047
12,0.0004309526516331567,0.00043560415009657544,0.8736150793650793,0.8777142857142857
13,0.00043089680184447575,0.0004356050760973068,0.8737142857142857,0.8777142857142857
14,0.00043096453400831374,0.000435588321515492,0.8736428571428572,0.8777380952380952
15,0.0004308528632871688,0.0004355880327167965,0.8736825396825397,0.8777380952380952
16,0.00043081411116179967,0.00043549502676441554,0.8737222222222222,0.8778333333333334
17,0.0004308399459908879,0.0004355182782525108,0.873734126984127,0.8778095238095238
18,0.0004309523283016114,0.0004355182782525108,0.873734126984127,0.8778095238095238
19,0.00043076502425330027,0.0004355182782525108,0.873734126984127,0.8778095238095238
20,0.0004307275636801644,0.0004355182782525108,0.873734126984127,0.8778095238095238
