,loss/train,loss/valid,acc/train,acc/valid
0,0.0005822530426676312,0.0005960806466284252,0.7194365079365079,0.7178333333333333
1,0.0005825040043582992,0.0005968601604302724,0.7185833333333334,0.7170952380952381
2,0.0005828681363472863,0.0005968384685970488,0.7185952380952381,0.7171190476190477
3,0.0005827819080579848,0.0005968344055470966,0.7186071428571429,0.7171190476190477
4,0.0005783106197440435,0.0005915817405496325,0.7235833333333334,0.7224761904761905
5,0.0005740737825159042,0.0005885741327490125,0.7273809523809524,0.725547619047619
6,0.0005809047035281621,0.000594686990692502,0.7206706349206349,0.7193095238095238
7,0.0005842536058690813,0.0005981596694106147,0.7172460317460317,0.7157619047619047
8,0.0005824529502599958,0.0005967439044089545,0.7188253968253968,0.7172142857142857
9,0.0005830852131521892,0.0005967454271657126,0.7187936507936508,0.7172142857142857
10,0.0005826035000029065,0.000596783425126757,0.7188650793650794,0.7171666666666666
11,0.000582431687485604,0.0005965128810632796,0.7191944444444445,0.717452380952381
12,0.0005831598540147146,0.0005970008685475304,0.7184484126984128,0.716952380952381
13,0.000582805032294894,0.0005967904073851449,0.7186587301587302,0.7171666666666666
14,0.000582745597476051,0.0005967904073851449,0.7186428571428571,0.7171666666666666
15,0.0005830000693362857,0.0005968136588732401,0.7186507936507937,0.7171428571428572
16,0.0005829290227284507,0.0005967671558970497,0.7186468253968255,0.7171904761904762
17,0.0005826293371972584,0.0005968136588732401,0.7186468253968255,0.7171428571428572
18,0.0005828205138917953,0.0005967671558970497,0.7186428571428571,0.7171904761904762
19,0.0005841101386717388,0.0005984967648983002,0.717281746031746,0.7154285714285714
20,0.000582538434437343,0.0005965574440501985,0.7189682539682539,0.7174047619047619
