,loss/train,loss/valid,acc/train,acc/valid
0,0.0005603730574486748,0.0005700683111236209,0.7275317460317461,0.7261904761904762
1,0.0005717075225852785,0.0005822199072156634,0.7287857142857143,0.7266666666666667
2,0.000650328752067354,0.0006654738727070036,0.650968253968254,0.6455714285714286
3,0.000775010962807943,0.0007838593409174964,0.5255952380952381,0.53
4,0.000600022037823995,0.0006110530069896153,0.704,0.7014761904761905
5,0.000589476141664717,0.000600310933022272,0.7128968253968254,0.7118095238095238
6,0.0005852622101231227,0.0005971891596203759,0.7181507936507937,0.7154285714285714
7,0.0005786986204366836,0.0005886202596482777,0.7253253968253969,0.724047619047619
8,0.000582723072123906,0.0005932964143298921,0.7206349206349206,0.7192380952380952
9,0.0007570805743573204,0.0007740490436553956,0.544404761904762,0.5380952380952381
10,0.0006124314736752283,0.0006256553332010904,0.691468253968254,0.6864761904761905
11,0.0005948669749592977,0.0006053580386298044,0.7083412698412699,0.707952380952381
12,0.0005833457419796595,0.0005914325515429179,0.7219682539682539,0.7214285714285714
13,0.0005860426705034952,0.0005992800564992996,0.7177777777777777,0.7135238095238096
14,0.0005921813337102769,0.0006031257027671451,0.7105714285714285,0.7094285714285714
15,0.000606712452002934,0.0006182953601791745,0.6969761904761905,0.6944285714285714
