,loss/train,loss/valid,acc/train,acc/valid
0,0.0005729425071723878,0.0005839047176497323,0.7311746031746031,0.7298571428571429
1,0.0005518538573431591,0.0005633618604569208,0.7388253968253968,0.7367142857142858
2,0.0005551416249502273,0.0005677480811164493,0.7464920634920635,0.7394761904761905
3,0.0005508978187091767,0.0005615806466057187,0.7314047619047619,0.7293809523809524
4,0.0005592743205645727,0.0005713501146861485,0.7273015873015873,0.7211428571428572
5,0.0005418257978227404,0.0005519667125883557,0.7585952380952381,0.755
6,0.0005330277686081236,0.0005443729105449858,0.7642142857142857,0.7618571428571429
7,0.0005263897204209888,0.0005370490550994873,0.7643492063492063,0.7613333333333333
8,0.0005363630094225444,0.0005470525537218366,0.7702698412698412,0.7651428571428571
9,0.0005343064802979666,0.000545020512172154,0.7655,0.7649047619047619
10,0.0005414742212446909,0.0005520744834627424,0.7655793650793651,0.7628095238095238
11,0.0005502080543646736,0.0005600093489601498,0.7602936507936507,0.7566190476190476
12,0.0005372931290240515,0.000548710530712491,0.7676825396825396,0.765
13,0.0005371092553176577,0.0005484391677947272,0.7565555555555555,0.7520952380952381
14,0.0005262886158057622,0.0005378244121869405,0.7697063492063492,0.7666666666666667
15,0.0005389266633798206,0.0005505543407939729,0.7603809523809524,0.7558571428571429
16,0.000530340225923629,0.0005409683698699588,0.7708095238095238,0.7666190476190476
17,0.0005289436862582252,0.0005395734139851162,0.7653968253968254,0.7631428571428571
18,0.0005332808972351135,0.0005445658905165536,0.7627539682539682,0.758
19,0.0005363260261596196,0.000547426632472447,0.7532380952380953,0.7497142857142857
20,0.0005437257843358177,0.0005570702950159709,0.7689761904761905,0.7628095238095238
21,0.0005418351420334407,0.0005521304323559715,0.762452380952381,0.758095238095238
22,0.0005329445576857007,0.0005442036645753043,0.7663253968253968,0.7608571428571429
