,loss/train,loss/valid,acc/train,acc/valid
0,0.000551495636739428,0.0005610899981998261,0.735,0.7331428571428571
1,0.0005668075538816906,0.0005756942487898327,0.7108650793650794,0.7143809523809523
2,0.0005510976383137324,0.0005593843403316679,0.7347142857142858,0.7396666666666667
3,0.0005459239918088157,0.0005541578389349438,0.7427936507936508,0.7453809523809524
4,0.0005478653652327401,0.0005561852909269787,0.7543968253968254,0.7523809523809524
5,0.0005605018862656184,0.0005695606612023853,0.7379444444444444,0.7375238095238095
6,0.0005503949442553142,0.0005597001853443328,0.747563492063492,0.7481428571428571
7,0.0005525656512805394,0.0005612678016935076,0.7423095238095239,0.7437619047619047
8,0.000535783407707063,0.0005449711822328113,0.7585714285714286,0.7548095238095238
9,0.0005337406988181765,0.0005428369357472374,0.7580476190476191,0.7547619047619047
10,0.0005404008281609369,0.0005488757292429606,0.7548412698412699,0.7547142857142857
11,0.0005425797331900824,0.0005512806205522446,0.7403174603174603,0.7413809523809524
12,0.0005464203409732334,0.0005550887527919951,0.7618888888888888,0.7610476190476191
13,0.0005299474786198328,0.000538960269519261,0.759468253968254,0.7604761904761905
14,0.0005308432654728965,0.0005401460868971689,0.7642380952380953,0.7621428571428571
15,0.0005323412550820245,0.0005416382324127923,0.7659523809523809,0.7611428571428571
16,0.0005327216713201432,0.0005428779749643235,0.764984126984127,0.7619523809523809
17,0.0005353497172158861,0.0005453016559282939,0.761,0.7549523809523809
18,0.0005343749811725011,0.0005441568664142064,0.7630317460317461,0.7574761904761905
19,0.0005352058680284591,0.000544437947727385,0.7631269841269841,0.7592380952380953
20,0.0005386708047654894,0.0005479255119959514,0.7608095238095238,0.7561904761904762
21,0.000530160127178071,0.0005407021613348098,0.764547619047619,0.7574761904761905
22,0.000532956174914799,0.0005422926885741097,0.7655873015873016,0.7597142857142857
23,0.0005305686306858819,0.0005403877894083659,0.767079365079365,0.761
24,0.0005335408960069929,0.000544110357761383,0.7658730158730159,0.7614761904761905
25,0.0005264691615861559,0.0005375441312789917,0.7698492063492064,0.7646666666666667
26,0.0005276815768272158,0.0005379058179401216,0.7708253968253969,0.7669523809523809
27,0.0005325172903045775,0.0005442514022191365,0.7628492063492064,0.7563333333333333
28,0.0005330490895680018,0.0005432932490394229,0.7628730158730159,0.7580476190476191
