,loss/train,loss/valid,acc/train,acc/valid
0,0.00064833327087145,0.0006597460167748587,0.6542539682539682,0.6527619047619048
1,0.0005939677352943118,0.0006021519502003987,0.7098412698412698,0.7106666666666667
2,0.0006606331032419962,0.0006717809012957982,0.6420476190476191,0.6403809523809524
3,0.000623548245146161,0.00063234277566274,0.6797777777777778,0.6806190476190476
4,0.0006750890967391787,0.0006844389211563837,0.6272857142857143,0.6279523809523809
5,0.0005942047224158333,0.0006022905253228688,0.7096111111111111,0.7109047619047619
6,0.0005924833369633508,0.0006026206868035452,0.7106746031746032,0.7104285714285714
7,0.0006503601481044104,0.0006557399375098092,0.6520476190476191,0.6579047619047619
8,0.0006939312181775532,0.0007073928174518403,0.6072936507936508,0.6054285714285714
9,0.0007173556590837146,0.0007340536004021054,0.5834920634920635,0.5791428571428572
10,0.0006396175088390472,0.0006470329080309187,0.6635793650793651,0.6667619047619048
11,0.0006336993598748767,0.00064230782077426,0.6684761904761904,0.6717142857142857
12,0.0005954907536506653,0.0006022946380433582,0.7082698412698413,0.711047619047619
13,0.0006092954050926935,0.0006169453007834298,0.6940952380952381,0.6967619047619048
14,0.0006169861422644722,0.0006241618423234849,0.6865793650793651,0.6895238095238095
15,0.0007157044249867636,0.00072398270879473,0.5853650793650793,0.5897619047619047
16,0.000600509814799778,0.0006105043036597115,0.7026428571428571,0.703047619047619
17,0.000648371554556347,0.0006615756125677199,0.6541269841269841,0.6515238095238095
18,0.0005962620874245962,0.000604139643056052,0.7072936507936508,0.7096190476190476
19,0.0006014574014005207,0.0006087283861069452,0.7021666666666667,0.705047619047619
20,0.0006660193190688178,0.0006737232861064729,0.6370793650793651,0.6401904761904762
21,0.000653916760569527,0.0006620297999609085,0.6489603174603175,0.6516190476190477
22,0.0006029168400499556,0.000610724341301691,0.7001904761904761,0.7022380952380952
23,0.0005962711123246996,0.0006054501278059823,0.7060634920634921,0.7084285714285714
24,0.0006015168693330553,0.0006093778468313671,0.7022619047619048,0.7041428571428572
25,0.0006211987331746116,0.0006270574529965719,0.682484126984127,0.6866190476190476
26,0.0006228610778611803,0.000629385565008436,0.6807460317460318,0.6839047619047619
27,0.0006520291368166606,0.0006633300582567851,0.6517142857142857,0.6496666666666666
