,loss/train,loss/valid,acc/train,acc/valid
0,0.0006077009704377916,0.0006208662958372207,0.6929047619047619,0.6905238095238095
1,0.0006204329653391762,0.0006341850417000906,0.6800912698412699,0.6772380952380952
2,0.0006108918516408829,0.000621966146287464,0.6902063492063492,0.6897857142857143
3,0.0006147701714246992,0.0006247346088999793,0.6861031746031746,0.6855476190476191
4,0.0006359930651055442,0.0006461447179317474,0.6642460317460317,0.6620952380952381
5,0.0006109172224052369,0.0006236693334011805,0.6901150793650793,0.6866428571428571
6,0.0006155764720742665,0.0006280051299503871,0.6850357142857143,0.6821666666666667
7,0.0006574979351153449,0.000670322067680813,0.6423769841269841,0.6418571428571429
8,0.0006634454322712762,0.0006778242304211571,0.6362261904761904,0.6341904761904762
9,0.0006561297095484203,0.0006690307756265005,0.6436269841269842,0.6431666666666667
10,0.00064576389132038,0.0006621702909469604,0.6543412698412698,0.6516666666666666
11,0.0006409515407350328,0.0006567181050777435,0.6592579365079365,0.6572857142857143
12,0.0006299102434090206,0.0006404221554597219,0.6705714285714286,0.6694761904761904
13,0.000654627385593596,0.0006647790968418121,0.6452936507936508,0.6475
14,0.0006276341520604634,0.0006414182100977216,0.6728611111111111,0.6729761904761905
15,0.0006706635204572527,0.0006840489620254153,0.6286547619047619,0.6293095238095238
16,0.0006124631521247682,0.0006237609627700988,0.6884285714285714,0.688047619047619
17,0.0006576097782642123,0.0006726804191157931,0.642170634920635,0.639452380952381
