,loss/train,loss/valid,acc/train,acc/valid
0,0.0005527861948524202,0.0005637681313923427,0.735468253968254,0.7326190476190476
1,0.0005698147960125454,0.0005796628885325931,0.7098333333333333,0.7081904761904761
2,0.0005798400907762467,0.000590907199042184,0.7060793650793651,0.7030952380952381
3,0.0006130003148601169,0.0006222449597858247,0.6854801587301588,0.6844285714285714
4,0.0006129219905724601,0.0006248954832553863,0.6867619047619048,0.6840952380952381
5,0.0006506390722971114,0.0006598451662631261,0.6480555555555556,0.649
6,0.0006160794936475299,0.0006263186023348854,0.6844365079365079,0.6836190476190476
7,0.0006021778822418243,0.0006146960542315528,0.6989325396825397,0.6956666666666667
8,0.0006039870930096459,0.0006184870260102409,0.6968214285714286,0.6918333333333333
9,0.0006063141141619001,0.0006187418756030855,0.6943928571428571,0.6914285714285714
10,0.0006157233750536328,0.0006296487947305044,0.6850238095238095,0.6803809523809524
11,0.0006058943399361202,0.0006172127666927519,0.6951071428571428,0.6946904761904762
12,0.0006090911915377966,0.000620727436883109,0.6917023809523809,0.6896428571428571
13,0.0006142284165299127,0.000625620668842679,0.6866309523809524,0.6846428571428571
14,0.0006082482569747501,0.0006182410206113543,0.6926666666666667,0.6921904761904762
15,0.0006128293403557368,0.0006239557152702695,0.6881071428571428,0.6848095238095238
