,loss/train,loss/valid,acc/train,acc/valid
0,0.0005553202614897773,0.000565744732107435,0.7268095238095238,0.7248809523809524
1,0.0005479993231239773,0.0005592040064789,0.7328492063492064,0.729547619047619
2,0.0006664520516282037,0.0006782064338525136,0.6180912698412698,0.6166666666666667
3,0.0006221433714741752,0.0006331042505445934,0.6772103174603175,0.6744523809523809
4,0.0007111276960562146,0.0007273159921169281,0.5871587301587302,0.5877142857142857
5,0.0006077771409163399,0.0006197921122823443,0.6927619047619048,0.6887619047619048
6,0.0006098305057911646,0.0006179986581915901,0.6907380952380953,0.6907619047619048
7,0.0006338630273701653,0.0006441871424516042,0.6661468253968253,0.667
8,0.0006156031699880721,0.0006262323146774655,0.6851666666666667,0.6839047619047619
9,0.0006260773064125152,0.0006391000946362813,0.6743015873015873,0.6738333333333333
10,0.0006011426181547225,0.0006133740459169661,0.6998134920634921,0.6971666666666667
11,0.0006466260467256819,0.0006574522923855554,0.6533968253968254,0.6505238095238095
12,0.0006734702123536004,0.0006885054480461847,0.6259126984126984,0.6232380952380953
13,0.0006399987988055699,0.0006532524611268725,0.6602896825396826,0.6593095238095238
14,0.0006086225415033007,0.0006208630729289282,0.6923015873015873,0.6894761904761905
15,0.0006355572480057913,0.000645478857415063,0.6647460317460318,0.6628095238095238
16,0.0006041609601132454,0.0006160468203680856,0.6963769841269841,0.6944285714285714
