,loss/train,loss/valid,acc/train,acc/valid
0,0.0006935362822952725,0.000707036486693791,0.5016130952380953,0.5000357142857143
1,0.0006973574878204437,0.0007113820399556841,0.5013809523809524,0.4996785714285714
2,0.0007020022734290078,0.0007156922561781747,0.5013214285714286,0.49957142857142856
3,0.0007069790608116559,0.0007207572438887187,0.5012857142857143,0.4995357142857143
4,0.0007143045805749439,0.0007286576522248132,0.5012797619047619,0.4995
5,0.0007160803196685655,0.0007300617865153721,0.5012797619047619,0.4995
6,0.0007206480009924798,0.0007349005384104593,0.5012797619047619,0.4995
7,0.0007227582140337854,0.0007375673204660416,0.5012797619047619,0.4995
8,0.0007225999690237499,0.0007372658465589796,0.5012797619047619,0.4995
9,0.0007256847183619227,0.0007402619506631579,0.5012797619047619,0.4995
10,0.0007275944110893068,0.0007422273308038712,0.5012797619047619,0.4995
11,0.0007273022436669895,0.0007418698498180934,0.5012797619047619,0.4995
12,0.0007299457465608915,0.0007444562294653484,0.5012797619047619,0.4995
13,0.0007316426879593305,0.0007460439716066633,0.5012797619047619,0.4995
14,0.0007294478696726617,0.0007444446470056261,0.5012797619047619,0.4995
15,0.0007302830935943694,0.0007449798690421241,0.5012797619047619,0.4995
