,loss/train,loss/valid,acc/train,acc/valid
0,0.0006819637605831736,0.0006941934823989868,0.48436904761904764,0.4858928571428571
1,0.0006811695911345028,0.0006936713137796947,0.5030654761904761,0.5013928571428572
2,0.0006828504222489538,0.000695603581411498,0.5012738095238095,0.4995
3,0.0006846131206977935,0.0006975657194852829,0.5012797619047619,0.4995
4,0.0006880707485335213,0.0007009118305785315,0.5012797619047619,0.4995
5,0.0006898663334903263,0.0007029008482183729,0.5012797619047619,0.4995
6,0.0006909168025567418,0.0007039675052676882,0.5012797619047619,0.4995
7,0.0006920037787585032,0.0007055787763425282,0.5012797619047619,0.4995
8,0.000692824749719529,0.0007060107652630124,0.5012797619047619,0.4995
9,0.0006940870866889046,0.0007075402353491102,0.5012797619047619,0.4995
10,0.0006943759602450189,0.0007077216910464423,0.5012797619047619,0.4995
11,0.0006949543268198058,0.0007084751107863018,0.5012797619047619,0.4995
12,0.0006955642430555253,0.0007089901843241283,0.5012797619047619,0.4995
13,0.0006964862403415498,0.0007098710898842131,0.5012797619047619,0.4995
14,0.0006958410959868204,0.0007093029958861215,0.5012797619047619,0.4995
15,0.0006968732352058092,0.0007103386031729835,0.5012797619047619,0.4995
16,0.000696306800203664,0.0007098609272922789,0.5012797619047619,0.4995
