,loss/train,loss/valid,acc/train,acc/valid
0,0.0006992047531973748,0.0007120254955121449,0.5012797619047619,0.4995
1,0.000699356504139446,0.000712636370744024,0.5012797619047619,0.4995
2,0.0007008399938543638,0.0007142763691289084,0.5012857142857143,0.4995
3,0.0007005964333102817,0.0007135255294186729,0.5012797619047619,0.4995
4,0.000699999970694383,0.0007132922134229115,0.5012797619047619,0.4995
5,0.0006996344739482516,0.0007127715647220612,0.5012797619047619,0.4995
6,0.0007002683427362215,0.000713356152176857,0.5012857142857143,0.4995
7,0.0007001688760660944,0.000713146339569773,0.5012797619047619,0.4995
8,0.0006998234472814061,0.0007127871087619236,0.5012797619047619,0.4995
9,0.0007005869792330833,0.0007137367746659687,0.5012857142857143,0.4995
10,0.0007001819135177704,0.0007135523046766009,0.5012797619047619,0.4995
11,0.0006992177257225627,0.0007125225641897747,0.5012797619047619,0.4995
12,0.00069981827799763,0.0007131535708904266,0.5012797619047619,0.4995
13,0.0006994358971714973,0.0007125267961195537,0.5012797619047619,0.4995
14,0.0007005319304409481,0.0007139607263462884,0.5012857142857143,0.4995
15,0.000699851556193261,0.0007130562833377294,0.5012797619047619,0.4995
