,loss/train,loss/valid,acc/train,acc/valid
0,0.000692848703336148,0.0007063785663672856,0.5012797619047619,0.4995
1,0.0006935494946581977,0.0007069895693234035,0.5012797619047619,0.4995
2,0.000694242985475631,0.0007076844360147204,0.5012797619047619,0.4995
3,0.0006938054763845035,0.0007074482802833829,0.5012797619047619,0.4995
4,0.0006949107231838362,0.0007082208288567407,0.5012797619047619,0.4995
5,0.0006936856643075035,0.0007069797302995409,0.5012797619047619,0.4995
6,0.0006942155989153045,0.0007077457479068211,0.5012797619047619,0.4995
7,0.0006944951262502444,0.0007081111882414137,0.5012797619047619,0.4995
8,0.000695755324548199,0.0007090748654944556,0.5012797619047619,0.4995
9,0.0006939523241349629,0.000707307436636516,0.5012797619047619,0.4995
10,0.0006958072323884283,0.0007094153038093022,0.5012797619047619,0.4995
11,0.0006946181527205876,0.0007080203954662595,0.5012797619047619,0.4995
12,0.0006947649518648783,0.0007082121946981975,0.5012797619047619,0.4995
13,0.0006952084043905848,0.0007087272469486509,0.5012797619047619,0.4995
14,0.0006962293475156738,0.0007096047444002969,0.5012797619047619,0.4995
15,0.0006954458480079969,0.0007091871904475348,0.5012797619047619,0.4995
