,loss/train,loss/valid,acc/train,acc/valid
0,0.000722881803555148,0.0007385155068976539,0.576327380952381,0.5746428571428571
1,0.000703243931844121,0.0007167472073010036,0.5967916666666667,0.596
2,0.0007836073881813458,0.0007993967682123184,0.5154464285714285,0.5139285714285714
3,0.0007820308492297218,0.0007987645353589739,0.5165654761904762,0.515
4,0.0007299124009552456,0.0007389276900461742,0.5703154761904762,0.5737142857142857
5,0.0006976508508835521,0.0007113501897880009,0.6020654761904762,0.6019285714285715
6,0.0006964610126756486,0.0007089859460081373,0.6043214285714286,0.6038214285714286
7,0.0006946422368997619,0.0007060301516737256,0.6064107142857142,0.6068928571428571
8,0.0008006285705736705,0.0008128524316208703,0.4986011904761905,0.5002142857142857
9,0.0007866603387963204,0.0007970927996294839,0.5123630952380952,0.5155
10,0.000707514362675803,0.000717042544058391,0.5929464285714285,0.5957142857142858
11,0.0007744852187378066,0.0007888908364943096,0.5242678571428572,0.5240357142857143
12,0.0006879595812587511,0.0006997988607202257,0.6131607142857143,0.6128928571428571
13,0.0007253941155615307,0.0007360121735504695,0.57525,0.57725
14,0.0006969146799473535,0.0007097081754888807,0.6035357142857143,0.6040714285714286
15,0.0007294132613709994,0.0007397928280489785,0.5701428571428572,0.5733214285714285
16,0.0007604571006127767,0.0007758077893938337,0.5383809523809524,0.5377857142857143
17,0.0007182252747671945,0.0007340542886938368,0.5817261904761905,0.5788571428571428
18,0.0007408718012628102,0.0007562997426305498,0.558970238095238,0.5571071428571429
19,0.0006947159007901237,0.0007067490581955228,0.6061071428571428,0.6060357142857142
20,0.0006957893836356345,0.0007088913938828877,0.6041369047619047,0.6035714285714285
21,0.0006941798708978153,0.0007060010135173798,0.6069345238095238,0.60675
22,0.000693254746851467,0.0007057205992085594,0.6070892857142857,0.6070714285714286
23,0.0006961013185126441,0.000709702798298427,0.6039583333333334,0.60275
24,0.000692241452279545,0.0007043908557721547,0.6090833333333333,0.6086071428571429
25,0.0006911400357882182,0.0007043143915278571,0.6099761904761904,0.6086428571428572
26,0.00068992839576233,0.0007026595856462207,0.611202380952381,0.6102857142857143
27,0.00069073921335595,0.0007031443842819759,0.6107619047619047,0.60975
