,loss/train,loss/valid,acc/train,acc/valid
0,0.0006815743290242694,0.0006941936888865062,0.4966607142857143,0.49325
1,0.0006813632065341586,0.0006939017602375575,0.49760714285714286,0.49610714285714286
2,0.0006810729241087324,0.0006936667369944709,0.49976785714285715,0.4962857142857143
3,0.0006809948182531766,0.0006935945280960628,0.5013333333333333,0.4987857142857143
4,0.000680885000597863,0.0006935100491557803,0.5026071428571428,0.49960714285714286
5,0.000680771797540642,0.0006934072503021786,0.5042440476190476,0.5018214285714285
6,0.0006807000186471712,0.0006933209193604334,0.5069642857142858,0.5045
7,0.0006805746438247817,0.0006932256647518703,0.5099821428571428,0.5075
8,0.0006806060473124186,0.0006932436972856521,0.509827380952381,0.5066071428571428
9,0.0006805512993818237,0.0006931865832635334,0.5104702380952381,0.5093214285714286
10,0.0006805384982199896,0.0006932508200407028,0.5121845238095238,0.5084642857142857
11,0.000680430018121288,0.000693051780973162,0.5133690476190477,0.5123214285714286
12,0.0006805532564009939,0.000693283919777189,0.5109940476190477,0.5066785714285714
13,0.0006805133305135227,0.0006932256392070225,0.5111845238095238,0.5063928571428571
14,0.0006807823681405612,0.0006934566582952227,0.5094464285714285,0.5046071428571428
15,0.0006806306104574885,0.0006933718302420208,0.5086309523809524,0.5036071428571428
16,0.0006807233017115366,0.0006934032099587577,0.5072440476190476,0.50275
17,0.0006807531377389318,0.0006934692817074912,0.5067142857142857,0.5028214285714285
18,0.0006807808453838031,0.0006935010871716908,0.5060119047619047,0.5023928571428572
19,0.0006809719133944738,0.0006937383924211774,0.5037083333333333,0.4997857142857143
20,0.0006808567902161962,0.0006936007291078567,0.5040238095238095,0.50025
21,0.0006808059655484699,0.0006935091337987355,0.5044583333333333,0.5003928571428572
22,0.0006809016945106643,0.0006936318193163191,0.5034761904761905,0.49914285714285717
23,0.0006814679648904573,0.0006942332152809416,0.5014940476190476,0.4995357142857143
24,0.0006811260346855436,0.0006938686030251639,0.5023154761904762,0.4998214285714286
25,0.0006810720367800622,0.0006938582445893969,0.5021071428571429,0.49964285714285717
26,0.0006813042408653668,0.0006940795055457524,0.5014464285714286,0.49939285714285714
