,loss/train,loss/valid,acc/train,acc/valid
0,0.0007038624950108074,0.0007182246106011527,0.5019940476190476,0.50025
1,0.0007058010566092672,0.0007201173113925116,0.5018988095238095,0.5003214285714286
2,0.000709225217856112,0.0007232767556394849,0.5016428571428572,0.5001428571428571
3,0.00071273981602419,0.000727144569158554,0.5014404761904762,0.5
4,0.0007144806033798627,0.0007288325812135424,0.5014107142857143,0.49992857142857144
5,0.0007157401783125741,0.0007301268364701952,0.5014166666666666,0.49992857142857144
6,0.0007181107327342034,0.0007322337222950799,0.5013928571428572,0.49989285714285714
7,0.0007158572684441294,0.0007304876084838595,0.5014107142857143,0.49992857142857144
8,0.0007166802546098119,0.000731064851794924,0.5013928571428572,0.49989285714285714
9,0.000717008202558472,0.0007314888089895249,0.501375,0.49989285714285714
10,0.0007157291855130877,0.0007301365349973951,0.5014226190476191,0.49992857142857144
11,0.0007166363557889348,0.0007307578921318055,0.501452380952381,0.4999642857142857
12,0.0007169624776357696,0.0007311458502496992,0.501529761904762,0.5002142857142857
13,0.0007165916374041921,0.0007307757245642798,0.5015595238095238,0.5002857142857143
14,0.000714950853515239,0.0007292661496571132,0.5016666666666667,0.5003571428571428
15,0.0007157329388317608,0.0007302852336849485,0.5016190476190476,0.5003214285714286
