,loss/train,loss/valid,acc/train,acc/valid
0,0.0006311430182485353,0.0006425788296120507,0.6328630952380953,0.6331428571428571
1,0.0006375712223705792,0.0006499377510377339,0.6140416666666667,0.613
2,0.0006476211203705697,0.0006593758038112096,0.5951130952380952,0.5957857142857143
3,0.0006954790396349771,0.0007061215532677515,0.5992142857142857,0.6013571428571428
4,0.000738362861885911,0.0007497086184365409,0.5600535714285715,0.5614285714285714
5,0.0007070096259315809,0.0007233270875045231,0.5929642857142857,0.5894285714285714
6,0.0007157158869363013,0.0007260083556175232,0.5838214285714286,0.5866785714285714
7,0.0006827064103313855,0.0006961793856961387,0.6173333333333333,0.6149285714285714
8,0.0006834697329572268,0.0006927715901817594,0.6164821428571429,0.61875
9,0.0007892932072281838,0.0008062996502433504,0.5085833333333334,0.50675
10,0.000713852060692651,0.0007303976182426725,0.5863392857142857,0.583
11,0.0006856229191734677,0.0006971846116440636,0.6147321428571428,0.6155714285714285
12,0.000849587602629548,0.000869416104895728,0.447625,0.44407142857142856
13,0.0007777861356735229,0.0007915361076593399,0.5218452380952381,0.5217142857142857
14,0.0007165879610748518,0.0007269375941583088,0.5836607142857143,0.5860357142857143
15,0.0007096471264958382,0.0007255253004176276,0.5903809523809523,0.5880357142857143
