,loss/train,loss/valid,acc/train,acc/valid
0,0.0006822571935398238,0.0006949449820177895,0.5016785714285714,0.4997857142857143
1,0.000683656432444141,0.0006964240308318819,0.5013095238095238,0.4994642857142857
2,0.0006913458655277888,0.0007043888292142323,0.5012797619047619,0.4995
3,0.0006971841358712741,0.000710701761501176,0.5012797619047619,0.4995
4,0.0007008386477828026,0.0007146184827600206,0.5012797619047619,0.4995
5,0.0007030650944936844,0.0007168419722999845,0.5012797619047619,0.4995
6,0.0007025641344842457,0.000716701552271843,0.5012797619047619,0.4995
7,0.0007030793446160498,0.000716908369745527,0.5012797619047619,0.4995
8,0.0007041479455573218,0.0007181127135242734,0.5012797619047619,0.4995
9,0.0007028222304014932,0.0007164354686226164,0.5012797619047619,0.4995
10,0.0007040398046374321,0.000718093148299626,0.5012797619047619,0.4995
11,0.0007035451765571322,0.0007171576661723001,0.5012797619047619,0.4995
12,0.0007032393547041076,0.0007170902192592621,0.5012797619047619,0.4995
13,0.0007027306631207466,0.000716415394629751,0.5012797619047619,0.4995
14,0.0007018167142357145,0.0007153418575014387,0.5012797619047619,0.4995
15,0.0007027145031662215,0.0007166067745004381,0.5012797619047619,0.4995
