,loss/train,loss/valid,acc/train,acc/valid
0,0.0007423026451752299,0.0007566256501844951,0.5579166666666666,0.5565714285714286
1,0.0007358574487623715,0.0007454649869884763,0.5641488095238095,0.5674642857142858
2,0.0007911883844506172,0.0008015948448862349,0.5079940476190477,0.5112142857142857
3,0.0006954245563773882,0.0007067585587501526,0.6045297619047619,0.60575
4,0.0007996398934296199,0.0008125734180212021,0.4987202380952381,0.5005
5,0.0008002502510235423,0.0008125734180212021,0.4987202380952381,0.5005
6,0.0007999014787021138,0.0008125734180212021,0.4987202380952381,0.5005
7,0.0008007734112796329,0.0008125734180212021,0.4987202380952381,0.5005
8,0.0007998142852669671,0.0008125734180212021,0.4987202380952381,0.5005
9,0.0007996398962679364,0.0008125734180212021,0.4987202380952381,0.5005
10,0.0008003374380724771,0.0008125734180212021,0.4987202380952381,0.5005
11,0.0008000758613149325,0.0008125734180212021,0.4987202380952381,0.5005
12,0.0007999014836691674,0.0008125734180212021,0.4987202380952381,0.5005
13,0.0008002502496043841,0.0008125734180212021,0.4987202380952381,0.5005
14,0.0008006862150061698,0.0008125734180212021,0.4987202380952381,0.5005
15,0.0007999828606843948,0.0008125734180212021,0.4987261904761905,0.5005
16,0.0007999014790569033,0.0008125734180212021,0.4987202380952381,0.5005
17,0.0007999886675249963,0.0008125734180212021,0.4987202380952381,0.5005
18,0.0007999886671702067,0.0008125734180212021,0.4987202380952381,0.5005
