,loss/train,loss/valid,acc/train,acc/valid
0,0.0007135796046682766,0.0007256766664130348,0.4987261904761905,0.5005357142857143
1,0.0007075249903968402,0.0007192346219505582,0.49873214285714285,0.5005357142857143
2,0.0007000010379013561,0.0007115228516714914,0.4987559523809524,0.5005357142857143
3,0.0006894384959623927,0.0007012284376791546,0.4995178571428571,0.5018214285714285
4,0.0006843852049538068,0.0006962791383266449,0.502,0.5044285714285714
5,0.0006817462724589166,0.0006936397701501846,0.5080595238095238,0.5091428571428571
6,0.0006794651179086595,0.0006913691035338811,0.5180535714285714,0.5190714285714285
7,0.0006778389524136271,0.000689878489289965,0.5282261904761905,0.5287142857142857
8,0.0006788114405104093,0.000690816017133849,0.5220952380952381,0.5223571428571429
9,0.0006766316802019165,0.0006886582310710634,0.539375,0.54225
10,0.0006762248678576379,0.0006882867195776531,0.5419761904761905,0.5446071428571428
11,0.0006750880862985339,0.0006873248325926917,0.5499166666666667,0.5481428571428572
12,0.0006749892355430694,0.0006872860640287399,0.5475595238095238,0.5489285714285714
13,0.0006751601795355478,0.0006875422171183995,0.5384821428571429,0.5400357142857143
14,0.0006751161618601708,0.0006875489119972501,0.538125,0.5396428571428571
15,0.0006761885657906532,0.0006887135697262628,0.5276726190476191,0.5265714285714286
16,0.0006759151823463894,0.0006884370616504124,0.529172619047619,0.5278571428571428
17,0.0006756457881558509,0.0006882741429976055,0.5295892857142858,0.5283928571428571
18,0.0006767290188443093,0.0006893304650272641,0.5223869047619047,0.52075
19,0.000677440121060326,0.0006902192107268743,0.5167380952380952,0.5147857142857143
20,0.0006782405993768147,0.000690952588404928,0.5135535714285714,0.5114642857142857
21,0.0006786262502982503,0.0006913972901446478,0.5119285714285714,0.5087857142857143
22,0.0006781951856045496,0.0006909803513969694,0.5131309523809524,0.5106071428571428
23,0.0006807489494482676,0.0006936542881386621,0.5059285714285714,0.5040714285714286
24,0.0006798475700474921,0.0006928466366870063,0.5079107142857143,0.5053214285714286
25,0.0006796327446188245,0.0006922800030027117,0.5086428571428572,0.5060357142857143
26,0.0006811252914014317,0.0006940578988620213,0.5054583333333333,0.5036428571428572
