,loss/train,loss/valid,acc/train,acc/valid
0,0.7030214712506249,0.7023732190813337,0.5944107142857142,0.59475
1,0.6050864004861741,0.6059363316127232,0.6944761904761905,0.6945714285714286
2,0.6501632538977123,0.6482731922694615,0.6577559523809524,0.65925
3,0.636675510315668,0.6344655162266323,0.6724464285714286,0.675
4,0.65714060431435,0.6595913848876953,0.6552797619047619,0.6529642857142857
5,0.6358976658639454,0.6359667985098703,0.6721607142857143,0.6728214285714286
6,0.6150906977199373,0.6130946148463657,0.6847559523809523,0.6860357142857143
7,0.608176090898968,0.6065315747942244,0.6925357142857143,0.6950714285714286
8,0.5934087622279213,0.5934145932878767,0.7061071428571428,0.7065
9,0.5935153909183684,0.5922328780038016,0.7065595238095238,0.7075357142857143
10,0.5919358969415938,0.5922386872427804,0.715952380952381,0.7158928571428571
11,0.6620815084775289,0.6600028321402414,0.6443333333333333,0.6468571428571429
12,0.7508026423000154,0.7490419300624303,0.5624523809523809,0.5642142857142857
13,0.8119816736493792,0.8137614277430943,0.5012797619047619,0.4995
14,0.8119816707656498,0.8137614277430943,0.5012797619047619,0.4995
15,0.8119816714922587,0.8137614277430943,0.5012797619047619,0.4995
16,0.8119816707429431,0.8137614277430943,0.5012797619047619,0.4995
17,0.8119816682225182,0.8137614277430943,0.5012797619047619,0.4995
18,0.8119816729908897,0.8137614277430943,0.5012797619047619,0.4995
19,0.8119816736720857,0.8137614277430943,0.5012797619047619,0.4995
20,0.8119816663832892,0.8137614277430943,0.5012797619047619,0.4995
21,0.8119816700617473,0.8137614277430943,0.5012797619047619,0.4995
22,0.8119816707883563,0.8137614277430943,0.5012797619047619,0.4995
23,0.8119816769645327,0.8137614277430943,0.5012797619047619,0.4995
24,0.8119816700390406,0.8137614277430943,0.5012797619047619,0.4995
25,0.8119816660426912,0.8137614277430943,0.5012797619047619,0.4995
26,0.8119816744214012,0.8137614277430943,0.5012797619047619,0.4995
27,0.8119816674959092,0.8137614277430943,0.5012797619047619,0.4995
28,0.8119816674732027,0.8137614277430943,0.5012797619047619,0.4995
29,0.8119816696757362,0.8137614277430943,0.5012797619047619,0.4995
