,loss/train,loss/valid,acc/train,acc/valid
0,0.8119816758519127,0.8137614277430943,0.5012797619047619,0.4995
1,0.8119816696303231,0.8137614277430943,0.5012797619047619,0.4995
2,0.8119816700390406,0.8137614277430943,0.5012797619047619,0.4995
3,0.8119816674732027,0.8137614277430943,0.5012797619047619,0.4995
4,0.8119816667693002,0.8137614277430943,0.5012797619047619,0.4995
5,0.8119816685858227,0.8137614277430943,0.5012797619047619,0.4995
6,0.8119816714922587,0.8137614277430943,0.5012797619047619,0.4995
7,0.8119816704023453,0.8137614277430943,0.5012797619047619,0.4995
8,0.8119816794849577,0.8137614277430943,0.5012797619047619,0.4995
9,0.8119816722642808,0.8137614277430943,0.5012797619047619,0.4995
10,0.8119816675186157,0.8137614277430943,0.5012797619047619,0.4995
11,0.8119816689491272,0.8137614277430943,0.5012797619047619,0.4995
12,0.8119816733314877,0.8137614277430943,0.5012797619047619,0.4995
13,0.8119816715149653,0.8137614277430943,0.5012797619047619,0.4995
14,0.8119816674504962,0.8137614277430943,0.5012797619047619,0.4995
15,0.8119816743986947,0.8137614277430943,0.5012797619047619,0.4995
16,0.8119816704023453,0.8137614277430943,0.5012797619047619,0.4995
17,0.8119816765785217,0.8137614277430943,0.5012797619047619,0.4995
18,0.8119816646121797,0.8137614277430943,0.5012797619047619,0.4995
19,0.8119816732860747,0.8137614277430943,0.5012797619047619,0.4995
20,0.8119816711516608,0.8137614277430943,0.5012797619047619,0.4995
21,0.8119816711289543,0.8137614277430943,0.5012797619047619,0.4995
22,0.8119816656566802,0.8137614277430943,0.5012797619047619,0.4995
23,0.8119816736720857,0.8137614277430943,0.5012797619047619,0.4995
24,0.8119816729454767,0.8137614277430943,0.5012797619047619,0.4995
25,0.8119816704477583,0.8137614277430943,0.5012797619047619,0.4995
26,0.8119816664059957,0.8137614277430943,0.5012797619047619,0.4995
27,0.8119816714922587,0.8137614277430943,0.5012797619047619,0.4995
28,0.8119816707656498,0.8137614277430943,0.5012797619047619,0.4995
