,loss/train,loss/valid,acc/train,acc/valid
0,0.6568844173068092,0.6574183349609375,0.6328333333333334,0.6318928571428571
1,0.6078049459230332,0.608863941192627,0.6990357142857143,0.6978214285714286
2,0.639929005418505,0.6399492601667132,0.667077380952381,0.6670714285714285
3,0.8119816726048787,0.8137614277430943,0.5012797619047619,0.4995
4,0.8119816736720857,0.8137614277430943,0.5012797619047619,0.4995
5,0.8119816693578448,0.8137614277430943,0.5012797619047619,0.4995
6,0.8119816689491272,0.8137614277430943,0.5012797619047619,0.4995
7,0.8119816729908897,0.8137614277430943,0.5012797619047619,0.4995
8,0.8119816715376718,0.8137614277430943,0.5012797619047619,0.4995
9,0.8119816740580967,0.8137614277430943,0.5012797619047619,0.4995
10,0.8119816707883563,0.8137614277430943,0.5012797619047619,0.4995
11,0.8119816754886082,0.8137614277430943,0.5012797619047619,0.4995
12,0.8119816718782698,0.8137614277430943,0.5012797619047619,0.4995
13,0.8119816751253037,0.8137614277430943,0.5012797619047619,0.4995
14,0.8119816703796386,0.8137614277430943,0.5012797619047619,0.4995
15,0.8119816740353902,0.8137614277430943,0.5012797619047619,0.4995
16,0.8119816678819203,0.8137614277430943,0.5012797619047619,0.4995
17,0.8119816740353902,0.8137614277430943,0.5012797619047619,0.4995
18,0.8119816729681832,0.8137614277430943,0.5012797619047619,0.4995
19,0.8119816689264207,0.8137614277430943,0.5012797619047619,0.4995
20,0.8119816700163341,0.8137614277430943,0.5012797619047619,0.4995
21,0.8119816715149653,0.8137614277430943,0.5012797619047619,0.4995
