,loss/train,loss/valid,acc/train,acc/valid
0,0.000800610662925811,0.0008127446344920567,0.4987083333333333,0.5003928571428572
1,0.0008000700615701221,0.0008125734180212021,0.4987261904761905,0.5005
2,0.000799215565479937,0.0008125734180212021,0.4987083333333333,0.5005
3,0.0008001688718795776,0.0008125734180212021,0.4987142857142857,0.5005
4,0.0007998200995581491,0.0008125734180212021,0.4987142857142857,0.5005
5,0.000800773408086527,0.0008125734180212021,0.4987202380952381,0.5005
6,0.0008005118377151944,0.0008125734180212021,0.4987202380952381,0.5005
7,0.0007996399019445692,0.0008125734180212021,0.4987202380952381,0.5005
8,0.0008003432566211338,0.0008125734180212021,0.4987142857142857,0.5005
9,0.0007999131072844778,0.0008125734180212021,0.4987083333333333,0.5005
10,0.000799494577660447,0.0008125734180212021,0.4986904761904762,0.5005
11,0.0007999886714276813,0.0008125734180212021,0.4987202380952381,0.5005
12,0.0007999886696537336,0.0008125734180212021,0.4987202380952381,0.5005
13,0.0008004246368294671,0.0008125734180212021,0.4987202380952381,0.5005
14,0.0007999014829595883,0.0008125734180212021,0.4987202380952381,0.5005
15,0.0008000758673463549,0.0008125734180212021,0.4987202380952381,0.5005
16,0.0007999014822500092,0.0008125734180212021,0.4987202380952381,0.5005
17,0.0007999886739112082,0.0008125734180212021,0.4987202380952381,0.5005
18,0.0008001630614910807,0.0008125734180212021,0.4987202380952381,0.5005
19,0.000799901480830851,0.0008125734180212021,0.4987202380952381,0.5005
20,0.0007998142888148626,0.0008125734180212021,0.4987202380952381,0.5005
