,loss/train,loss/valid,acc/train,acc/valid
0,0.0006606380183781897,0.0006746499793870109,0.6402083333333334,0.6378928571428572
1,0.0006458250610601334,0.0006530227277960096,0.6552023809523809,0.6595714285714286
2,0.0007004938835189456,0.0007141722781317574,0.599922619047619,0.5992142857142857
3,0.0007341728096916562,0.0007483171756778444,0.5656011904761905,0.5650357142857143
4,0.0006364191291587693,0.0006446533203125,0.664375,0.66875
5,0.0006232170700317337,0.0006326964114393507,0.6784404761904762,0.6801785714285714
6,0.0006360070872164908,0.000649349644780159,0.6651904761904762,0.6645
7,0.0007021432735380672,0.0007117385417222976,0.5982440476190476,0.6019285714285715
8,0.0006931470359365146,0.0007064317911863327,0.606922619047619,0.6068214285714286
9,0.0007330673617266473,0.0007485033720731736,0.5669226190476191,0.56475
10,0.0006605498318870862,0.0006724505020039422,0.6406547619047619,0.6410357142857143
11,0.0006437294465445337,0.0006528334404741014,0.6582678571428572,0.66
12,0.0006323935655610902,0.0006443742109196527,0.6693511904761905,0.6689285714285714
13,0.0006524061475481306,0.0006609268869672502,0.6492083333333334,0.6521428571428571
14,0.0006292528134016764,0.0006383925804070064,0.6729166666666667,0.6748928571428572
15,0.0006280660086444446,0.0006394992172718048,0.6740238095238095,0.6734285714285714
16,0.0006967860435446103,0.0007038641252687999,0.6038511904761905,0.6085357142857143
17,0.0006385582135546775,0.0006458596608468465,0.6627678571428571,0.6666428571428571
18,0.0006478798162369501,0.0006538939561162677,0.6530238095238096,0.6591428571428571
19,0.000643015141643229,0.0006500873097351619,0.6586369047619047,0.6629285714285714
20,0.0006730632508794467,0.0006783250506435122,0.6277797619047619,0.6338928571428571
