,loss/train,loss/valid,acc/train,acc/valid
0,0.00047049084288023767,0.00047624908813408444,0.8320297619047619,0.8331785714285714
1,0.0004871025507648786,0.0004941287572894778,0.8228988095238096,0.8252857142857143
2,0.0005556685938721611,0.0005617888335670743,0.7426369047619048,0.7463928571428572
3,0.0005184509037506013,0.0005335448661020824,0.7838690476190476,0.7788571428571428
4,0.0007779700649636133,0.0007933545985392161,0.5213571428571429,0.5197142857142857
5,0.0005908263510181791,0.0006021647027560643,0.7079940476190476,0.7079285714285715
6,0.000799465516493434,0.0008125734180212021,0.4987202380952381,0.5005
7,0.0008002502439277512,0.0008125734180212021,0.4987202380952381,0.5005
8,0.0007994655118811698,0.0008125734180212021,0.4987202380952381,0.5005
9,0.0007997270950249264,0.0008125734180212021,0.4987202380952381,0.5005
10,0.0007999886700085231,0.0008125734180212021,0.4987202380952381,0.5005
11,0.0007999014783473242,0.0008125734180212021,0.4987202380952381,0.5005
12,0.0007998142905888103,0.0008125734180212021,0.4987202380952381,0.5005
13,0.0007997270943153472,0.0008125734180212021,0.4987202380952381,0.5005
14,0.000799988675685156,0.0008125734180212021,0.4987202380952381,0.5005
15,0.000800075864862828,0.0008125734180212021,0.4987202380952381,0.5005
