,loss/train,loss/valid,acc/train,acc/valid
0,0.0006900499402767136,0.000701981110232217,0.501470238095238,0.5033214285714286
1,0.0006910353249737195,0.0007029221824237278,0.501470238095238,0.5026785714285714
2,0.0006906683054708299,0.0007025586153779711,0.5009107142857143,0.5027142857142857
3,0.0006905468106269836,0.000702370999114854,0.501529761904762,0.5031071428571429
4,0.0006911774870185625,0.0007028572601931436,0.5012261904761904,0.5031785714285715
5,0.0006913776727659361,0.0007032622184072222,0.5009821428571428,0.5029642857142858
6,0.0006910536491445133,0.0007028122757162367,0.5014761904761905,0.5032142857142857
7,0.0006915425250218028,0.0007032374888658523,0.5015357142857143,0.5032857142857143
8,0.000691660018549079,0.0007033080863101141,0.5010892857142857,0.5028928571428571
9,0.000690653264877342,0.0007023534434182304,0.5020357142857143,0.5033571428571428
10,0.0006915176989776748,0.0007033818406718118,0.5009107142857143,0.50275
11,0.0006928152250392097,0.0007044986890895026,0.5000952380952381,0.5012142857142857
12,0.0006921653541780654,0.0007040949996028628,0.5002083333333334,0.5016785714285714
13,0.0006916201405581973,0.0007033657665763582,0.501,0.5026071428571428
14,0.0006920808060538201,0.000703785662140165,0.5006726190476191,0.5023571428571428
15,0.0006917197069241887,0.000703498872263091,0.5004404761904762,0.5018214285714285
