,loss/train,loss/valid,acc/train,acc/valid
0,0.0006875587258310546,0.0006967423345361437,0.6130654761904762,0.6158214285714285
1,0.0007041423019199145,0.0007124016008206776,0.5956488095238095,0.6002857142857143
2,0.0006112422893444697,0.0006175218245812825,0.6908869047619047,0.6951071428571428
3,0.0006609089221982729,0.0006682594759123666,0.6401785714285714,0.6436785714285714
4,0.0006881481338114966,0.0006980847588607243,0.6123095238095239,0.6138214285714285
5,0.0006680945821461224,0.0006792742226805006,0.6326547619047619,0.633
6,0.0006363113948277065,0.0006435982691390174,0.6648571428571428,0.6693571428571429
7,0.000706223227083683,0.0007190892206771033,0.5945833333333334,0.5934642857142857
8,0.0006831351192224593,0.0006919408696038382,0.617547619047619,0.6205357142857143
9,0.0007483432743520963,0.0007631153953926904,0.5513095238095238,0.55
10,0.0007118136300927117,0.00072414873114654,0.5888928571428571,0.5881785714285714
11,0.0007973729329449789,0.000813112416437694,0.5015773809523809,0.5003571428571428
12,0.0007040296345949173,0.0007181779146194458,0.5962559523809524,0.5941428571428572
13,0.0007795961896578471,0.0007976669371128082,0.5195059523809524,0.5159642857142858
14,0.0007231634631752968,0.000738373618040766,0.577375,0.5742857142857143
15,0.0006367656421803293,0.0006455242506095342,0.664577380952381,0.6670357142857143
16,0.0006712225122111184,0.0006856824840818132,0.6299166666666667,0.6266785714285714
17,0.000650656857306049,0.0006621865864310946,0.6507440476190476,0.65075
