,loss/train,loss/valid,acc/train,acc/valid
0,0.00045980110072663853,0.000465885480599744,0.8332083333333333,0.8351785714285714
1,0.0004738230518996716,0.00047843515340770997,0.8277321428571428,0.8310714285714286
2,0.0004781659105349155,0.00048369876721075604,0.8229285714285715,0.8258928571428571
3,0.0006379666920928728,0.0006458692082336971,0.6629166666666667,0.6665357142857142
4,0.0005149212080453123,0.0005270708267177854,0.788422619047619,0.78575
5,0.0005076370877879007,0.0005166124541844641,0.795702380952381,0.79625
6,0.0004834984313874018,0.0004912541423525129,0.8206547619047619,0.8213214285714285
7,0.0005222464445091429,0.0005342304238251278,0.7810297619047619,0.7785
8,0.0005064789871019977,0.0005153984321015221,0.7975476190476191,0.7975357142857142
9,0.00048523191238443057,0.0004904896765947342,0.8191785714285714,0.82225
10,0.0005337613097258976,0.0005430323886019843,0.7695892857142858,0.7709642857142858
11,0.0006894460050832658,0.0006978268729788917,0.6103511904761905,0.6160714285714286
12,0.0007323773599096707,0.0007524613929646356,0.56725,0.5603214285714285
13,0.0005474735445209912,0.0005569157025643758,0.7567261904761905,0.7568571428571429
14,0.0005201849804392883,0.0005297800132206508,0.78325,0.784
15,0.0005433467679790088,0.0005530534131186349,0.7601904761904762,0.7612857142857142
