,loss/train,loss/valid,acc/train,acc/valid
0,0.0002044213046985013,0.00020724947963442122,0.8971488095238095,0.8965714285714286
1,0.00022677197715356237,0.0002313045859336853,0.851202380952381,0.8485357142857143
2,0.00020526798477485067,0.00020897160789796283,0.8974821428571429,0.8951428571428571
3,0.00020551819549429983,0.0002089361846446991,0.8975416666666667,0.8952142857142857
4,0.0002057252966222309,0.00020893888175487518,0.8974880952380953,0.8952142857142857
5,0.00020491447317458333,0.00020893904779638564,0.8974880952380953,0.8952142857142857
6,0.00020518237937773977,0.00020893814946923938,0.8974880952380953,0.8952142857142857
7,0.00020554263872050104,0.00020893788444144385,0.8974880952380953,0.8952142857142857
8,0.00020536252714338757,0.00020893808347838266,0.8974880952380953,0.8952142857142857
9,0.00020518488046668824,0.0002089407965540886,0.8974880952380953,0.8952142857142857
10,0.00020536675304174423,0.00020894289123160497,0.8974880952380953,0.8952142857142857
11,0.00020545430516912824,0.00020894048575844084,0.8974880952380953,0.8952142857142857
12,0.00020518793467254865,0.00020894495397806166,0.8974821428571429,0.8952142857142857
13,0.0002055433357045764,0.00020893866143056324,0.8974880952380953,0.8952142857142857
14,0.00020518390887549944,0.0002089397641164916,0.8974880952380953,0.8952142857142857
15,0.00020590200559014366,0.00020893694247518267,0.8974880952380953,0.8952142857142857
