,loss/train,loss/valid,acc/train,acc/valid
0,0.00046529777472217876,0.00047074446082115174,0.8363690476190476,0.8378571428571429
1,0.0004958661326340267,0.0005026910326310567,0.7907142857142857,0.7923214285714286
2,0.00045757827748145376,0.00046391842940023966,0.8423333333333334,0.8434642857142857
3,0.000627915186541421,0.0006355206838675908,0.648154761904762,0.65225
4,0.0005130537097297964,0.0005216166089688028,0.7858452380952381,0.7860714285714285
5,0.0008032069720682644,0.0008160577118396759,0.4947261904761905,0.49664285714285716
6,0.0004744611554557369,0.000481172362608569,0.8293690476190476,0.8309285714285715
7,0.00048310273495458424,0.0004891110573496137,0.8200178571428571,0.8219642857142857
8,0.0004473267743984858,0.0004529384385262217,0.8569702380952381,0.859
9,0.00046428265653195835,0.0004701684383409364,0.8399642857142857,0.8419642857142857
10,0.0005404140193547521,0.0005485306084156037,0.7625357142857143,0.7643571428571428
11,0.0005225735530257225,0.0005316433619175639,0.7809583333333333,0.7813214285714286
12,0.0006091276609471866,0.0006225590535572597,0.6926666666666667,0.6898214285714286
13,0.0005670824881110873,0.0005749882693801608,0.7361130952380952,0.7377857142857143
14,0.0005757028978495371,0.0005836470254829951,0.7276547619047619,0.7297142857142858
15,0.0005124171665381817,0.0005187008519257817,0.7914404761904762,0.7939642857142857
16,0.0004993616958104429,0.0005068803089005606,0.8047738095238095,0.8059642857142857
17,0.000580158416004408,0.0005855618502412524,0.7222440476190476,0.7273571428571428
18,0.0005390198908391452,0.000548188356416566,0.7647857142857143,0.7651428571428571
19,0.0005487665991697993,0.0005531908742019108,0.7546011904761905,0.7595
20,0.0005580871491914703,0.0005624139436653682,0.7453630952380952,0.7501071428571429
21,0.0005522228816435451,0.0005561765687806266,0.7506607142857142,0.7565357142857143
22,0.0005462183888469424,0.0005499817090375082,0.7567440476190476,0.7625714285714286
23,0.0005445804666905176,0.0005485630695308958,0.7583214285714286,0.7639642857142858
