,loss/train,loss/valid,acc/train,acc/valid
0,0.0006799271152842613,0.0006919087299278804,0.5054880952380952,0.5074285714285715
1,0.0006798853288803782,0.0006917662450245448,0.503547619047619,0.5061785714285715
2,0.000680651666862624,0.0006923979946545192,0.5007678571428571,0.5020357142857143
3,0.0006802175963918368,0.0006920509061643055,0.5002380952380953,0.5016071428571428
4,0.0006806773624959446,0.0006924794358866555,0.49910714285714286,0.5007142857142857
5,0.0006814815813586825,0.0006931929588317871,0.49879761904761905,0.5005714285714286
6,0.0006817716959686506,0.000693497998373849,0.4987559523809524,0.5005
7,0.000682287898801622,0.00069390255851405,0.4987261904761905,0.5005
8,0.0006824902987905911,0.0006940639210598809,0.4987142857142857,0.5005
9,0.0006844646746204013,0.0006959288141557148,0.4987142857142857,0.5005
10,0.0006848540338022369,0.0006966207112584795,0.4987202380952381,0.5005
11,0.0006857787558720226,0.0006973226411002023,0.4987202380952381,0.5005
12,0.0006871959304525739,0.0006989111793892724,0.4987202380952381,0.5005
13,0.0006874059190352758,0.0006991264011178698,0.4987202380952381,0.5005
14,0.0006882388687559537,0.0006998258999415806,0.4987202380952381,0.5005
15,0.0006890578507667496,0.0007006153102431978,0.4987202380952381,0.5005
16,0.0006884187630244664,0.0007001079150608608,0.4987202380952381,0.5005
