,loss/train,loss/valid,acc/train,acc/valid
0,0.0006206664673629261,0.0006316892887864794,0.6811071428571429,0.6808928571428572
1,0.0005827586583438374,0.0005928511364119394,0.7323630952380953,0.7343928571428572
2,0.0005658460816457159,0.0005754322856664658,0.7406845238095238,0.7405714285714285
3,0.0005594326431552569,0.0005689645367009299,0.7400238095238095,0.7371785714285715
4,0.0005568340537803513,0.000566600718668529,0.7363928571428572,0.7337142857142858
5,0.0005557217402827172,0.0005658824167081288,0.7339285714285714,0.7313928571428572
6,0.0005609794649339857,0.0005713187519993101,0.723875,0.7217142857142858
7,0.0005601152007778486,0.000570491299033165,0.7235654761904762,0.7213571428571428
8,0.0005623410464752288,0.0005729368541921888,0.7194107142857142,0.7183928571428572
9,0.0005657792545500256,0.0005763016768864223,0.7144107142857142,0.7128928571428571
10,0.0005629132833509218,0.0005734466314315796,0.7176845238095239,0.7163214285714286
11,0.0005636304091839563,0.0005742217493908746,0.7165238095238096,0.7151785714285714
12,0.0005679300941881679,0.0005791746079921722,0.7105833333333333,0.7089285714285715
13,0.0005683799244108654,0.000579396115882056,0.7105119047619047,0.7088571428571429
14,0.0005696604745019049,0.0005808882308857782,0.7087857142857142,0.7064642857142858
15,0.0005676996942077364,0.0005789993980101177,0.7107321428571428,0.7091785714285714
16,0.0005647277314038504,0.0005760691038199833,0.713672619047619,0.7120714285714286
17,0.0005643078166814077,0.0005752032228878567,0.7150595238095238,0.7129285714285715
18,0.0005617963863270623,0.0005729015618562699,0.7181726190476191,0.7160714285714286
19,0.000566164021335897,0.0005774263590574265,0.7128452380952381,0.71075
20,0.0005951517969369889,0.0006078021377325058,0.685029761904762,0.6821071428571429
