,loss/train,loss/valid,acc/train,acc/valid
0,0.00046387269312427157,0.00046942059482846943,0.8397738095238095,0.8434642857142857
1,0.00044935373429741177,0.000455789001924651,0.8490892857142858,0.8529285714285715
2,0.0005202045997693425,0.0005287667491606304,0.7782857142857142,0.7792857142857142
3,0.0005841070065895716,0.0005930011591741016,0.7183333333333334,0.7205714285714285
4,0.000690908952483109,0.0007003089274678912,0.6092202380952381,0.6125
5,0.000585934684744903,0.0005944337142365319,0.7159880952380953,0.7173928571428572
6,0.0005939819553778285,0.000601648354104587,0.7080297619047619,0.7111428571428572
7,0.0005034310927703267,0.0005121489050132887,0.8000178571428571,0.8009285714285714
8,0.0004839719713089012,0.000491697609424591,0.8197559523809523,0.8209285714285715
9,0.0006182822797979627,0.0006262866961104529,0.6826666666666666,0.6871785714285714
10,0.0006759724425418036,0.000689706563949585,0.6256071428571428,0.6231785714285715
11,0.000568326667305969,0.0005785172368798937,0.7342440476190476,0.73475
12,0.0006572125713740077,0.0006691147812775203,0.6442142857142857,0.6448571428571429
13,0.0006018581830319904,0.0006097828830991472,0.7000238095238095,0.7037142857142857
14,0.0006578743904829025,0.0006723660762820925,0.6436488095238095,0.6411071428571429
15,0.0005240545258635566,0.0005338103771209717,0.7801785714285714,0.7794285714285715
16,0.0005270163924211548,0.0005378602125814983,0.7765059523809524,0.7753928571428571
