,loss/train,loss/valid,acc/train,acc/valid
0,0.0004585511535406113,0.0004664866743343217,0.8434702380952381,0.8435357142857143
1,0.0004505808637255714,0.00045794090415750234,0.855297619047619,0.8577857142857143
2,0.0004572402873919124,0.0004642596894076892,0.855625,0.8591428571428571
3,0.0005010788414095129,0.0005088473111391068,0.811422619047619,0.8122857142857143
4,0.0004460938693512054,0.0004533578391586031,0.8605357142857143,0.8627857142857143
5,0.0004634910491960389,0.0004717034378222057,0.8461964285714285,0.8464285714285714
6,0.0004584654697350093,0.0004660806049193655,0.8534583333333333,0.8534285714285714
7,0.0004307993201627618,0.00043906802364758083,0.8712678571428571,0.87175
8,0.0004345378645119213,0.000442449509033135,0.8729464285714286,0.8718571428571429
9,0.00044105061338770956,0.0004490045585802623,0.8700416666666667,0.8713571428571428
10,0.00044058593522225105,0.0004482112622686795,0.8659345238095238,0.8673571428571428
11,0.00046335349569008463,0.0004709718759570803,0.8360416666666667,0.8350714285714286
12,0.00043928151311618943,0.0004464493372610637,0.8682619047619048,0.8687857142857143
13,0.00044964460052904627,0.0004579749650188855,0.8680119047619047,0.8690357142857142
14,0.0004397426201474099,0.0004485477624194963,0.8584107142857142,0.8569285714285715
15,0.00045389216002963837,0.0004619139475481851,0.8736071428571428,0.8722142857142857
16,0.00043501493246072816,0.0004425781411784036,0.8770595238095238,0.8766071428571428
17,0.00043726694477455954,0.00044479207800967354,0.87475,0.8745357142857143
18,0.00043870528361627034,0.0004464920237660408,0.8680059523809524,0.8666428571428572
19,0.00043609131925872395,0.0004434187678354127,0.8697857142857143,0.86975
20,0.0004461960311801661,0.0004546949139663151,0.8727857142857143,0.8734285714285714
21,0.00043833282270601816,0.0004459342637232372,0.8724047619047619,0.8719642857142857
22,0.000437137840404397,0.0004450742463980402,0.8769642857142858,0.8767142857142857
