,loss/train,loss/valid,acc/train,acc/valid
0,0.0002053659992913405,0.00020898888472999845,0.8972916666666667,0.8951071428571429
1,0.00020518121265229725,0.00020893694247518267,0.8974880952380953,0.8952142857142857
2,0.00020590201002501307,0.00020893694247518267,0.8974880952380953,0.8952142857142857
3,0.00020622950561699412,0.00020957737309592112,0.8959642857142858,0.8938214285714285
4,0.0002100483952533631,0.0002128752629671778,0.8881071428571429,0.8863928571428571
5,0.00020590231780494961,0.00020893694247518267,0.8974880952380953,0.8952142857142857
6,0.000205274213992414,0.00020893695418323788,0.8974821428571429,0.8952142857142857
7,0.00020536151138089953,0.00020893694247518267,0.8974880952380953,0.8952142857142857
8,0.00020554168788450105,0.00020893694247518267,0.8974880952380953,0.8952142857142857
9,0.00020581616709629695,0.0002089369637625558,0.8974761904761904,0.8952142857142857
10,0.0002052714806937036,0.00020893694247518267,0.8974880952380953,0.8952142857142857
11,0.0003091055310907818,0.00031033023340361457,0.6871190476190476,0.6912857142857143
12,0.00021471844631291572,0.00021777786314487458,0.8776785714285714,0.8771785714285715
13,0.0002083932650940759,0.00021148419912372316,0.8918333333333334,0.8899285714285714
14,0.00021365442872047424,0.0002164653678025518,0.8805,0.8797857142857143
15,0.00021285064589409602,0.00021578868159226008,0.8817440476190476,0.8809642857142858
16,0.00021462221479132061,0.00021743562391826084,0.8782261904761904,0.8779642857142858
17,0.00021073379190195173,0.00021352186266865048,0.8865654761904762,0.8858928571428571
18,0.00021792663775739216,0.00022071274582828793,0.8709880952380953,0.8710714285714286
19,0.0002112672868229094,0.00021393570623227527,0.8856011904761905,0.8849285714285714
20,0.00020970505937224342,0.0002125439792871475,0.8887559523809524,0.8878214285714285
