,loss/train,loss/valid,acc/train,acc/valid
0,0.0004920404296190966,0.0005010337861520904,0.8127083333333334,0.8145357142857143
1,0.0005300194649469285,0.0005395867483956473,0.7571011904761905,0.7550714285714286
2,0.000513325307340849,0.0005217849143913814,0.8041011904761904,0.8062142857142857
3,0.0006461325816455341,0.0006608348829405649,0.6497440476190476,0.6468928571428572
4,0.0004939154531984103,0.0005019477786762374,0.8056547619047619,0.8065357142857142
5,0.0005011422039852256,0.0005112943510924067,0.7976904761904762,0.7974285714285714
6,0.0005393928800310407,0.0005499101621764047,0.7624107142857143,0.7608571428571429
7,0.000493639727078733,0.0005011410936713219,0.8091011904761904,0.8104642857142857
8,0.0004794450496279058,0.0004867692185299737,0.8238035714285714,0.8254285714285714
9,0.000637528732419014,0.0006477940274136407,0.6631666666666667,0.6635714285714286
10,0.0005505366634045328,0.0005612676867416927,0.7511130952380952,0.7501428571428571
11,0.0005975518638179415,0.0006092159790652139,0.7037678571428572,0.7029285714285715
12,0.0005652894076137316,0.0005745303311518261,0.7371309523809524,0.7375714285714285
13,0.0005589815459790684,0.0005678800706352507,0.7437202380952381,0.7451428571428571
14,0.0005333800769987561,0.000541882683123861,0.7701190476190476,0.7710357142857143
15,0.0005295171688000361,0.0005400925214801515,0.7739345238095238,0.7723214285714286
16,0.0005065195977333046,0.0005145986431411335,0.7968928571428572,0.7982857142857143
17,0.0005240581972258432,0.0005316354036331176,0.7793035714285714,0.7811071428571429
18,0.000543479248171761,0.0005540043669087547,0.759327380952381,0.7593214285714286
19,0.0005433021255192303,0.0005532201464687075,0.7604285714285715,0.7593214285714286
20,0.000556091346556232,0.0005629061439207622,0.7475059523809524,0.7496785714285714
21,0.0005754428133368492,0.0005839435756206513,0.7275416666666666,0.7294285714285714
22,0.000527715338660138,0.0005372909435204098,0.7757559523809524,0.7752142857142857
23,0.0005312448708074434,0.0005416631996631623,0.7718928571428572,0.7711785714285714
