,loss/train,loss/valid,acc/train,acc/valid
0,0.0006101629819188799,0.0006199985260055179,0.7056746031746032,0.7061904761904761
1,0.0005799673336838919,0.0005899199332509722,0.7285079365079365,0.7273809523809524
2,0.0005987040816791474,0.0006060932250249953,0.6560079365079365,0.6586666666666666
3,0.0005838863504311396,0.0005947471970603579,0.7176984126984127,0.7141428571428572
4,0.0005618752813528454,0.000571235560235523,0.7357777777777778,0.7359523809523809
5,0.000562095390425788,0.000571797183581761,0.735,0.7333333333333333
6,0.0005604651915648627,0.000569532485235305,0.7421428571428571,0.7403809523809524
7,0.00055943810797873,0.0005683909910065788,0.7431190476190476,0.7434761904761905
8,0.0005566089195864541,0.0005650853174073356,0.7436904761904762,0.7432380952380953
9,0.0005581143772791302,0.0005669922147478376,0.7442619047619048,0.7410952380952381
10,0.0005689912296476819,0.0005780072666349865,0.7403015873015873,0.7378571428571429
11,0.0005633990897072686,0.0005731227454685029,0.7384761904761905,0.7377619047619047
12,0.000563187234931522,0.0005723027076039995,0.7426746031746032,0.7413809523809524
13,0.0005580068263742659,0.0005665784109206427,0.7458253968253968,0.742904761904762
14,0.0005579620770045689,0.0005667658192770822,0.7457460317460317,0.7442857142857143
15,0.0005585645049337357,0.0005676635674067906,0.7457460317460317,0.7432380952380953
16,0.000556870569785436,0.0005660548607508342,0.745984126984127,0.7425238095238095
17,0.0005590213981885759,0.0005681300447100685,0.746015873015873,0.7455714285714286
18,0.000559177473423973,0.0005682813411667234,0.7457460317460317,0.7451428571428571
19,0.0005624291849514795,0.0005714654894102188,0.7444444444444445,0.7416666666666667
20,0.0005635744271770357,0.0005728499889373779,0.7409365079365079,0.7412857142857143
21,0.0005565659380148328,0.0005654337519691104,0.7462539682539683,0.7444285714285714
22,0.0005580665033961099,0.0005673963314010984,0.7470873015873016,0.7456666666666667
23,0.0005566216830223326,0.0005653182523591177,0.7470476190476191,0.7450952380952381
