{
    "15": {
      "exp-2": 1.171875,
      "exp-1": 2.9381382907355857,
      "exp0": 3.4945772211926855,
      "exp+1": 4.788320785060819,
      "exp+2": 6.93793907318792,
      "obs": 3.7350510615440453
    },
    "40": {
      "exp-2": 0.390625,
      "exp-1": 2.2534388254767426,
      "exp0": 3.0605580722177517,
      "exp+1": 4.405300391635097,
      "exp+2": 6.185726250920922,
      "obs": 3.0673616436730016
    },
    "55": {
      "exp-2": 1.171875,
      "exp-1": 1.938984860316593,
      "exp0": 2.7548697964177657,
      "exp+1": 3.914470366781213,
      "exp+2": 5.246934641997674,
      "obs": 2.7674775229628628
    },
    "60": {
      "exp-2": 1.171875,
      "exp-1": 2.1840442953061556,
      "exp0": 2.722290573581383,
      "exp+1": 3.9288965004310326,
      "exp+2": 5.306659843146958,
      "obs": 2.7322124766764495
    },
    "65": {
      "exp-2": 2.010661349231844,
      "exp-1": 2.27838306434623,
      "exp0": 3.0805531532594452,
      "exp+1": 4.618362289209726,
      "exp+2": 5.306659843146958,
      "obs": 3.2217900071705468
    }
}
