{
  "65": {
    "exp-2": 0.390625,
    "exp-1": 1.0819723319108956,
    "exp0": 1.5235951216918053,
    "exp+1": 2.254366860795425,
    "exp+2": 2.941136482894711,
    "obs": 1.5786402892488098
  },
  "85": {
    "exp-2": 1.171875,
    "exp-1": 1.4783554031620212,
    "exp0": 2.1022344575039726,
    "exp+1": 2.795580072044973,
    "exp+2": 3.6966120793663846,
    "obs": 1.9864177716352076
  },
  "90": {
    "exp-2": 1.171875,
    "exp-1": 2.7078661559469226,
    "exp0": 3.6215100589751152,
    "exp+1": 4.833341550631085,
    "exp+2": 6.786111909851217,
    "obs": 3.702496954299685
  },
  "95": {
    "exp-2": 1.171875,
    "exp-1": 1.6565768572896196,
    "exp0": 2.217089472205616,
    "exp+1": 3.392876085171133,
    "exp+2": 4.775829955131226,
    "obs": 2.4295314762865763
  },
  "120": {
     "exp-2": 1.171875,
     "exp-1": 1.171875,
     "exp0": 1.2932979884998617,
     "exp+1": 1.9031854393484449,
     "exp+2": 2.782509506355927,
     "obs": 1.5439737217261769
  }
}