{
    "65": {
        "exp-2": 1.7601041193434774,
        "exp-1": 2.7570284132383263,
        "exp0": 3.8699192357535868,
        "exp+1": 4.682010783363451,
        "exp+2": 6.899355579459422,
        "obs": 3.814840415533831
      },
      "85": {
        "exp-2": 2.734375,
        "exp-1": 4.732138631989963,
        "exp0": 4.761286434032751,
        "exp+1": 7.065585051248143,
        "exp+2": 9.72003427917304,
        "obs": 5.2624564029079055
      },
      "90": {
        "exp-2": 3.90625,
        "exp-1": 4.310781660349122,
        "exp0": 5.7505465477440145,
        "exp+1": 8.5721627423429,
        "exp+2": 11.21112013518072,
        "obs": 6.164205564327551
      },
      "95": {
        "exp-2": 1.953125,
        "exp-1": 3.610861333633637,
        "exp0": 4.728463425689785,
        "exp+1": 6.767350449887467,
        "exp+2": 9.154639548407008,
        "obs": 4.486859549825047
      },
      "120": {
        "exp-2": 3.459084273105261,
        "exp-1": 3.70647363172407,
        "exp0": 4.256418174960178,
        "exp+1": 6.2540254658303285,
        "exp+2": 8.55604111955619,
        "obs": 4.725892815650267
      }
}