{
  "65": {
    "exp-2": 0.390625,
    "exp-1": 0.390625,
    "exp0": 0.8146835409509134,
    "exp+1": 1.256040293960969,
    "exp+2": 1.6889403658611237,
    "obs": 0.9100121810811835
  },
  "85": {
    "exp-2": 0.390625,
    "exp-1": 1.171875,
    "exp0": 1.264691617342476,
    "exp+1": 1.824447385661584,
    "exp+2": 2.456770216122504,
    "obs": 1.3241457110092312
  },
  "90": {
    "exp-2": 0.7574603580036563,
    "exp-1": 1.4706820664173037,
    "exp0": 1.9765940823124621,
    "exp+1": 2.9086540822934595,
    "exp+2": 3.8486330173943073,
    "obs": 2.2166157039007888
  },
  "95": {
    "exp-2": 1.171875,
    "exp-1": 1.171875,
    "exp0": 1.4780571832751277,
    "exp+1": 2.0462620361633563,
    "exp+2": 2.836670615156221,
    "obs": 1.5924493856176825
  },
  "120": {
    "exp-2": 0.390625,
    "exp-1": 0.5463682404104317,
    "exp0": 0.87752469916597,
    "exp+1": 1.1548634475641846,
    "exp+2": 1.953125,
    "obs": 0.9385197633191338
  }
}
