{
    "15": {
      "exp-2": 2.734375,
      "exp-1": 5.118359230156391,
      "exp0": 5.779498166125715,
      "exp+1": 7.532718169777011,
      "exp+2": 10.67087807582932,
      "obs": 6.25
    },
    "40": {
      "exp-2": 1.953125,
      "exp-1": 3.6995143264532295,
      "exp0": 5.483660055693019,
      "exp+1": 7.276995158701136,
      "exp+2": 9.839177307635017,
      "obs": 5.386110981145281
    },
    "55": {
      "exp-2": 2.734375,
      "exp-1": 3.319772387012926,
      "exp0": 4.462096893013998,
      "exp+1": 6.1324530378468065,
      "exp+2": 7.873452449826178,
      "obs": 4.672536581832666
    },
    "60": {
      "exp-2": 1.5654243763286824,
      "exp-1": 3.405083844022245,
      "exp0": 4.679800648647622,
      "exp+1": 6.224581864162715,
      "exp+2": 8.658379042832152,
      "obs": 4.712968180814747
    },
    "65": {
      "exp-2": 1.171875,
      "exp-1": 3.1947147766621913,
      "exp0": 4.313750300152836,
      "exp+1": 6.0400094051575905,
      "exp+2": 8.33054566741717,
      "obs": 4.45975605521277
    }
}