{
  "15": {
    "exp-2": 1.171875,
    "exp-1": 1.0452406049075602,
    "exp0": 1.4188354208993292,
    "exp+1": 2.0518960671534305,
    "exp+2": 2.7952442787211584,
    "obs": 1.4639090005997992
  },
  "40": {
    "exp-2": 1.171875,
    "exp-1": 1.1405069441711944,
    "exp0": 1.482493387147406,
    "exp+1": 2.2295480611615064,
    "exp+2": 3.073657786830228,
    "obs": 1.5534944025938109
  },
  "55": {
    "exp-2": 1.171875,
    "exp-1": 1.1156601094608007,
    "exp0": 1.5818274687267622,
    "exp+1": 2.1238410247214707,
    "exp+2": 2.771036132534684,
    "obs": 1.582352846664091
  },
  "60": {
    "exp-2": 1.171875,
    "exp-1": 1.171875,
    "exp0": 1.552086950838146,
    "exp+1": 2.1252041478774646,
    "exp+2": 2.936485591552478,
    "obs": 1.5548250244095339
  },
  "65": {
    "exp-2": 0.2641065698158113,
    "exp-1": 1.2375209422044786,
    "exp0": 1.680501846041078,
    "exp+1": 2.237086752039213,
    "exp+2": 3.0266653562682393,
    "obs": 1.707449887828304
  }
}
