{
    "15": {
      "exp-2": 1.5212754247302915,
      "exp-1": 1.7493193284084652,
      "exp0": 2.2869476665871087,
      "exp+1": 3.3845014983211175,
      "exp+2": 4.563793348677868,
      "obs": 2.520715348526821
    },
    "40": {
      "exp-2": 1.171875,
      "exp-1": 1.6171711012059433,
      "exp0": 2.267445184433687,
      "exp+1": 3.2945418138647176,
      "exp+2": 4.220943861115104,
      "obs": 2.3153421453205385
    },
    "55": {
      "exp-2": 1.171875,
      "exp-1": 1.953125,
      "exp0": 2.106588554299992,
      "exp+1": 3.217818097555915,
      "exp+2": 4.307744781617128,
      "obs": 2.080741350425657
    },
    "60": {
      "exp-2": 1.4809059530564916,
      "exp-1": 1.874005144390515,
      "exp0": 2.347109990221372,
      "exp+1": 2.9007016281510323,
      "exp+2": 4.754427547323373,
      "obs": 2.734375
    },
    "65": {
      "exp-2": 1.5625,
      "exp-1": 2.2791167924061915,
      "exp0": 2.92560336811004,
      "exp+1": 4.015822513583202,
      "exp+2": 5.344507932338185,
      "obs": 2.9524520808860237
    }
}