{
    "65": {
        "exp-2": 1.171875,
        "exp-1": 1.443422930138506,
        "exp0": 1.8664253533832147,
        "exp+1": 2.806237106650879,
        "exp+2": 3.6344435866555678,
        "obs": 1.994779317324513
      },
      "85": {
        "exp-2": 1.171875,
        "exp-1": 2.2366097365182793,
        "exp0": 2.960286434399904,
        "exp+1": 4.2002590228535635,
        "exp+2": 5.452331120192283,
        "obs": 3.066767546179874
      },
      "90": {
        "exp-2": 1.171875,
        "exp-1": 2.5922061227603086,
        "exp0": 3.4952204005676286,
        "exp+1": 5.106585212817755,
        "exp+2": 7.5561710588314455,
        "obs": 4.115106929649651
      },
      "95": {
        "exp-2": 1.171875,
        "exp-1": 2.0975757042419083,
        "exp0": 2.7979233169449036,
        "exp+1": 3.9181050518762994,
        "exp+2": 5.341111805674609,
        "obs": 3.0712918271591336
      },
      "120": {
        "exp-2": 1.171875,
        "exp-1": 1.242867206655026,
        "exp0": 1.5810347314294582,
        "exp+1": 2.2226925575463916,
        "exp+2": 3.129043760649774,
        "obs": 1.751845199874381
      }
}