,loss/train,loss/valid,acc/train,acc/valid
0,0.0006610211926320243,0.0006743253540425074,0.6381825396825397,0.6401190476190476
1,0.000674941974499869,0.000686343001467841,0.6241309523809524,0.6265952380952381
2,0.0006546710906993775,0.0006681021380992163,0.6449206349206349,0.6469285714285714
3,0.0006853620182900201,0.0007005864949453445,0.6136071428571429,0.6137857142857143
4,0.0006850758923424615,0.0007001736164093018,0.614484126984127,0.6157380952380952
5,0.0007014197404422457,0.0007158276027157193,0.5973412698412699,0.5997619047619047
6,0.0006728248501580859,0.0006898165316808791,0.6266706349206349,0.6278333333333334
7,0.0006868165854423765,0.0007013871613002959,0.6126468253968254,0.6160476190476191
8,0.000677755222907142,0.0006912712284496852,0.6216944444444444,0.6248571428571429
9,0.0006720067636361198,0.0006842139930952163,0.6276865079365079,0.630547619047619
10,0.0006678099454868407,0.0006832836383864993,0.6315873015873016,0.6330238095238095
11,0.0006585756854878531,0.0006741070264861698,0.6414642857142857,0.6424285714285715
12,0.000664893289170568,0.0006809798606804439,0.6351904761904762,0.6354047619047619
13,0.0006701049539777967,0.0006833289748146421,0.6296071428571428,0.6330238095238095
14,0.0006690454376595361,0.0006827065774372646,0.6302222222222222,0.6336428571428572
15,0.0006621425693470334,0.0006779274046421051,0.6374722222222222,0.6385238095238095
16,0.0006713886710386428,0.000685191566035861,0.6278928571428571,0.6281190476190476
17,0.0006603460962337161,0.0006759698334194366,0.6396190476190476,0.6420476190476191
