,loss/train,loss/valid,acc/train,acc/valid
0,0.0005820797331749447,0.0005919021368026733,0.7224444444444444,0.7200952380952381
1,0.0006729079555897485,0.0006794501145680745,0.6289920634920635,0.6346190476190476
2,0.0005749973479717497,0.0005853823508535112,0.7292301587301587,0.7265714285714285
3,0.0005798585755484445,0.0005919282890501477,0.7236746031746032,0.7208571428571429
4,0.0005942818593411218,0.0006042454781986418,0.7090396825396825,0.7077619047619048
5,0.0005798996185499524,0.0005897207288515,0.7241111111111111,0.7229523809523809
6,0.0006439790020859431,0.0006521907392002288,0.6590555555555555,0.661
7,0.0005850702968854753,0.0005958837838399978,0.7184285714285714,0.7167142857142857
8,0.0005801141914867219,0.000591393252213796,0.7235873015873016,0.7213333333333334
9,0.0005802021674693576,0.000591704025155022,0.7233333333333334,0.721
10,0.0005802278230114589,0.0005912048249017625,0.7237936507936508,0.7215238095238096
11,0.0005794740394940451,0.0005910197411264693,0.723920634920635,0.7217142857142858
12,0.0005813586461165595,0.0005924517909685771,0.7227936507936508,0.7202857142857143
13,0.0005796316299173567,0.0005910197411264693,0.723920634920635,0.7217142857142858
14,0.0005791666020476629,0.0005910197411264693,0.7239126984126985,0.7217142857142858
15,0.000579946819278929,0.0005910197411264693,0.723920634920635,0.7217142857142858
16,0.0005794740371287816,0.0005910197411264693,0.723920634920635,0.7217142857142858
17,0.000580569441829409,0.0005910197411264693,0.7239285714285715,0.7217142857142858
