,loss/train,loss/valid,acc/train,acc/valid
0,0.0006394424369883916,0.0006514481831164587,0.6604484126984127,0.6610238095238096
1,0.0006094903848947041,0.0006200444130670457,0.691218253968254,0.6902142857142857
2,0.0007454363942619354,0.0007630133458546229,0.5529126984126984,0.5514285714285714
3,0.0006066861296930011,0.0006160770853360493,0.6946150793650794,0.6943333333333334
4,0.0007162999990913603,0.0007417817569914318,0.5824047619047619,0.5746666666666667
5,0.0006929799618702086,0.0007049188926106408,0.6061309523809524,0.604904761904762
6,0.0005896756473987822,0.0005970797680673145,0.7115912698412699,0.7107857142857142
7,0.000663181592311178,0.0006763372790245782,0.6367222222222222,0.6386190476190476
8,0.0005891450530006772,0.0006008730701037815,0.7119642857142857,0.7099761904761904
9,0.0006322944862028909,0.0006414622735409509,0.6680753968253968,0.6684285714285715
10,0.0006553049948480395,0.0006669413646062215,0.64475,0.6437619047619048
11,0.0006120371127885485,0.0006244315476644607,0.6887857142857143,0.6873571428571429
12,0.0006185549251616948,0.0006259349371705736,0.6824166666666667,0.6813095238095238
13,0.0006680301567391744,0.0006754016677538554,0.6316468253968254,0.6321428571428571
14,0.0006175523059708731,0.0006264688684826806,0.683063492063492,0.6822619047619047
15,0.0006125435095930856,0.0006210781733194987,0.6884960317460318,0.6878095238095238
16,0.000599072688155704,0.0006082394889422825,0.7019087301587301,0.7024523809523809
17,0.0006802276994973894,0.0006976432715143476,0.6189642857142857,0.6154047619047619
18,0.0006474041456267948,0.0006647206360385531,0.6526587301587301,0.6490714285714285
19,0.0006018508949450084,0.0006100471857048216,0.6992619047619048,0.6990714285714286
20,0.0006678920698071283,0.0006770763468174708,0.63175,0.633452380952381
21,0.0006119479633986004,0.0006218220307713464,0.6889246031746031,0.6885238095238095
