,loss/train,loss/valid,acc/train,acc/valid
0,0.0005553755816959199,0.000565617853686923,0.7343412698412698,0.7317142857142858
1,0.0005649819733604553,0.0005754372023400806,0.731920634920635,0.7293333333333333
2,0.0006277263736914075,0.000637096745627267,0.6687936507936508,0.6696666666666666
3,0.0006551819103104727,0.0006663942762783595,0.6456904761904761,0.6460476190476191
4,0.0005852106322371771,0.0005964019298553467,0.7152539682539683,0.7144285714285714
5,0.0005850364816567254,0.0005958022248177302,0.7168809523809524,0.7169047619047619
6,0.0006006931071243589,0.0006114924095925831,0.7019126984126984,0.7014761904761905
7,0.0005831793191887083,0.000593224443140484,0.7193492063492063,0.7197619047619047
8,0.0005814018020081142,0.0005904367480959211,0.720468253968254,0.7228571428571429
9,0.0005840751803110517,0.000594775915145874,0.7192936507936508,0.7187619047619047
10,0.000642207992455316,0.0006504672708965483,0.660436507936508,0.6613809523809524
11,0.0005959956456744481,0.0006080915331840515,0.7076111111111111,0.706
12,0.0006065883499289316,0.0006189950676191421,0.697484126984127,0.6948571428571428
13,0.0007172971840888735,0.0007274209033875239,0.585,0.5852380952380952
14,0.000626791784214595,0.000639203721568698,0.675515873015873,0.6743809523809524
15,0.0006013788093650152,0.0006144036849339803,0.7014126984126984,0.6995714285714286
