,loss/train,loss/valid,acc/train,acc/valid
0,0.000596012525615238,0.0005996809176036289,0.7088492063492063,0.7124285714285714
1,0.0004928275479210748,0.0004988720402831123,0.8132063492063492,0.8138095238095238
2,0.00048584378073139795,0.0004915098746617635,0.8204047619047619,0.8213333333333334
3,0.000713400211599138,0.0007245431542396545,0.5878015873015873,0.5891428571428572
4,0.00048427682216205297,0.0004911515542439052,0.8206904761904762,0.8215714285714286
5,0.00048479390735664063,0.0004915722424075717,0.8203888888888888,0.8213333333333334
6,0.0004849750063722096,0.0004916652483599527,0.8203650793650794,0.8212380952380952
7,0.0007165898808411189,0.0007238610528764271,0.5847222222222223,0.5895238095238096
8,0.0004844897361028762,0.000491617793128604,0.8202142857142857,0.8213333333333334
9,0.0004851452164233677,0.000491804750192733,0.8201904761904761,0.8210952380952381
10,0.00048522309935282145,0.0004918047558693659,0.8201111111111111,0.8210952380952381
11,0.0004853418332243723,0.000491857308717001,0.8201507936507937,0.821047619047619
12,0.00048504714171091715,0.0004916939905711583,0.8201269841269841,0.8211904761904761
13,0.0004861089523349489,0.0004917582543123336,0.8201746031746032,0.8211428571428572
14,0.0004857020543681251,0.0004919442662170955,0.8199444444444445,0.820952380952381
15,0.00048485616298895033,0.0004916187453837622,0.8203253968253968,0.8212857142857143
16,0.000485620877335942,0.0004916187453837622,0.8203492063492064,0.8212857142857143
17,0.00048483291268348693,0.0004915722424075717,0.8203492063492064,0.8213333333333334
