,loss/train,loss/valid,acc/train,acc/valid
0,0.0005207340603783017,0.0005286209086577098,0.7840714285714285,0.783952380952381
1,0.0004939350805112293,0.0004988124370574951,0.8108968253968254,0.814
2,0.00048581354911365204,0.0004901857376098632,0.8196428571428571,0.8225714285714286
3,0.00048826144328193056,0.0004937306571574439,0.816936507936508,0.8187142857142857
4,0.0006984542016945188,0.0007086371438843863,0.602579365079365,0.605
5,0.00048600061592601597,0.0004924001594384511,0.8191190476190476,0.8203809523809524
6,0.00048516370048598637,0.0004915939101151058,0.820015873015873,0.8212857142857143
7,0.00048480965953970714,0.0004915257394313812,0.8203730158730159,0.8213809523809524
8,0.0004861014078533839,0.0004916944872765314,0.8203412698412699,0.8211904761904761
9,0.0004858249728641813,0.0004917582543123336,0.8203015873015873,0.8211428571428572
10,0.0004854837452608442,0.0004917117513361431,0.8203253968253968,0.8211904761904761
11,0.00048503700300814615,0.0004917582457973843,0.8203015873015873,0.8211428571428572
12,0.0004850058444435634,0.0004917117513361431,0.8203333333333334,0.8211904761904761
13,0.00048470630413956114,0.0004917582543123336,0.8203174603174603,0.8211428571428572
14,0.0004845484606330357,0.0004917582543123336,0.8203174603174603,0.8211428571428572
15,0.00048560883885338194,0.0004914349331742241,0.8200238095238095,0.8214285714285714
16,0.00048588139433709403,0.0004924394530909402,0.819595238095238,0.8204761904761905
17,0.00048480190857062264,0.0004915257394313812,0.8203809523809524,0.8213809523809524
