,loss/train,loss/valid,acc/train,acc/valid
0,0.0004868865694318499,0.0004922792216142019,0.818531746031746,0.8198571428571428
1,0.0004847214619318644,0.0004915455650715601,0.8202857142857143,0.8213333333333334
2,0.00048674867999932124,0.0004925470423130762,0.8191746031746032,0.8203809523809524
3,0.00048441297738325027,0.0004915410847890944,0.8202936507936508,0.8214285714285714
4,0.00048591710863605376,0.0004916003204527356,0.8201904761904761,0.8213333333333334
5,0.0005056676554774482,0.0005134880925927843,0.7991190476190476,0.7993333333333333
6,0.0004856848172725193,0.0004915708104769389,0.8201190476190476,0.8213809523809524
7,0.0004850783348083496,0.0004915708118960971,0.8204206349206349,0.8213809523809524
8,0.0004846520665146056,0.0004915257394313812,0.8203730158730159,0.8213809523809524
9,0.00048480965953970714,0.0004915257394313812,0.8203730158730159,0.8213809523809524
10,0.00048465206202060455,0.0004915257394313812,0.8203730158730159,0.8213809523809524
11,0.0004859128144998399,0.0004915257394313812,0.8203730158730159,0.8213809523809524
12,0.00048511779048140085,0.0004915257394313812,0.8203809523809524,0.8213809523809524
13,0.000484967254693546,0.0004915257394313812,0.8203730158730159,0.8213809523809524
14,0.00048528198708617495,0.0004915257394313812,0.8203730158730159,0.8213809523809524
15,0.0004857552188729483,0.0004915257394313812,0.8203730158730159,0.8213809523809524
16,0.00048449447490866223,0.0004915257394313812,0.8203730158730159,0.8213809523809524
17,0.00048544003258621884,0.0004915257394313812,0.8203730158730159,0.8213809523809524
18,0.0004851248465360157,0.0004915257394313812,0.8203730158730159,0.8213809523809524
19,0.0004846520665146056,0.0004915257394313812,0.8203730158730159,0.8213809523809524
20,0.00048528244145332823,0.0004915257394313812,0.8203730158730159,0.8213809523809524
21,0.0004849672509091241,0.0004915257394313812,0.8203730158730159,0.8213809523809524
22,0.0004854400335323243,0.0004915257394313812,0.8203730158730159,0.8213809523809524
23,0.0004848096597762335,0.0004915257394313812,0.8203730158730159,0.8213809523809524
24,0.0004851248465360157,0.0004915257394313812,0.8203730158730159,0.8213809523809524
25,0.00048507847554153866,0.0004914327363173167,0.8204206349206349,0.8214761904761905
26,0.00048539353055613384,0.0004914327334790003,0.8204206349206349,0.8214761904761905
