,loss/train,loss/valid,acc/train,acc/valid
0,0.7920066839399792,0.7955024697440011,0.5169761904761905,0.5132142857142857
1,0.6281899220375787,0.6312144579206194,0.6795238095238095,0.6767857142857143
2,0.67376454160327,0.6797162001473563,0.6329464285714286,0.6268214285714285
3,0.5672814635776338,0.5665399987357004,0.7393095238095239,0.7393214285714286
4,0.5660824936458043,0.5676932830810547,0.7415357142857143,0.74075
5,0.5541275179045541,0.5533096607753208,0.7522202380952381,0.7531785714285715
6,0.5514727735632942,0.550383239201137,0.7550178571428572,0.75575
7,0.5456224713779632,0.5463761106218611,0.7615892857142857,0.7608928571428571
8,0.5528746820858547,0.554652759552002,0.7532619047619048,0.7516428571428572
9,0.5459724965776716,0.5456675905500139,0.7607916666666666,0.7615357142857143
10,0.5768485505240304,0.5807601465497698,0.731904761904762,0.7272857142857143
11,0.5663636284782773,0.5675839631216867,0.7372619047619048,0.7358214285714286
12,0.55305634866442,0.5533880190168108,0.7532440476190476,0.7530357142857143
13,0.5723944119952974,0.5731349084036691,0.7282619047619048,0.7269285714285715
14,0.5743105092048645,0.577343514578683,0.7365059523809524,0.7339285714285714
15,0.5704124086470831,0.5732660162789481,0.7372738095238095,0.7351071428571428
16,0.5770111207507905,0.5800053285871233,0.7317619047619047,0.72875
17,0.5921237689881098,0.5956528075081962,0.7180833333333333,0.7145
18,0.5644582865805853,0.567431082044329,0.7452619047619048,0.7421428571428571
19,0.8119816715149653,0.8137614277430943,0.5012797619047619,0.4995
20,0.8119816743986947,0.8137614277430943,0.5012797619047619,0.4995
21,0.8119816722415742,0.8137614277430943,0.5012797619047619,0.4995
22,0.8119816733314877,0.8137614277430943,0.5012797619047619,0.4995
23,0.8119816729454767,0.8137614277430943,0.5012797619047619,0.4995
24,0.8119816733087812,0.8137614277430943,0.5012797619047619,0.4995
25,0.8119816744214012,0.8137614277430943,0.5012797619047619,0.4995
26,0.8119816776911417,0.8137614277430943,0.5012797619047619,0.4995
27,0.8119816693351383,0.8137614277430943,0.5012797619047619,0.4995
28,0.8119816682225182,0.8137614277430943,0.5012797619047619,0.4995
29,0.8119816747847057,0.8137614277430943,0.5012797619047619,0.4995
