,loss/train,loss/valid,acc/train,acc/valid
0,0.8119816653160822,0.8137614277430943,0.5012797619047619,0.4995
1,0.8119816707656498,0.8137614277430943,0.5012797619047619,0.4995
2,0.8119816715376718,0.8137614277430943,0.5012797619047619,0.4995
3,0.8119816620463417,0.8137614277430943,0.5012797619047619,0.4995
4,0.8119816678592137,0.8137614277430943,0.5012797619047619,0.4995
5,0.8119816682225182,0.8137614277430943,0.5012797619047619,0.4995
6,0.8119816685858227,0.8137614277430943,0.5012797619047619,0.4995
7,0.8119816718782698,0.8137614277430943,0.5012797619047619,0.4995
8,0.8119816696530296,0.8137614277430943,0.5012797619047619,0.4995
9,0.8119816729908897,0.8137614277430943,0.5012797619047619,0.4995
10,0.8119816751253037,0.8137614277430943,0.5012797619047619,0.4995
11,0.8119816740580967,0.8137614277430943,0.5012797619047619,0.4995
12,0.8119816678592137,0.8137614277430943,0.5012797619047619,0.4995
13,0.8119816693578448,0.8137614277430943,0.5012797619047619,0.4995
14,0.8119816736493792,0.8137614277430943,0.5012797619047619,0.4995
15,0.8119816638628642,0.8137614277430943,0.5012797619047619,0.4995
16,0.8119816700617473,0.8137614277430943,0.5012797619047619,0.4995
17,0.8119816718328566,0.8137614277430943,0.5012797619047619,0.4995
18,0.8119816642034622,0.8137614277430943,0.5012797619047619,0.4995
19,0.8119816722642808,0.8137614277430943,0.5012797619047619,0.4995
20,0.8119816729454767,0.8137614277430943,0.5012797619047619,0.4995
21,0.8119816711516608,0.8137614277430943,0.5012797619047619,0.4995
22,0.8119816693351383,0.8137614277430943,0.5012797619047619,0.4995
23,0.8119816671326047,0.8137614277430943,0.5012797619047619,0.4995
24,0.8119816711516608,0.8137614277430943,0.5012797619047619,0.4995
25,0.8119816747619992,0.8137614277430943,0.5012797619047619,0.4995
26,0.8119816718328566,0.8137614277430943,0.5012797619047619,0.4995
27,0.8119816751253037,0.8137614277430943,0.5012797619047619,0.4995
28,0.8119816627956572,0.8137614277430943,0.5012797619047619,0.4995
29,0.8119816696757362,0.8137614277430943,0.5012797619047619,0.4995
30,0.8119816693124317,0.8137614277430943,0.5012797619047619,0.4995
