,loss/train,loss/valid,acc/train,acc/valid
0,0.6313412762823559,0.633065491267613,0.6795654761904761,0.6778928571428572
1,0.8119757206099374,0.8137614277430943,0.5012857142857143,0.4995
2,0.8119816714468456,0.8137614277430943,0.5012797619047619,0.4995
3,0.8119816805748712,0.8137614277430943,0.5012797619047619,0.4995
4,0.8119816732860747,0.8137614277430943,0.5012797619047619,0.4995
5,0.8119816744214012,0.8137614277430943,0.5012797619047619,0.4995
6,0.8119816638628642,0.8137614277430943,0.5012797619047619,0.4995
7,0.8119816649300712,0.8137614277430943,0.5012797619047619,0.4995
8,0.8119816671326047,0.8137614277430943,0.5012797619047619,0.4995
9,0.8119816667693002,0.8137614277430943,0.5012797619047619,0.4995
10,0.8145411898749215,0.8127614430018834,0.4987202380952381,0.5005
11,0.8145411924634661,0.8127614430018834,0.4987202380952381,0.5005
12,0.8145411956423805,0.8127614430018834,0.4987202380952381,0.5005
13,0.8145411880129859,0.8127614430018834,0.4987202380952381,0.5005
14,0.8145411898749215,0.8127614430018834,0.4987202380952381,0.5005
15,0.8145411934625535,0.8127614430018834,0.4987202380952381,0.5005
16,0.8145411909421285,0.8127614430018834,0.4987202380952381,0.5005
17,0.8145411891028994,0.8127614430018834,0.4987202380952381,0.5005
18,0.8145411920093355,0.8127614430018834,0.4987202380952381,0.5005
19,0.8145411982082186,0.8127614430018834,0.4987202380952381,0.5005
20,0.8119816707656498,0.8137614277430943,0.5012797619047619,0.4995
