,loss/train,loss/valid,acc/train,acc/valid
0,0.6838804060391017,0.6847333842686244,0.544875,0.5423571428571429
1,0.6858940661067054,0.687029336656843,0.5352976190476191,0.5338214285714286
2,0.6924859980855669,0.6938337691170828,0.5234702380952381,0.5211785714285714
3,0.7012643609955197,0.7027726200648716,0.5142559523809523,0.5131428571428571
4,0.7103839879944212,0.7120020424979073,0.5089166666666667,0.5075357142857143
5,0.7193800871712821,0.7210763386317662,0.5059940476190476,0.5038571428571429
6,0.7275525658017113,0.7293067834036691,0.5039464285714286,0.5018571428571429
7,0.7349492380959647,0.7367472316196987,0.5027797619047619,0.501
8,0.7414339261963254,0.7432668195452009,0.50225,0.5004285714285714
9,0.7469709342320761,0.7488289108276367,0.5018928571428571,0.5001071428571429
10,0.7517982061249869,0.753677993774414,0.5016547619047619,0.49992857142857144
11,0.7561480874106997,0.7580480041503906,0.501547619047619,0.49989285714285714
12,0.7599909949075608,0.7619091273716518,0.5014464285714286,0.4997857142857143
13,0.7632866736593701,0.7652190431867327,0.5013809523809524,0.4996785714285714
14,0.7661029269808814,0.7680484771728515,0.5013452380952381,0.49964285714285717
15,0.768566769917806,0.7705240216936384,0.5013035714285714,0.49964285714285717
16,0.7708406262624832,0.7728076629638672,0.5012797619047619,0.49960714285714286
17,0.7728950651486715,0.7748705237252371,0.5012797619047619,0.49960714285714286
18,0.7747086966151283,0.7766914236886161,0.5012738095238095,0.49957142857142856
19,0.7763585521380106,0.778347409929548,0.5012797619047619,0.49957142857142856
20,0.7777637663341704,0.7797577590942383,0.5012797619047619,0.49957142857142856
