,loss/train,loss/valid,acc/train,acc/valid
0,0.0006457103353644174,0.0006554781709398542,0.6471746031746032,0.6487142857142857
1,0.0006381568076118591,0.0006430998160725549,0.6621031746031746,0.6667619047619048
2,0.0005952925634762598,0.0006087440422603062,0.705579365079365,0.7023809523809523
3,0.00079743026173304,0.0008155273709978376,0.502984126984127,0.4967142857142857
4,0.0007193905791592977,0.0007346594333648682,0.5818253968253968,0.577952380952381
5,0.0006574545195178381,0.0006645901941117786,0.6456190476190476,0.6489047619047619
6,0.0006364208724763658,0.0006449002708707537,0.6660555555555555,0.6682857142857143
7,0.0006934955593139407,0.0007069717503729321,0.6077063492063493,0.6060476190476191
8,0.0006409285229349893,0.0006487515653882707,0.6620873015873016,0.6647142857142857
9,0.0007224764019723922,0.0007379920283953348,0.5790238095238095,0.5747142857142857
10,0.0006723894656650603,0.0006808771263985407,0.6299126984126984,0.6331428571428571
11,0.0006674766431725214,0.0006761496606327239,0.6336825396825397,0.6373333333333333
12,0.0006519955689944919,0.0006596635239464896,0.6506587301587302,0.6534761904761904
13,0.0007612271053450448,0.0007688548877125695,0.5398730158730158,0.5453809523809524
14,0.0006855085705007826,0.0006948089315777734,0.6166587301587302,0.6189523809523809
15,0.0007762024047828856,0.0007944620251655579,0.5247142857142857,0.5177619047619048
16,0.0006934640625166514,0.0007031282328424,0.6085238095238096,0.6090952380952381
17,0.00079867289984037,0.0008165452508699326,0.5018809523809524,0.4957142857142857
