,loss/train,loss/valid,acc/train,acc/valid
0,0.0007661542059883238,0.0007799502298945473,0.5338174603174604,0.5334285714285715
1,0.0007564358734895312,0.0007713705471583775,0.5433412698412698,0.5427619047619048
2,0.0007560724748505486,0.0007696241849944705,0.5448968253968254,0.5443809523809524
3,0.0007513258608560714,0.0007634823010081337,0.5501190476190476,0.5496666666666666
4,0.0007555877519032311,0.0007629917519433157,0.5457698412698413,0.5511428571428572
5,0.0007286798674908895,0.0007389678273882185,0.572968253968254,0.5736190476190476
6,0.0007349857716333299,0.0007449010610580444,0.5662222222222222,0.5691428571428572
7,0.0007261917037623269,0.0007362374379521325,0.5755555555555556,0.5776666666666667
8,0.0007508302146480197,0.0007590335579145522,0.5497301587301587,0.5548571428571428
9,0.0007059788902600607,0.0007142726892516726,0.5955714285714285,0.5984285714285714
10,0.0007655266589588589,0.0007803395645959037,0.5362142857142858,0.5324761904761904
11,0.0007584642635451422,0.0007679430047671,0.5421825396825397,0.5444285714285715
12,0.0007674962348408169,0.0007766631018547784,0.5321349206349206,0.5362857142857143
13,0.000713549622467586,0.000725390110697065,0.5875396825396826,0.5873809523809523
14,0.0007737762819206904,0.0007815670456205096,0.5274920634920635,0.5326190476190477
15,0.0007384482049752795,0.0007440733767691113,0.5630238095238095,0.5696190476190476
16,0.000728901551829444,0.0007377910982994807,0.5722698412698413,0.5754761904761905
17,0.0007756632287350912,0.0007808018780889965,0.5252539682539683,0.533
18,0.0007698817342992812,0.0007763297813279288,0.5308571428571428,0.5372857142857143
19,0.000792528111783285,0.0008006568437530881,0.5073650793650794,0.5128571428571429
20,0.0007409112969088175,0.000750435179188138,0.5606666666666666,0.563047619047619
21,0.000764567277261189,0.0007704731907163348,0.5363174603174603,0.544
22,0.0007660675602299827,0.0007748085146858578,0.5347777777777778,0.5392380952380952
23,0.0007519303418341137,0.0007669457168806167,0.5489047619047619,0.5465238095238095
24,0.0007222154447956691,0.0007299364322707766,0.5798174603174603,0.5837619047619048
