,loss/train,loss/valid,acc/train,acc/valid
0,0.0006801598989774311,0.0006909687490690322,0.6180793650793651,0.6173809523809524
1,0.0006457443317723653,0.0006540257192793347,0.652420634920635,0.6553809523809524
2,0.0007807901619918762,0.0007974246399743216,0.5202539682539683,0.5147142857142857
3,0.0007764740434903948,0.0007928943861098517,0.5243492063492063,0.5192380952380953
4,0.0007012078161277468,0.0007121886100087847,0.6015714285714285,0.6005238095238096
5,0.0006971809636978876,0.0007009627762294951,0.6039285714285715,0.6127619047619047
6,0.0007771189870342376,0.0007856426437695822,0.5232936507936508,0.5286666666666666
7,0.0006447512384444948,0.0006496702716464088,0.658547619047619,0.6628095238095238
8,0.0006522384304848928,0.00065681696221942,0.6493174603174603,0.6566190476190477
9,0.000667438392601316,0.0006752522587776184,0.6349920634920635,0.6373809523809524
10,0.0006907591550123124,0.0006951116068022591,0.6124126984126984,0.6189523809523809
11,0.000731327702128698,0.0007368995859509422,0.5693333333333334,0.5762380952380952
12,0.0007377261959371112,0.0007405417561531067,0.564063492063492,0.5728571428571428
13,0.0006853142919994536,0.0006894292206991287,0.6151587301587301,0.6241428571428571
14,0.0006870320945505112,0.0006957429902894156,0.6156746031746032,0.6181428571428571
15,0.0006954789450244298,0.000706842771598271,0.6065158730158731,0.6076666666666667
16,0.0006622963486209748,0.0006748251545996893,0.6392301587301588,0.6379047619047619
17,0.0007039165255569276,0.0007150043958709353,0.5983888888888889,0.5993333333333334
18,0.0007178636093934377,0.0007307256289890835,0.5837698412698412,0.5824285714285714
19,0.0007284776142665318,0.0007435179012162345,0.5728888888888889,0.5701428571428572
20,0.0007584815318622286,0.0007679953064237322,0.5426984126984127,0.5465238095238095
21,0.0007426392454949637,0.0007516297101974488,0.559063492063492,0.5626666666666666
22,0.0007413318370069776,0.0007519144359089079,0.5597777777777778,0.5608571428571428
