,loss/train,loss/valid,acc/train,acc/valid
0,0.0007159333686743463,0.0007282705370868955,0.4987202380952381,0.5005
1,0.0007248144777757781,0.0007373080956084388,0.4987202380952381,0.5005
2,0.0007277838293285597,0.0007401976244790214,0.4987202380952381,0.5005
3,0.0007308659862194743,0.0007430135756731033,0.4987202380952381,0.5005
4,0.0007307009920477867,0.0007425039133855275,0.4987202380952381,0.5005
5,0.0007305345673646246,0.0007424114261354719,0.4987202380952381,0.5005
6,0.0007327997088432312,0.0007445641479321888,0.4987202380952381,0.5005
7,0.0007328405717299098,0.0007449961772986821,0.4987202380952381,0.5005
8,0.0007315126206903231,0.0007438544694866453,0.4987202380952381,0.5005
9,0.0007304199802733603,0.0007422720342874527,0.4987202380952381,0.5005
10,0.0007311923326480957,0.0007426662445068359,0.4987202380952381,0.5005
11,0.0007304035755140441,0.000742463652576719,0.4987202380952381,0.5005
12,0.0007297693029755638,0.0007417682451861245,0.4987202380952381,0.5005
13,0.0007278934188541912,0.0007398353219032288,0.4987202380952381,0.5005
14,0.0007295974127593495,0.0007415221588952201,0.4987202380952381,0.5005
15,0.000729780864857492,0.0007420926136629922,0.4987202380952381,0.5005
