,loss/train,loss/valid,acc/train,acc/valid
0,0.0003959035621512504,0.0004000822284391948,0.5127916666666666,0.5127142857142857
1,0.0003901673594400996,0.000394506288426263,0.5230654761904762,0.52375
2,0.00040116534807852335,0.0004067134005682809,0.5012797619047619,0.4995
3,0.0004008950548512595,0.0004067134005682809,0.5012797619047619,0.4995
4,0.00040116535127162934,0.0004067134005682809,0.5012797619047619,0.4995
5,0.00040143564911115736,0.0004067134005682809,0.5012797619047619,0.4995
6,0.0004010752574318931,0.0004067134005682809,0.5012797619047619,0.4995
7,0.000401345560948054,0.0004067134005682809,0.5012797619047619,0.4995
8,0.00040080495391573226,0.0004067134005682809,0.5012797619047619,0.4995
9,0.00040179604220957985,0.0004067134005682809,0.5012797619047619,0.4995
10,0.0004013455495947883,0.0004067134005682809,0.5012797619047619,0.4995
11,0.00040143565088510515,0.0004067134005682809,0.5012797619047619,0.4995
12,0.00040080495214178446,0.0004067134005682809,0.5012797619047619,0.4995
13,0.0004005346518187296,0.0004067134005682809,0.5012797619047619,0.4995
14,0.00040107524998131254,0.0004067134005682809,0.5012797619047619,0.4995
15,0.00040098515365804947,0.0004067134005682809,0.5012797619047619,0.4995
16,0.0004010752457238379,0.0004067134005682809,0.5012797619047619,0.4995
