,loss/train,loss/valid,acc/train,acc/valid
0,0.00034140929437818983,0.00034553232363292147,0.5369940476190476,0.5379285714285714
1,0.00034140083903358095,0.000345460763999394,0.534375,0.5349642857142857
2,0.0003415297447215943,0.0003454975209065846,0.5276488095238095,0.5285
3,0.0003415398310337748,0.0003455630583422525,0.515452380952381,0.5145
4,0.00034187741932414825,0.0003457888641527721,0.5042321428571429,0.5054285714285714
5,0.00034194908752327875,0.00034604988140719275,0.49973214285714285,0.5016071428571428
6,0.00034216440752858206,0.0003461849774633135,0.4990297619047619,0.5006785714285714
7,0.00034228229203394484,0.00034631928588662827,0.49886309523809524,0.5005714285714286
8,0.0003423563178096499,0.00034632469500814165,0.49882738095238094,0.5005
9,0.00034241652701582227,0.000346450646008764,0.49873809523809526,0.5005357142857143
10,0.0003429535421587172,0.0003468649472509112,0.4987261904761905,0.5005357142857143
11,0.00034345568219820656,0.0003474009441477912,0.4987202380952381,0.5005
12,0.000344045962251368,0.0003480153339249747,0.4987202380952381,0.5005
13,0.00034450756332704,0.0003484509459563664,0.4987202380952381,0.5005
14,0.00034503589286690665,0.0003487880996295384,0.4987202380952381,0.5005
15,0.000345148086193062,0.00034893116993563514,0.4987202380952381,0.5005
16,0.000345108823407264,0.0003489792730127062,0.4987202380952381,0.5005
17,0.000345354933823858,0.000349366694688797,0.4987202380952381,0.5005
