,loss/train,loss/valid,acc/train,acc/valid
0,0.0007125309173549925,0.0007248509100505284,0.4986964285714286,0.5004642857142857
1,0.0007328394101489158,0.0007453077456780842,0.4987202380952381,0.5005
2,0.0007479867044658888,0.0007604378546987261,0.4987202380952381,0.5005
3,0.0007503478260976928,0.0007629289329051972,0.4987202380952381,0.5005
4,0.000742926700484185,0.0007556245986904417,0.4987202380952381,0.5005
5,0.0007411409485198202,0.0007536747476884297,0.4987202380952381,0.5005
6,0.0007394141842211996,0.0007519312096493585,0.4987202380952381,0.5005
7,0.0007391061431595257,0.0007515458251748766,0.4987202380952381,0.5005
8,0.000738605776713008,0.0007510628487382617,0.4987202380952381,0.5005
9,0.0007383002653008415,0.0007509477691990989,0.4987202380952381,0.5005
10,0.0007392294658791452,0.0007521316983870097,0.4987202380952381,0.5005
11,0.000742311360225791,0.0007545768937894276,0.4987202380952381,0.5005
12,0.0007391824225584666,0.0007515182239668709,0.4987202380952381,0.5005
13,0.0007368170523217746,0.0007489919641188213,0.4987202380952381,0.5005
14,0.0007351568351898875,0.0007476879571165357,0.4987202380952381,0.5005
15,0.000734677167165847,0.0007473333861146654,0.4987202380952381,0.5005
