,loss/train,loss/valid,acc/train,acc/valid
0,0.0006813169430409159,0.000693814897111484,0.5017321428571428,0.5021428571428571
1,0.0006802755363640331,0.0006926304187093462,0.5131904761904762,0.5142857142857142
2,0.0006805189152558644,0.0006927480357033866,0.515154761904762,0.5194285714285715
3,0.0006810340881347656,0.0006932174882718495,0.5115059523809524,0.5125357142857143
4,0.0006833102185101736,0.0006953104053224836,0.5014821428571429,0.5029642857142858
5,0.0006844133457967214,0.0006963200122117997,0.5000119047619047,0.50125
6,0.0006870096368449075,0.0006988160078014647,0.4988690476190476,0.5006785714285714
7,0.0006888342439418748,0.0007006943353584835,0.4988214285714286,0.5004285714285714
8,0.0006919728702022915,0.0007039205389363425,0.4987261904761905,0.5005
9,0.0006947897910362198,0.0007065495657069342,0.4987202380952381,0.5005
10,0.000698263358502161,0.0007101543077400752,0.4987202380952381,0.5005
11,0.0006994859136286236,0.0007112964306558882,0.4987202380952381,0.5005
12,0.0007022939707551684,0.0007145164140633175,0.4987202380952381,0.5005
13,0.0007055800674217088,0.0007175031325646809,0.4987202380952381,0.5005
14,0.000706993617117405,0.0007191390480313982,0.4987202380952381,0.5005
15,0.0007065336502024105,0.0007187023503439767,0.4987202380952381,0.5005
16,0.0007126419700327374,0.0007243348360061646,0.4987202380952381,0.5005
17,0.0007135660967656544,0.0007255225820200784,0.4987202380952381,0.5005
