,loss/train,loss/valid,acc/train,acc/valid
0,0.0006839170431097349,0.000695689673934664,0.49876190476190474,0.5003928571428572
1,0.0006852910575412569,0.0006969866220440183,0.4987202380952381,0.5005
2,0.0006867690824327014,0.0006987226328679494,0.4987202380952381,0.5005
3,0.0006881857205714499,0.0006998077481985092,0.4987202380952381,0.5005
4,0.0006892096747954686,0.0007008963120835168,0.4987202380952381,0.5005
5,0.000689863774393286,0.0007016386411019734,0.4987202380952381,0.5005
6,0.0006907594477136929,0.0007023455117430006,0.4987202380952381,0.5005
7,0.0006910419847284045,0.0007027017495461873,0.4987202380952381,0.5005
8,0.0006921471605698268,0.0007038695280041014,0.4987202380952381,0.5005
9,0.0006930528038314411,0.0007048502117395401,0.4987202380952381,0.5005
10,0.0006926924685637156,0.000704438641667366,0.4987202380952381,0.5005
11,0.0006946440158145769,0.0007062739304133824,0.4987202380952381,0.5005
12,0.000695111347096307,0.0007066712783915656,0.4987202380952381,0.5005
13,0.0006957003921270371,0.0007073723375797271,0.4987202380952381,0.5005
14,0.000695297617997442,0.0007069638818502426,0.4987202380952381,0.5005
15,0.0006959480409111296,0.0007075077827487673,0.4987202380952381,0.5005
