,loss/train,loss/valid,acc/train,acc/valid
0,0.0007030870261646452,0.0007154218299048287,0.49960119047619045,0.5012857142857143
1,0.0007165932566637085,0.0007290374913385936,0.4987916666666667,0.5005
2,0.0007288331737120946,0.0007409088824476515,0.4987202380952381,0.5005
3,0.0007364832524742399,0.0007483822809798377,0.4987202380952381,0.5005
4,0.0007443158314341591,0.0007568909163985934,0.4987202380952381,0.5005
5,0.0007508981110794204,0.0007632035804646356,0.4987202380952381,0.5005
6,0.0007535294326288359,0.0007657023242541722,0.4987202380952381,0.5005
7,0.0007577880571285883,0.0007701283970049449,0.4987202380952381,0.5005
8,0.0007579696880919592,0.0007706005104950496,0.4987202380952381,0.5005
9,0.000760929395755132,0.0007731996604374477,0.4987202380952381,0.5005
10,0.0007612629557649294,0.0007739644582782473,0.4987202380952381,0.5005
11,0.0007626095878935996,0.0007747949106352669,0.4987202380952381,0.5005
12,0.0007639580858605249,0.0007762399699006762,0.4987202380952381,0.5005
13,0.0007642795663504373,0.0007764093641723905,0.4987202380952381,0.5005
14,0.0007626066715234801,0.0007751574345997402,0.4987202380952381,0.5005
15,0.000762999448747862,0.0007752416070018496,0.4987202380952381,0.5005
