,loss/train,loss/valid,acc/train,acc/valid
0,0.0007115438644375119,0.0007228313641888755,0.4989642857142857,0.50075
1,0.000709302914639314,0.0007210811887468611,0.4989702380952381,0.5007142857142857
2,0.0007106173049126353,0.0007221587087426867,0.49892857142857144,0.5007142857142857
3,0.000711659730545112,0.0007225678712129593,0.4989642857142857,0.5006785714285714
4,0.0007107165995098296,0.0007218088975974492,0.49894642857142857,0.5007142857142857
5,0.000713679606006259,0.0007250043600797653,0.4988214285714286,0.5006428571428572
6,0.0007124729436777887,0.0007239103189536503,0.4988095238095238,0.5006071428571428
7,0.0007142749006549518,0.0007256883638245719,0.49882738095238094,0.5006428571428572
8,0.000712084643187977,0.0007236428601401193,0.4989047619047619,0.5006071428571428
9,0.0007138037642552739,0.0007251798531838825,0.4988214285714286,0.5006071428571428
10,0.000712297532530058,0.0007235308715275356,0.49882738095238094,0.5005714285714286
11,0.000714208127842063,0.0007255039108651025,0.4988095238095238,0.5006428571428572
12,0.0007146600488395918,0.0007257567729268755,0.4987797619047619,0.5006071428571428
13,0.0007118319911616189,0.0007231856286525726,0.4988214285714286,0.5006071428571428
14,0.0007129003189149357,0.0007242934171642576,0.4987916666666667,0.5006071428571428
15,0.0007156177358258338,0.000727116367646626,0.4987738095238095,0.5005714285714286
16,0.0007161919463958059,0.0007273144040788923,0.4987797619047619,0.5005357142857143
