,loss/train,loss/valid,acc/train,acc/valid
0,0.0007285342553541773,0.0007408667419637953,0.4991488095238095,0.5007142857142857
1,0.0007319840238917441,0.0007448045696531023,0.4991011904761905,0.5005
2,0.0007349911796904746,0.0007474092500550407,0.4990476190476191,0.5005714285714286
3,0.0007402429218803133,0.0007525301767247063,0.498875,0.5004642857142857
4,0.0007447605934881029,0.0007572839558124542,0.4987916666666667,0.5005
5,0.0007463483310171536,0.000758678485240255,0.4987440476190476,0.5004642857142857
6,0.0007462369863476072,0.00075856999201434,0.49873809523809526,0.5004642857142857
7,0.0007472302136676653,0.0007594306319952011,0.49873809523809526,0.5004642857142857
8,0.0007456276338724863,0.0007581014526741846,0.49873809523809526,0.5004642857142857
9,0.0007472627627707663,0.0007591989487409592,0.4987261904761905,0.5005
10,0.0007467778623104095,0.000759150926555906,0.4987261904761905,0.5004642857142857
11,0.0007476109880067053,0.0007595031005995615,0.49873214285714285,0.5004642857142857
12,0.0007461715184506916,0.0007582928836345672,0.49873214285714285,0.5004642857142857
13,0.000746311081307275,0.000758375774536814,0.49873214285714285,0.5004642857142857
14,0.0007462341774787222,0.0007580226702349526,0.49873214285714285,0.5004642857142857
15,0.0007457534805649803,0.0007576025596686772,0.49873214285714285,0.5004642857142857
