,loss/train,loss/valid,acc/train,acc/valid
0,0.0006898569922362055,0.0007008006934608732,0.6106904761904762,0.613
1,0.0006686080988673937,0.0006784442620618003,0.6320297619047619,0.6351071428571429
2,0.0007040289970380919,0.0007151359851871218,0.5963452380952381,0.5982857142857143
3,0.0007535532730675879,0.0007678446237530028,0.5455892857142857,0.5455357142857142
4,0.0006903741026208514,0.0007014781428234918,0.6100714285714286,0.6119642857142857
5,0.0006942515217122577,0.0007040695271321706,0.6066607142857143,0.60975
6,0.0006885283670964695,0.0006998959353991918,0.6120297619047619,0.6138928571428571
7,0.0006895021867184412,0.0006994850124631609,0.6119464285714286,0.6143928571428572
8,0.0006820284915821893,0.0006960596569946834,0.6191845238095238,0.6179285714285714
9,0.0006832006885891869,0.0006975576260260173,0.6178928571428571,0.6162857142857143
10,0.0007060044571047737,0.0007202236929110119,0.5941607142857143,0.5933928571428572
11,0.0007333126185195786,0.0007458707924400057,0.566327380952381,0.5676071428571429
12,0.0006937103800120808,0.0007042587633643831,0.6069940476190476,0.6096071428571429
13,0.0007121519769231478,0.0007221431114843913,0.5882083333333333,0.5914642857142857
14,0.0006711674332618713,0.0006805228867701121,0.6297261904761905,0.6328928571428571
15,0.0006706982854576338,0.0006804128608533315,0.6304761904761905,0.6332857142857143
16,0.0006699083940613838,0.0006802969213042941,0.6307619047619047,0.6334285714285715
