,loss/train,loss/valid,acc/train,acc/valid
0,0.0006829522433025497,0.0006951874643564225,0.5038154761904762,0.5051071428571429
1,0.0006844650531808535,0.0006966578555958611,0.4987202380952381,0.5004642857142857
2,0.000684485722155798,0.0006966821721621922,0.49873214285714285,0.5005357142857143
3,0.0006843269481545403,0.0006964087060519627,0.4987738095238095,0.5005714285714286
4,0.0006846306281430381,0.0006968262749058859,0.4987202380952381,0.5005
5,0.0006841419711709023,0.0006962844622986657,0.4987440476190476,0.5005357142857143
6,0.0006849946716711634,0.0006971182950905391,0.4987202380952381,0.5005
7,0.0006845827116852715,0.0006968293253864561,0.4987261904761905,0.5005
8,0.0006850887033201399,0.0006970669435603278,0.4987202380952381,0.5005
9,0.0006856972504229773,0.0006978201823575156,0.4987202380952381,0.5005
10,0.0006856115634242694,0.0006978097536734173,0.4987202380952381,0.5005
11,0.0006861591183003925,0.0006982241932834898,0.4987202380952381,0.5005
12,0.0006871996351650783,0.0006991867252758571,0.4987202380952381,0.5005
13,0.0006881436038584936,0.0007001286383186068,0.4987202380952381,0.5005
14,0.000688379956852822,0.0007003908327647618,0.4987202380952381,0.5005
15,0.0006895991471551713,0.0007015448127474104,0.4987202380952381,0.5005
