,loss/train,loss/valid,acc/train,acc/valid
0,0.0006841859157596316,0.0006969303765467235,0.5185654761904762,0.5187857142857143
1,0.0006846561630566915,0.000697443351149559,0.5178928571428572,0.5175
2,0.0006859505832904861,0.0006985094611133848,0.5160535714285714,0.5171071428571429
3,0.0006858373234669367,0.0006985944275345121,0.5157321428571429,0.51725
4,0.0006864486663114457,0.0006989488963569914,0.5139464285714286,0.5165357142857143
5,0.0006856558266140166,0.000698228948882648,0.5149880952380952,0.5172142857142857
6,0.0006874080750913847,0.0007001673877239228,0.5118809523809524,0.51475
7,0.0006876474398942221,0.0007002335126910891,0.5112619047619048,0.5139642857142858
8,0.0006871683118598802,0.0006999287647860391,0.5117738095238096,0.5144642857142857
9,0.0006873288555514245,0.0007001292258501053,0.5111904761904762,0.5136071428571428
10,0.0006872234756038302,0.0006997492121798652,0.5108809523809524,0.5135
11,0.0006882924792312441,0.0007007439221654619,0.5095416666666667,0.5123214285714286
12,0.000688538844031947,0.000701278024486133,0.5084166666666666,0.5111071428571429
13,0.000689399398508526,0.0007018397322722844,0.5075238095238095,0.5096071428571428
14,0.0006884197209562574,0.0007009260548012597,0.5079940476190477,0.5104285714285715
15,0.0006900613659194538,0.0007025269227368491,0.5071666666666667,0.5094285714285715
