,loss/train,loss/valid,acc/train,acc/valid
0,0.0003243208108913331,0.00032722430569784983,0.6150119047619048,0.6178928571428571
1,0.0003160078784539586,0.0003192801262651171,0.6355238095238095,0.6377142857142857
2,0.00033398272522858213,0.0003372978035892759,0.6349880952380952,0.6362857142857142
3,0.00034600368177606947,0.0003490297453744071,0.6034226190476191,0.60625
4,0.00033030561748005095,0.0003344396331480571,0.6400178571428572,0.6403214285714286
5,0.0003245402705811319,0.00032886983454227445,0.6504940476190476,0.6503928571428571
6,0.00035025554043906074,0.0003538577492747988,0.5953214285714286,0.5953928571428572
7,0.0003346769249155408,0.0003383949803454535,0.6291428571428571,0.6306071428571428
8,0.0003208192189534505,0.00032354568157877243,0.6561666666666667,0.6596785714285714
9,0.00034683392764556974,0.00034873232458318984,0.6090535714285714,0.6133928571428572
10,0.0003310329126460212,0.0003347790560552052,0.6414821428571429,0.64275
11,0.00039310937658661887,0.0003978555883680071,0.5166130952380953,0.5176071428571428
12,0.0003471683288613955,0.00035173873603343964,0.6114226190476191,0.6098571428571429
13,0.00033592471657764345,0.0003399899240050997,0.632,0.6330357142857143
14,0.00034697779551857993,0.0003510022865874427,0.6108809523809524,0.61125
15,0.00033684459257693516,0.0003412837449993406,0.6311547619047619,0.6304285714285714
16,0.0003506860367598988,0.0003551811767475946,0.6029880952380953,0.6026785714285714
