,loss/train,loss/valid,acc/train,acc/valid
0,0.0006698215578993162,0.0006793901132685797,0.6314761904761905,0.6343571428571428
1,0.000669041300103778,0.0006793901132685797,0.6314702380952381,0.6343571428571428
2,0.0006695596926978657,0.0006794249905007227,0.6314761904761905,0.6343214285714286
3,0.0006904670709655398,0.0007006251088210514,0.610827380952381,0.6131071428571429
4,0.0006898054948874882,0.0007000637927225658,0.611077380952381,0.6136071428571429
5,0.0006894046000781514,0.0007006778802190508,0.6105297619047619,0.6130357142857142
6,0.0006904251649975777,0.0007007792890071869,0.6106428571428572,0.613
7,0.0006896903901582672,0.0007007095984050206,0.6106845238095238,0.6130714285714286
8,0.0006897067484401521,0.0007007097942488534,0.6106666666666667,0.6130714285714286
9,0.0006902099457525071,0.0007007109182221549,0.6106845238095238,0.6130714285714286
10,0.0006899922387230964,0.0006994957881314414,0.6112619047619048,0.6141785714285715
11,0.0006899861487604323,0.0007007507937295096,0.610827380952381,0.6128928571428571
12,0.0006898930133098647,0.0007008205481937954,0.6107440476190477,0.6128214285714285
13,0.0006901604096804346,0.0007006810392652239,0.6107380952380952,0.6129642857142857
14,0.000690193727967285,0.0007007856709616524,0.6107916666666666,0.6128571428571429
15,0.0006902185408841996,0.0007009568853037698,0.6107678571428572,0.61275
