,loss/train,loss/valid,acc/train,acc/valid
0,0.0003224930117527644,0.00032545205524989537,0.6307440476190476,0.63675
1,0.00031759744882583617,0.0003208682771239962,0.644875,0.6506071428571428
2,0.00031563850882507504,0.0003187506241457803,0.652702380952381,0.6553571428571429
3,0.0003182159151349749,0.00032167927495070864,0.6403511904761905,0.6424642857142857
4,0.000320658103341148,0.0003241785956280572,0.6489166666666667,0.6473214285714286
5,0.00031807640939950945,0.0003216980525425502,0.6482440476190476,0.6503571428571429
6,0.0003165203506747882,0.00032016611737864357,0.663779761904762,0.6642857142857143
7,0.0003150223085568065,0.0003185544184276036,0.6626309523809524,0.6638571428571428
8,0.0003183818388552893,0.00032199546481881825,0.6576785714285714,0.6582142857142858
9,0.000318697323401769,0.0003224075606891087,0.6580119047619047,0.6606428571428572
10,0.0003166422375610897,0.0003198084192616599,0.6637738095238095,0.6678571428571428
11,0.00031813386047170275,0.0003218432345560619,0.6552797619047619,0.6564285714285715
12,0.0003169060480736551,0.00032062472403049467,0.65275,0.6544285714285715
13,0.0003183883574037325,0.00032203114671366554,0.643327380952381,0.6432142857142857
14,0.00031653071336802983,0.0003202046560389655,0.6624464285714285,0.6644285714285715
15,0.0003155646384471939,0.00031925342764173233,0.664797619047619,0.6646071428571428
16,0.00031642871030739374,0.0003202148335320609,0.6551547619047619,0.6565357142857143
17,0.00031702737935951776,0.0003207073850291116,0.6659583333333333,0.6691428571428572
