,loss/train,loss/valid,acc/train,acc/valid
0,0.0006907502015431722,0.0006894001662731171,0.5086666666666667,0.5225
1,0.0007861217906077703,0.0007990185022354126,0.5001666666666666,0.4875
2,0.0007500555366277695,0.0007619020938873291,0.5120833333333333,0.501
3,0.0006355662643909454,0.0006474831700325012,0.6438333333333334,0.6255
4,0.0006256722460190455,0.0006303943395614624,0.6588333333333334,0.648
5,0.0006325462460517883,0.0006340888440608979,0.653,0.651
6,0.0006504297157128652,0.0006492556035518646,0.6195833333333334,0.6265
7,0.0006361287136872609,0.000637275218963623,0.6491666666666667,0.648
8,0.000634764830271403,0.0006350215077400208,0.6403333333333333,0.6465
9,0.0006349325428406398,0.0006365010142326355,0.62875,0.6315
10,0.0006256030897299449,0.0006274380087852478,0.6601666666666667,0.6615
11,0.0006344292759895325,0.0006332617104053498,0.6501666666666667,0.6555
12,0.0006140250513950984,0.000620512068271637,0.6755833333333333,0.663
13,0.0006236081173022588,0.000626596987247467,0.666,0.6645
14,0.0005991313556830088,0.0006108980476856232,0.7009166666666666,0.6705
15,0.0006041131118933359,0.00061024409532547,0.691,0.6745
16,0.000607347771525383,0.0006133196949958802,0.6923333333333334,0.6695
17,0.0006063490658998489,0.0006117616295814514,0.68875,0.672
18,0.0006051076799631119,0.0006186270415782928,0.693,0.6665
19,0.0006066468258698781,0.0006164564490318299,0.69675,0.676
20,0.0006058845768372218,0.0006144255995750428,0.6898333333333333,0.675
21,0.0006038230508565903,0.0006117935180664062,0.6931666666666667,0.673
22,0.0006042958050966263,0.0006106673181056977,0.6908333333333333,0.6725
23,0.0006057398021221161,0.0006115429699420929,0.6846666666666666,0.6695
24,0.0006004367520411809,0.0006086821556091309,0.6985,0.679
25,0.000600317433476448,0.0006085773408412934,0.70025,0.681
26,0.0006022415508826574,0.0006096852421760559,0.6955,0.6805
27,0.0006022700816392899,0.0006097383201122284,0.6943333333333334,0.683
28,0.0006018362194299698,0.0006099593937397003,0.6945,0.6815
29,0.000602265199025472,0.0006100979149341584,0.6941666666666667,0.6815
30,0.0006027376353740692,0.0006102489233016968,0.6886666666666666,0.6815
