,loss/train,loss/valid,acc/train,acc/valid
0,0.0007187324074052629,0.0007330843444381442,0.5012797619047619,0.4995
1,0.0007121409465159689,0.0007257912371839795,0.5012797619047619,0.4995
2,0.0007063488140702247,0.0007198792291539056,0.5012797619047619,0.4995
3,0.0006977285189288003,0.0007110469575439181,0.5012797619047619,0.4995
4,0.0006914253798978669,0.0007044407512460436,0.5012619047619048,0.4995357142857143
5,0.0006885052160138176,0.0007014439680746624,0.5012023809523809,0.4991785714285714
6,0.0006847059379021327,0.0006974416758332933,0.5001190476190476,0.49764285714285716
7,0.0006844016157445454,0.0006970739045313426,0.5002440476190476,0.49760714285714286
8,0.0006842137113923118,0.0006969980597496033,0.49989285714285714,0.4975
9,0.0006832933000155858,0.0006959363605294909,0.5004404761904762,0.49725
10,0.0006812067539209411,0.0006935708288635527,0.5042083333333334,0.49985714285714283
11,0.0006801214349411782,0.000692340972168105,0.5141607142857143,0.5176785714285714
12,0.0006797146392720086,0.0006917730484689985,0.5201190476190476,0.5263214285714286
13,0.0006797322382529577,0.0006917719415255955,0.5186845238095238,0.5255
14,0.0006800731509214356,0.0006919283952031817,0.5155773809523809,0.5186785714285714
15,0.0006801743092281478,0.0006922067808253424,0.5136190476190476,0.5156785714285714
16,0.000680002606340817,0.0006919839935643332,0.5165773809523809,0.5203214285714286
17,0.0006808920541689509,0.0006927977310759681,0.5081190476190476,0.5091785714285715
18,0.0006808549311189424,0.0006926937358719962,0.5084702380952381,0.5086785714285714
19,0.0006824046497543653,0.0006941554716655186,0.5026785714285714,0.5045
20,0.0006823163351842335,0.0006941261291503907,0.5025952380952381,0.5041071428571429
21,0.0006838001314373244,0.0006955189172710691,0.5003928571428572,0.5020714285714286
22,0.0006830515971495991,0.0006949140046324048,0.5009404761904762,0.5027857142857143
23,0.0006833527134287925,0.0006952847625528063,0.5006785714285714,0.5024285714285714
24,0.0006836791655847004,0.0006954499099935804,0.5004345238095238,0.502
25,0.0006849711714755921,0.0006967155571494783,0.49948809523809523,0.5014285714285714
26,0.000685264324148496,0.0006968453909669604,0.49933333333333335,0.5016071428571428
27,0.0006856327979337601,0.0006974903174809047,0.4991488095238095,0.5013214285714286
28,0.0006865052371507599,0.0006983534970453807,0.4989702380952381,0.5009642857142858
29,0.0006865657142230443,0.0006983303363834109,0.49900595238095236,0.5010357142857143
