,loss/train,loss/valid,acc/train,acc/valid
0,0.00037633512311038516,0.0003784239739179611,0.5523452380952381,0.5558571428571428
1,0.00034489005449272336,0.00034866012632846834,0.6148392857142857,0.6153571428571428
2,0.0003390874557551884,0.00034221630224159786,0.6273035714285714,0.6282857142857143
3,0.000335607267561413,0.00033919966220855713,0.632827380952381,0.6343571428571428
4,0.0003413394835023653,0.0003447743207216263,0.6211071428571429,0.6236071428571428
5,0.00033433075745900473,0.00033610301996980394,0.6369940476190477,0.6405714285714286
6,0.00033737747832423166,0.00034083382998194013,0.6284285714285714,0.6313571428571428
7,0.0003465268945410138,0.0003495002559253148,0.6118154761904762,0.61375
8,0.0003455576123226257,0.0003475196553128106,0.6140297619047619,0.6179642857142857
9,0.00035175089680013205,0.00035480491391250065,0.6003333333333334,0.6031785714285715
10,0.0003650996440223285,0.00036922697935785567,0.5729880952380952,0.5741785714285714
11,0.0003407236539891788,0.00034435514892850605,0.6249583333333333,0.6246428571428572
12,0.00035543653262513024,0.00035811518558434075,0.5931428571428572,0.5972142857142857
13,0.0003443063660746529,0.00034776138620717185,0.6159642857142857,0.6179642857142857
14,0.00034017066515627364,0.00034332454204559325,0.6241309523809524,0.6263571428571428
15,0.00033704094340403874,0.00033938085181372504,0.6299285714285714,0.63475
16,0.000341958883972395,0.0003445057911532266,0.6213452380952381,0.6241428571428571
17,0.00033418900697004225,0.0003382594266108104,0.6365654761904762,0.6367857142857143
18,0.0003367702176883107,0.0003385677529232843,0.6320892857142857,0.6361071428571429
19,0.0003352435539875712,0.00034015587397984094,0.6345238095238095,0.6325357142857143
20,0.00033653465658426286,0.0003404098791735513,0.6321666666666667,0.6324285714285715
