,loss/train,loss/valid,acc/train,acc/valid
0,0.0003446369376920518,0.0003488823537315641,0.3738690476190476,0.3709642857142857
1,0.0003444326562540872,0.0003486412657158715,0.4438869047619048,0.44160714285714286
2,0.00034438903274990263,0.0003485808372497559,0.47907738095238095,0.4805
3,0.00034422783021415985,0.0003484332306044442,0.4953452380952381,0.49792857142857144
4,0.0003442099342743556,0.0003483811744621822,0.4982916666666667,0.5003214285714286
5,0.0003441623342888696,0.00034833417194230214,0.4986785714285714,0.5004285714285714
6,0.00034411784758170443,0.0003482944603477206,0.4987261904761905,0.5005
7,0.0003441772425458545,0.00034832973991121566,0.4987202380952381,0.5005
8,0.00034429976769856043,0.0003483463078737259,0.4987202380952381,0.5005
9,0.00034431291548978716,0.0003484291966472353,0.4987202380952381,0.5005
10,0.00034451969996804284,0.000348525162254061,0.4987202380952381,0.5005
11,0.00034443685589801695,0.0003485666534730366,0.4987202380952381,0.5005
12,0.0003446748831442424,0.0003487006766455514,0.4987202380952381,0.5005
13,0.0003447929649125962,0.00034880951472691127,0.4987202380952381,0.5005
14,0.00034497059065671196,0.00034896703915936607,0.4987202380952381,0.5005
15,0.00034499760965506237,0.0003491027674504689,0.4987202380952381,0.5005
16,0.0003451948485204152,0.0003492365458181926,0.4987202380952381,0.5005
17,0.0003453973169837679,0.00034945475842271533,0.4987202380952381,0.5005
18,0.00034566310757682436,0.00034960141352244784,0.4987202380952381,0.5005
19,0.00034567759860129583,0.00034979221437658585,0.4987202380952381,0.5005
20,0.0003460502787714913,0.00034997556252138953,0.4987202380952381,0.5005
21,0.0003461269580182575,0.00035013169050216673,0.4987202380952381,0.5005
22,0.0003463348270881744,0.00035031328669616154,0.4987202380952381,0.5005
23,0.00034630748061906724,0.000350501292518207,0.4987202380952381,0.5005
