,loss/train,loss/valid,acc/train,acc/valid
0,0.0006245194081039656,0.000637376355273383,0.6440654761904762,0.6433214285714286
1,0.0006089971618992942,0.000619636065193585,0.6678154761904762,0.6693214285714286
2,0.0006085951874653499,0.0006185671389102936,0.6593035714285714,0.6597142857142857
3,0.0007875106959115892,0.000804716665829931,0.5099404761904762,0.5083214285714286
4,0.0006834676695011911,0.0006942188995225089,0.6146904761904762,0.6173214285714286
5,0.0007939500808715821,0.0008062956950494222,0.5052678571428572,0.5068571428571429
6,0.000682929053193047,0.0006941662430763244,0.6157619047619047,0.617
7,0.0006689344396193822,0.0006802911864859717,0.6310357142857143,0.6323214285714286
8,0.0006585485693954286,0.000667758509516716,0.6417261904761905,0.645
9,0.0007029751216371855,0.0007131725805146354,0.5972142857142857,0.6000357142857143
10,0.0007343540248416719,0.0007438808786017554,0.5652619047619047,0.5693214285714285
11,0.0007948023911033358,0.0008069029237542833,0.503470238095238,0.506
12,0.0007540267961365836,0.0007653658432619912,0.5458273809523809,0.5479285714285714
13,0.0006775266694880667,0.0006870144307613373,0.6230714285714286,0.6268928571428571
14,0.0007141923248058274,0.0007256086681570325,0.5859821428571429,0.5881071428571428
15,0.0006720866270008541,0.0006835347222430365,0.628297619047619,0.6303571428571428
16,0.0006694843247532844,0.0006798868839229856,0.6309880952380953,0.6337142857142857
17,0.0006688650615868114,0.0006799794776099069,0.6316488095238095,0.6338214285714285
