,loss/train,loss/valid,acc/train,acc/valid
0,0.0006989738096793493,0.0006958585083484649,0.50075,0.5135
1,0.0007125359624624252,0.000705643653869629,0.50075,0.5135
2,0.000646364077925682,0.000645646333694458,0.6445,0.639
3,0.0006399230112632115,0.0006370635628700256,0.63875,0.639
4,0.000644001230597496,0.0006423172354698181,0.6314166666666666,0.6365
5,0.0006492873777945836,0.0006466624736785889,0.6211666666666666,0.618
6,0.0006586933135986329,0.000655609130859375,0.5955,0.604
7,0.0006638163179159165,0.0006601992547512055,0.58425,0.584
8,0.0006648533542950949,0.0006614497900009155,0.5805833333333333,0.587
9,0.0006671944955984751,0.0006633113026618957,0.5813333333333334,0.5895
10,0.0006463400771220525,0.000647853285074234,0.6298333333333334,0.6285
11,0.0006554214159647624,0.0006509612500667572,0.60825,0.6105
12,0.0006621815164883931,0.0006580924987792968,0.60125,0.6065
13,0.0006542043387889863,0.0006515780985355377,0.6071666666666666,0.608
14,0.0006568030367294947,0.0006562784612178802,0.5973333333333334,0.5985
15,0.0006592866778373719,0.0006595472693443298,0.5933333333333334,0.5975
16,0.0006619490683078766,0.0006603304743766784,0.59325,0.599
17,0.000657740314801534,0.000656672716140747,0.60125,0.6065
18,0.0006441959093014399,0.0006445870995521546,0.6244166666666666,0.6325
