,loss/train,loss/valid,acc/train,acc/valid
0,0.0006325510080371585,0.0006432734514985766,0.6459583333333333,0.64425
1,0.0006155562418557348,0.0006268977246114186,0.6636071428571428,0.6616428571428571
2,0.0006712501655731883,0.0006838304911340986,0.5236071428571428,0.5219285714285714
3,0.0006762715411328135,0.0006858100422791072,0.6188928571428571,0.6219642857142857
4,0.0006872230420509974,0.0007029215161289487,0.6119821428571428,0.6085
5,0.0007618448773310298,0.0007762669942208699,0.5365714285714286,0.5357857142857143
6,0.0006648129434103058,0.0006762267159564154,0.6350416666666666,0.6359642857142858
7,0.0006683015269892557,0.0006797500784908022,0.6294404761904762,0.6314642857142857
8,0.0006652940273994491,0.0006746892354318074,0.6297202380952381,0.634
9,0.0006812479730163302,0.0006921929035867963,0.6182321428571429,0.6204642857142857
10,0.0007016789114900997,0.0007121311383587974,0.5974821428571429,0.6005357142857143
11,0.0006925743403179305,0.0007032529945884432,0.6079404761904762,0.6101428571428571
12,0.0007956730872392654,0.0008081939880337034,0.5031011904761905,0.50475
13,0.0006991109475493431,0.0007077496605260032,0.601202380952381,0.6054642857142857
14,0.0006744010001420975,0.0006831596131835666,0.6269464285714286,0.6304642857142857
15,0.0006780692828553063,0.000690909458058221,0.6227678571428571,0.6223928571428572
16,0.0006855801617105802,0.0006982176601886749,0.6143869047619047,0.6154642857142857
