,loss/train,loss/valid,acc/train,acc/valid
0,0.0006789156351061094,0.0006916532495192119,0.5281845238095239,0.5231428571428571
1,0.0006846640532215436,0.0006967111932379859,0.5080476190476191,0.5102857142857142
2,0.000689350239222958,0.0007013375482388905,0.5012202380952381,0.5034642857142857
3,0.0006934735374081703,0.000705369085073471,0.4995297619047619,0.5015357142857143
4,0.0006906993399773325,0.0007027035760028021,0.5001309523809524,0.5020714285714286
5,0.0006888785330312593,0.0007007888619388853,0.5004940476190476,0.5025357142857143
6,0.0006945179860506739,0.0007062945919377463,0.49902380952380954,0.5007857142857143
7,0.000691270021100839,0.0007032050022057124,0.4992261904761905,0.5010714285714286
8,0.0006907634976364318,0.0007027730281863894,0.4992797619047619,0.5009642857142858
9,0.000689851670392922,0.0007016440204211644,0.4995357142857143,0.50125
10,0.00068723195400976,0.0006990691040243422,0.5004404761904762,0.5021071428571429
11,0.0006884384790346736,0.00070024431177548,0.49995833333333334,0.5015357142857143
12,0.000683811601073969,0.0006953713212694441,0.5023273809523809,0.5047857142857143
13,0.000687565083305041,0.0006989864323820387,0.5005357142857143,0.5019642857142858
14,0.0006833025614420573,0.0006951787705932345,0.502125,0.5041071428571429
15,0.0006833558366412208,0.0006950275238071169,0.5024464285714285,0.5043928571428572
