,loss/train,loss/valid,acc/train,acc/valid
0,0.0006871024966239929,0.0007010379199470793,0.4929404761904762,0.4865357142857143
1,0.0006863261081633113,0.0007001632856471198,0.5002321428571429,0.49557142857142855
2,0.0006858212742067519,0.0006996509198631559,0.505875,0.5023214285714286
3,0.0006871366273789179,0.0007006611951759883,0.5081547619047619,0.5063214285714286
4,0.0006871467768436386,0.000700809753366879,0.5098392857142857,0.5076428571428572
5,0.0006869813739543869,0.0007006255601133619,0.5106666666666667,0.5081428571428571
6,0.0006890530174686795,0.0007025029978581837,0.5098928571428571,0.5085357142857143
7,0.0006894030943512916,0.0007027145304850169,0.510077380952381,0.5077857142857143
8,0.0006903467011593637,0.0007036555302994592,0.5088571428571429,0.508
9,0.0006909157647973015,0.0007044081304754529,0.5075654761904762,0.5077857142857143
10,0.0006924988290383702,0.0007054204153163092,0.506125,0.5063928571428571
11,0.0006928306250345139,0.0007060130451406752,0.5051488095238095,0.5056071428571428
12,0.0006944423956530435,0.0007077184149197169,0.5040892857142857,0.5048928571428571
13,0.0006936903780414944,0.0007066794442278998,0.5049702380952381,0.5055
14,0.0006957957024375598,0.0007086755058595113,0.503625,0.5045
15,0.0006957961888540359,0.0007087782557521548,0.5032023809523809,0.5045714285714286
16,0.0006948377099775133,0.0007077678569725581,0.5036964285714286,0.5047142857142857
17,0.0006969911924430303,0.0007100341894796916,0.5026071428571428,0.5040357142857143
