,loss/train,loss/valid,acc/train,acc/valid
0,0.0007497199209673064,0.000765642374753952,0.5497678571428571,0.5474642857142857
1,0.0006800844878667877,0.0006920065475361687,0.6209285714285714,0.6210357142857142
2,0.0006890079446491741,0.000701967573591641,0.6115535714285715,0.6107857142857143
3,0.0006882424563879058,0.0007022672955478941,0.6116904761904762,0.6104642857142857
4,0.0007998747456641424,0.0008126402476004192,0.4991011904761905,0.5005
5,0.0007007498907900992,0.0007133499618087496,0.6003273809523809,0.5997142857142858
6,0.0007000746656031835,0.000712666460445949,0.6005654761904762,0.6007142857142858
7,0.0006681855576378959,0.0006796367807047708,0.6330119047619047,0.6335
8,0.0007008414424601056,0.0007150092146226337,0.5996011904761904,0.5975357142857143
9,0.0007410587359751974,0.0007533561374459947,0.5586904761904762,0.5596428571428571
10,0.0007744753147874559,0.0007876844980887005,0.5249285714285714,0.5257857142857143
11,0.0007899538345989726,0.0008062479538576944,0.5088154761904762,0.50725
12,0.0007898050369251342,0.0008053024262189865,0.5094166666666666,0.5082857142857143
13,0.000797088049352169,0.0008139843472412654,0.5012440476190476,0.4994642857142857
14,0.000797227557925951,0.0008141238561698369,0.5011904761904762,0.4993214285714286
15,0.0007933692179975055,0.0008100463811840329,0.5058511904761904,0.5034285714285714
16,0.0007783000508234614,0.0007961828197751726,0.520547619047619,0.5175357142857143
17,0.0006897159392635027,0.0007012828311749867,0.6118214285714285,0.6124285714285714
18,0.0006798806431747618,0.0006918384092194694,0.6210714285714286,0.6216071428571428
19,0.0007368168422863597,0.0007531190897737231,0.5630357142857143,0.5603214285714285
20,0.0007794083917424793,0.0007923843285867146,0.5196964285714286,0.5211071428571429
21,0.000800372322400411,0.000812364154628345,0.4989523809523809,0.5007142857142857
22,0.0007999169063710031,0.0008124339090926307,0.49888095238095237,0.5006428571428572
