,loss/train,loss/valid,acc/train,acc/valid
0,0.0006979498863220215,0.0006951558291912079,0.50075,0.5135
1,0.000732609470685323,0.0007247640192508697,0.50075,0.5135
2,0.0007621206094821294,0.0007515174448490143,0.50075,0.5135
3,0.0007722542335589727,0.0007610459923744202,0.50075,0.5135
4,0.0007745158225297928,0.0007635782361030579,0.50075,0.5135
5,0.0007727849235137303,0.0007617963552474976,0.50075,0.5135
6,0.0007714792937040329,0.0007605615258216858,0.50075,0.5135
7,0.0007709198792775472,0.0007595941722393036,0.50075,0.5135
8,0.0007716135034958522,0.0007603937983512878,0.50075,0.5135
9,0.0007720086425542831,0.0007608949542045594,0.50075,0.5135
10,0.0007718309164047242,0.0007607004046440124,0.5008333333333334,0.5135
11,0.0007670149455467859,0.0007553992271423339,0.5008333333333334,0.5135
12,0.0007634281814098359,0.0007526121437549592,0.5009166666666667,0.5135
13,0.0007646883179744084,0.000753054291009903,0.5009166666666667,0.5135
14,0.0007616800218820572,0.0007504998147487641,0.501,0.5145
15,0.000761420950293541,0.0007502013742923736,0.5014166666666666,0.5145
