,loss/train,loss/valid,acc/train,acc/valid
0,0.0006800639462612924,0.0006920045252357211,0.5148809523809523,0.5173571428571428
1,0.000696302304310458,0.0007076989625181471,0.4987202380952381,0.5005
2,0.0006949872888979458,0.0007066713124513626,0.4987142857142857,0.5005
3,0.000699975698476746,0.0007115040911095482,0.4987202380952381,0.5005
4,0.0006990309024140948,0.0007107100188732148,0.4987202380952381,0.5005
5,0.0006984632976707958,0.0007100347429513931,0.4987202380952381,0.5005
6,0.0006989083084322158,0.0007103250686611448,0.4987202380952381,0.5005
7,0.000699958133555594,0.0007115302490336554,0.4987202380952381,0.5005
8,0.0006994208459343229,0.0007111618795565196,0.4987202380952381,0.5005
9,0.0006975981486695153,0.00070904426915305,0.4987202380952381,0.5005
10,0.0006985149199054355,0.0007100030609539577,0.4987202380952381,0.5005
11,0.0006958324252849534,0.0007074910125562123,0.4987202380952381,0.5005
12,0.0006963244832697368,0.0007078201643058232,0.4987261904761905,0.5005
13,0.0006965925895742008,0.0007085210617099489,0.49873214285714285,0.5005
14,0.000695302559861115,0.0007068145040954862,0.4988095238095238,0.5005
15,0.0006941573765306245,0.0007054742915289742,0.49888095238095237,0.5004642857142857
