,loss/train,loss/valid,acc/train,acc/valid
0,0.00034335448628380183,0.0003474260824067252,0.4958869047619048,0.4945
1,0.00034291171318008785,0.00034694233323846545,0.5137619047619048,0.5144642857142857
2,0.0003425473535344714,0.00034644365736416407,0.5186904761904761,0.523
3,0.0003426360697263763,0.0003463483495371682,0.5118511904761904,0.51625
4,0.00034250682663349876,0.0003462414741516113,0.509375,0.5136785714285714
5,0.0003425720866237368,0.00034626769168036325,0.5075,0.51075
6,0.00034269049621763685,0.00034640373715332575,0.5059702380952381,0.5090357142857143
7,0.00034280863084963387,0.0003464747560875756,0.5051964285714285,0.5080357142857143
8,0.00034300248218434195,0.0003465692528656551,0.5049761904761905,0.5081071428571429
9,0.0003431698523816608,0.000346807205251285,0.5037202380952381,0.50625
10,0.0003437044464406513,0.0003471691097532,0.5022738095238095,0.5044285714285714
11,0.00034394422386373793,0.0003474411985703877,0.5019880952380953,0.50375
12,0.0003444325693306469,0.0003479642080409186,0.5010714285714286,0.5032142857142857
13,0.0003446440441267831,0.0003482924912657057,0.5007857142857143,0.50325
14,0.00034486918044941765,0.00034838268160820006,0.5007321428571428,0.5033214285714286
15,0.00034535331562871025,0.0003486881639276232,0.5002738095238095,0.50275
16,0.00034515554706255594,0.00034872683244092126,0.5003511904761905,0.5029285714285714
17,0.0003451485506125859,0.00034874507997717177,0.5003095238095238,0.5027857142857143
18,0.00034548315689677286,0.0003489154747554234,0.5002797619047619,0.5024642857142857
19,0.0003464504097189222,0.00034970768221787046,0.49985714285714283,0.5018928571428571
20,0.000346541166305542,0.0003500328723873411,0.4998690476190476,0.5016428571428572
