,loss/train,loss/valid,acc/train,acc/valid
0,0.0006520378979898634,0.0006623782089778355,0.5821547619047619,0.58175
1,0.0006370556677381198,0.0006490454758916582,0.6244285714285714,0.62475
2,0.0006148321536325273,0.0006256823390722275,0.6702023809523809,0.6706785714285715
3,0.0006954407823227701,0.0007088565677404404,0.602047619047619,0.6015357142857143
4,0.0006986109816602298,0.0007105225941964558,0.6017142857142858,0.6017857142857143
5,0.0006753544363947142,0.0006904393285512924,0.6251190476190476,0.6218571428571429
6,0.0006884461552614258,0.000701873208795275,0.6119583333333334,0.6108571428571429
7,0.0006677520314142817,0.0006811679857117789,0.6327202380952381,0.6315714285714286
8,0.0006786312361558278,0.0006925323052065713,0.6213154761904762,0.6196428571428572
9,0.0006921853486980711,0.0007046419552394323,0.6088809523809524,0.6081428571428571
10,0.0006984759317267509,0.0007127622961997986,0.601279761904762,0.6000714285714286
11,0.0006869869054782959,0.0006998576947620937,0.6137619047619047,0.6126785714285714
12,0.0006814391024055935,0.0006937911404030664,0.6197380952380952,0.6191071428571429
13,0.0006878469866656122,0.0007015485614538193,0.6125595238095238,0.6111785714285715
14,0.0006884688635667165,0.0007018732109240123,0.6119345238095238,0.6108571428571429
15,0.0006882944813086873,0.0007018732109240123,0.6119345238095238,0.6108571428571429
16,0.0006889107096053305,0.0007018732109240123,0.6119285714285714,0.6108571428571429
17,0.0006841382873909814,0.0006986745744943618,0.6166130952380953,0.61375
