,loss/train,loss/valid,acc/train,acc/valid
0,0.0008142804553111394,0.0008268052339553833,0.49925,0.4865
1,0.0008137709498405456,0.0008268052339553833,0.49925,0.4865
2,0.0007363525480031968,0.0007374728620052338,0.5753333333333334,0.5755
3,0.0006870136559009552,0.0006855339407920838,0.6251666666666666,0.627
4,0.0007135969499746958,0.0007115964293479919,0.5988333333333333,0.601
5,0.0006803337037563324,0.0006767306327819825,0.6246666666666667,0.6265
6,0.0006818403651316961,0.0006822900772094726,0.6266666666666667,0.6255
7,0.0006853473583857218,0.0006865721940994263,0.6220833333333333,0.623
8,0.0006959972182909648,0.0006945147514343261,0.6126666666666667,0.6135
9,0.0007101912945508957,0.0007034180760383606,0.6023333333333334,0.608
10,0.0006853435089190801,0.0006862064898014069,0.6220833333333333,0.622
11,0.0007588609506686528,0.0007746540904045105,0.55,0.5345
12,0.0006758033136526744,0.0006795519590377807,0.63275,0.63
13,0.0007163828015327453,0.0007247961461544037,0.5909166666666666,0.5835
14,0.0007641297827164332,0.0007491420209407806,0.5454166666666667,0.5605
15,0.0007047602832317352,0.0007006529867649078,0.6040833333333333,0.6065
16,0.0006830895145734151,0.0006841844916343689,0.62475,0.6225
17,0.0006787533561388652,0.0006790108978748322,0.6259166666666667,0.628
18,0.0007829370697339376,0.0007681708931922913,0.5225,0.537
19,0.0006715548932552338,0.0006723799705505371,0.6311666666666667,0.633
20,0.0007652599513530732,0.0007921949028968811,0.5440833333333334,0.5155
21,0.0007420333872238795,0.000758786678314209,0.5674166666666667,0.5505
22,0.000806334967414538,0.0007918035686016083,0.5054166666666666,0.521
23,0.0007025441477696101,0.0006980529129505158,0.61125,0.6155
24,0.0006807158390680949,0.000683315634727478,0.6275,0.6255
25,0.0006814385255177816,0.0006843269765377045,0.6295,0.627
26,0.0007048932512601217,0.0007004836797714233,0.6048333333333333,0.6115
27,0.0006744737029075622,0.0006795709431171417,0.6365,0.631
28,0.0007312910308440526,0.0007486485242843628,0.5798333333333333,0.563
29,0.0007003594636917114,0.0006879060268402099,0.6105833333333334,0.623
30,0.0006769571950038274,0.0006875326931476593,0.6329166666666667,0.625
31,0.0006784434070189794,0.0006776024997234344,0.6326666666666667,0.633
32,0.0006721784820159277,0.0006733483672142029,0.6378333333333334,0.637
33,0.0007346640229225159,0.0007236931622028351,0.5753333333333334,0.5865
34,0.0006624567856391271,0.0006708346307277679,0.6480833333333333,0.637
