,loss/train,loss/valid,acc/train,acc/valid
0,0.0006826112657075836,0.0006950094274112157,0.4930178571428571,0.49278571428571427
1,0.0006825519001909665,0.000694931326167924,0.4948095238095238,0.4961785714285714
2,0.0006827021166682243,0.0006949961228030068,0.4982202380952381,0.5006428571428572
3,0.0006827505912099566,0.0006949912756681442,0.4990595238095238,0.5016071428571428
4,0.0006831563477005277,0.0006953622336898531,0.49911904761904763,0.5011428571428571
5,0.0006831489098923547,0.0006952776461839676,0.4991011904761905,0.50125
6,0.0006829706363025166,0.0006950569450855256,0.4991130952380952,0.5011785714285715
7,0.0006831030058009284,0.0006952643075159618,0.4989345238095238,0.5008928571428571
8,0.0006834379338792392,0.0006955589375325611,0.4988214285714286,0.5007857142857143
9,0.0006834412281002318,0.0006955398129565375,0.4988392857142857,0.50075
10,0.000683896364910262,0.0006958233330930983,0.49876190476190474,0.5006071428571428
11,0.0006848170327998342,0.0006968445863042559,0.4987261904761905,0.5005
12,0.0006854244392542612,0.0006974609047174454,0.4987202380952381,0.5005
13,0.0006866086785282408,0.0006986232144492013,0.4987202380952381,0.5005
14,0.0006871332863257045,0.0006990191276584353,0.4987202380952381,0.5005
15,0.0006872078964398021,0.0006991533615759441,0.4987202380952381,0.5005
16,0.0006866296153692972,0.0006987118188823972,0.4987202380952381,0.5005
17,0.0006871852927974292,0.0006989384868315288,0.4987202380952381,0.5005
18,0.0006877726210015161,0.0006996793065752302,0.4987202380952381,0.5005
19,0.0006888306055750165,0.0007007019626242774,0.4987202380952381,0.5005
20,0.0006902405733153934,0.000701993573989187,0.4987202380952381,0.5005
21,0.0006904559919521922,0.0007022840699979238,0.4987202380952381,0.5005
