,loss/train,loss/valid,acc/train,acc/valid
0,0.0003421062160105932,0.0003462370399917875,0.5306904761904762,0.52875
1,0.00034132566977114904,0.000345206509743418,0.4987202380952381,0.5005
2,0.00034188603716237204,0.00034564954255308423,0.4987202380952381,0.5005
3,0.0003436368423558417,0.00034760221200329916,0.4987261904761905,0.5005
4,0.0003450656501310212,0.0003485836237668991,0.49873214285714285,0.5005
5,0.000346122380168665,0.0003495239551578249,0.49873809523809526,0.5005357142857143
6,0.0003462505273166157,0.0003497315006596701,0.4987440476190476,0.5005357142857143
7,0.00034669267421677,0.000350252417581422,0.4987440476190476,0.5005357142857143
8,0.0003469818323141053,0.0003502644236598696,0.4987440476190476,0.5005357142857143
9,0.00034709664824463074,0.00035076660556452617,0.4987559523809524,0.5005357142857143
10,0.00034750678532180333,0.00035113236946719033,0.49876785714285715,0.5005357142857143
11,0.00034824826958633606,0.0003517187514475414,0.4987797619047619,0.5005714285714286
12,0.0003490227184125355,0.00035250228430543627,0.4988035714285714,0.5005714285714286
13,0.0003496928434996378,0.00035296261736324854,0.4988392857142857,0.5005714285714286
14,0.00034946725340116594,0.0003527199583394187,0.4988392857142857,0.5006428571428572
15,0.0003498107876096453,0.00035320806077548435,0.4988392857142857,0.5006428571428572
16,0.00034970087664467947,0.0003530088130916868,0.4988511904761905,0.5006071428571428
