,loss/train,loss/valid,acc/train,acc/valid
0,0.000793749597455774,0.0008066600390842982,0.504547619047619,0.50625
1,0.0007999014854431153,0.0008125734180212021,0.4987202380952381,0.5005
2,0.0008003833779976482,0.0008126053043774196,0.4987559523809524,0.5004642857142857
3,0.0007971403666195416,0.0008139494700091226,0.5012797619047619,0.4995
4,0.0007973147559733617,0.0008139494700091226,0.5012797619047619,0.4995
5,0.000797401949053719,0.0008139494700091226,0.5012797619047619,0.4995
6,0.0007974019462154025,0.0008139494700091226,0.5012797619047619,0.4995
7,0.00079783791019803,0.0008139494700091226,0.5012797619047619,0.4995
8,0.0007975763359240123,0.0008139494700091226,0.5012797619047619,0.4995
9,0.0007973147549089931,0.0008139494700091226,0.5012797619047619,0.4995
10,0.0007976635236825262,0.0008139494700091226,0.5012797619047619,0.4995
11,0.00079783791019803,0.0008139494700091226,0.5012797619047619,0.4995
12,0.0007979251050523349,0.0008139494700091226,0.5012797619047619,0.4995
13,0.0007974891449723925,0.0008139494700091226,0.5012797619047619,0.4995
14,0.000797576330602169,0.0008139494700091226,0.5012797619047619,0.4995
15,0.0007977507231490952,0.0008139494700091226,0.5012797619047619,0.4995
