,loss/train,loss/valid,acc/train,acc/valid
0,0.0007993242977157471,0.0008166382568223136,0.5016984126984126,0.4956190476190476
1,0.0006321314081313118,0.0006468193985167004,0.6709365079365079,0.6663333333333333
2,0.0007924045622348786,0.0008097209845270429,0.5083015873015873,0.5023809523809524
3,0.0006052217034120408,0.0006127685421989078,0.6980396825396825,0.7003333333333334
4,0.0006198455856906044,0.0006348841445786613,0.6841031746031746,0.6772857142857143
5,0.000721257143550449,0.0007368203089350746,0.579968253968254,0.5756666666666667
6,0.0005812769437593127,0.0005930577828770592,0.7228492063492064,0.7194761904761905
7,0.0006171492877460661,0.0006224302535965329,0.6856428571428571,0.6905238095238095
8,0.000587816093649183,0.0005990224736077444,0.7161587301587301,0.7138095238095238
9,0.0006178169837073674,0.0006265203214827038,0.6857380952380953,0.686047619047619
10,0.0006272625511600857,0.0006408768040793283,0.6758968253968254,0.6717142857142857
11,0.0006294510236808232,0.0006406906843185424,0.673984126984127,0.6718571428571428
12,0.000761708493743624,0.0007768622863860358,0.5397380952380952,0.5353333333333333
13,0.0007243898700154017,0.0007354530351502555,0.5774126984126984,0.5774761904761905
14,0.0007398276191855234,0.0007450644345510574,0.5619603174603175,0.5692857142857143
15,0.0006391215546736642,0.000650212756225041,0.6632698412698412,0.6622380952380953
16,0.0007847192377325088,0.0007934546782856896,0.5159920634920635,0.5207142857142857
17,0.0007056782543659211,0.0007186859647432963,0.5964444444444444,0.5946666666666667
18,0.0006880125370290545,0.0006993968600318546,0.6135079365079366,0.6134285714285714
19,0.0006476178396315802,0.0006589870651563009,0.6553809523809524,0.653952380952381
20,0.0007126897346405756,0.0007248661007199969,0.588936507936508,0.588047619047619
21,0.0006935223066617572,0.0007081547464643206,0.6085396825396825,0.6045714285714285
