,loss/train,loss/valid,acc/train,acc/valid
0,0.000550040602684021,0.000559821693670182,0.7441904761904762,0.7402857142857143
1,0.0005620737941492172,0.0005711703300476074,0.7497063492063492,0.7466666666666667
2,0.0005449870569365365,0.0005551989702951341,0.7448095238095238,0.741
3,0.0005720953709549375,0.0005828921170461745,0.6966269841269841,0.6951428571428572
4,0.0006191990129531376,0.0006283373094740368,0.609563492063492,0.6162380952380953
5,0.0005765045398757571,0.0005899089915411813,0.7077936507936508,0.6991428571428572
6,0.0005669647374796488,0.0005770548099563235,0.725047619047619,0.7209523809523809
7,0.0005362007438190399,0.0005502416888872782,0.7596666666666667,0.7524761904761905
8,0.0005435149835215674,0.0005550428174790882,0.7638174603174603,0.7589523809523809
9,0.0005738777603421893,0.0005839105929647174,0.7105714285714285,0.7090952380952381
10,0.0005478927914112333,0.0005581065813700358,0.7482460317460318,0.745904761904762
11,0.0005646156228723981,0.0005800053675969442,0.736547619047619,0.729047619047619
12,0.000668350315756268,0.0006807398256801424,0.6292142857142857,0.6264761904761905
13,0.000577753516416701,0.0005884253638131278,0.7222619047619048,0.7214761904761905
14,0.0005761691213600219,0.0005871527166593642,0.7271190476190477,0.7248571428571429
15,0.0005712205649368347,0.0005830327811695281,0.7323809523809524,0.7295238095238096
16,0.000563802284853799,0.0005758606763113113,0.739904761904762,0.7365238095238095
17,0.0005676337333898696,0.0005796134301594326,0.7357698412698412,0.7328571428571429
18,0.0006172699511997283,0.0006242588417870658,0.6854206349206349,0.6888095238095238
19,0.0006071739702943772,0.0006214466974848793,0.6962619047619047,0.6904761904761905
20,0.0005851517594049848,0.0005973428175562904,0.7186825396825397,0.7151428571428572
21,0.0005909543836873676,0.0006036320555777777,0.7136111111111111,0.7086666666666667
22,0.0005696816203140077,0.0005822318054380871,0.7333730158730158,0.7304285714285714
