,loss/train,loss/valid,acc/train,acc/valid
0,0.0006833312532731465,0.0006958243825605937,0.49047619047619045,0.4868571428571429
1,0.0006820748505138216,0.0006945138190473829,0.4911785714285714,0.4907142857142857
2,0.0006814701830347379,0.0006937760944877352,0.49576190476190474,0.49642857142857144
3,0.0006810756038342203,0.0006932040133646556,0.5135,0.5183214285714286
4,0.0006809651333661306,0.0006930212080478668,0.5235416666666667,0.5246785714285714
5,0.0006812130113442739,0.0006931827025754111,0.5208928571428572,0.5204642857142857
6,0.000681429562114534,0.0006933613589831761,0.5172976190476191,0.518
7,0.0006817156260921841,0.0006936461308172771,0.5129345238095238,0.5131785714285715
8,0.0006816894433328084,0.0006935309916734695,0.5139404761904762,0.5141785714285714
9,0.0006819531647931961,0.000693835552249636,0.5102142857142857,0.5113214285714286
10,0.0006830769092554138,0.0006948940796511514,0.5037678571428571,0.5055
11,0.0006844765075615474,0.0006962603075163705,0.4997083333333333,0.5021428571428571
12,0.0006854105236984435,0.000697182052901813,0.49907142857142855,0.5008928571428571
13,0.0006866736394308862,0.0006982084874595914,0.49882738095238094,0.5005714285714286
14,0.0006877516937397775,0.000699236450450761,0.49875,0.5005
15,0.0006881726423189754,0.0006998706310987473,0.49873809523809526,0.5005357142857143
16,0.0006874140678417115,0.0006991499704974038,0.49875,0.5005357142857143
17,0.0006891905229006494,0.0007006934710911342,0.49873214285714285,0.5005
18,0.0006908037470919746,0.0007025224076850074,0.4987202380952381,0.5005
19,0.0006928975333770117,0.0007046594151428767,0.4987202380952381,0.5005
