,loss/train,loss/valid,acc/train,acc/valid
0,0.0006812392171649706,0.0006937323808670043,0.5187261904761905,0.5192857142857142
1,0.0006809499533403488,0.0006935286883796965,0.5192678571428572,0.5198928571428572
2,0.0006812312532038916,0.0006937826360974993,0.5156547619047619,0.5163928571428571
3,0.0006807773872500374,0.0006933322208268302,0.5177559523809524,0.5193928571428571
4,0.0006813587450555393,0.0006938781248671668,0.5145238095238095,0.5147142857142857
5,0.0006805167772940227,0.0006933152292455945,0.5172678571428572,0.5188928571428572
6,0.0006805048290462721,0.0006931763972554888,0.5179523809523809,0.5192142857142857
7,0.000680985230420317,0.0006935381889343261,0.5136071428571428,0.5138214285714285
8,0.0006813817350637345,0.0006939114502498082,0.5105714285714286,0.51075
9,0.000681179353523822,0.000693757380758013,0.5112797619047619,0.5111785714285715
10,0.0006816670429848489,0.0006941085926124028,0.5089821428571428,0.5092142857142857
11,0.0006817482763103077,0.0006942488891737801,0.5090297619047619,0.5089285714285714
12,0.0006806047218186514,0.000693090632557869,0.5133452380952381,0.5134285714285715
13,0.0006805126674118496,0.0006931074793849673,0.5125773809523809,0.5131785714285715
14,0.0006815348668467431,0.0006940415373870304,0.5085714285714286,0.5086071428571428
15,0.0006815984497467677,0.0006941551864147186,0.5072559523809523,0.5079642857142858
16,0.0006818978144299417,0.0006943563627345221,0.5063154761904762,0.5069285714285714
17,0.0006810577284722101,0.000693603047302791,0.5087619047619047,0.5088571428571429
18,0.0006815631457027935,0.0006942056694201061,0.5064107142857143,0.5064642857142857
19,0.0006817469767161778,0.0006943148417132241,0.5055238095238095,0.5061428571428571
20,0.0006816415857701074,0.0006942358485289982,0.505452380952381,0.5058928571428571
21,0.0006808159156214623,0.0006933373319251197,0.5076726190476191,0.508
22,0.0006813424286388215,0.000693868032523564,0.5062738095238095,0.5066071428571428
23,0.0006814018693708238,0.0006938568587814059,0.5060714285714286,0.5062142857142857
24,0.0006815162769385747,0.0006939097089426858,0.5063690476190477,0.5066071428571428
25,0.0006820878705808094,0.0006945180424622127,0.5046845238095238,0.50525
26,0.0006820984188289869,0.0006945552102157048,0.5037380952380952,0.5046785714285714
27,0.0006831286868878773,0.0006957033021109444,0.501922619047619,0.5032142857142857
