,loss/train,loss/valid,acc/train,acc/valid
0,0.0005084235093423298,0.0005173583903482982,0.800404761904762,0.80275
1,0.0004790294381479422,0.0004861906554017748,0.8275178571428572,0.8308928571428571
2,0.0004764808909524055,0.0004839612767100334,0.8376964285714286,0.8397142857142857
3,0.0005089181613709246,0.0005153983405658177,0.7975476190476191,0.8011071428571429
4,0.00047803187228384473,0.00048580225024904525,0.831375,0.8338571428571429
5,0.0005083887530934243,0.0005162521579435893,0.82025,0.82325
6,0.0004723608937291872,0.0004791685864329338,0.8377023809523809,0.8404642857142857
7,0.0004949785538372539,0.0005038945440735136,0.8179285714285714,0.8193214285714285
8,0.0004693730393690722,0.0004771436644451959,0.8375595238095238,0.8390714285714286
9,0.0004621268306814489,0.0004693753772548267,0.8390357142857143,0.84
10,0.0004656689126221907,0.00047288647081170765,0.839952380952381,0.8406428571428571
11,0.0004612945884111382,0.0004680494623524802,0.8396130952380952,0.8412857142857143
12,0.0004800877728987308,0.00048809497803449633,0.8415714285714285,0.8444285714285714
13,0.0004654150266377699,0.00047308098205498287,0.841375,0.8418214285714286
14,0.00046815143011155584,0.0004753013327717781,0.8354404761904762,0.8376785714285714
15,0.000465343697085267,0.0004722389323370797,0.8347976190476191,0.83775
16,0.000472400896783386,0.0004801463112235069,0.8399345238095238,0.8406785714285714
17,0.0004754215246509938,0.0004832968669278281,0.836202380952381,0.8389642857142857
18,0.000471518529490346,0.0004794898150222642,0.8398928571428571,0.8426071428571429
19,0.0004698115808977967,0.00047703466883727483,0.8408333333333333,0.8413571428571428
20,0.0004819665840339093,0.0004894617412771498,0.8395178571428571,0.8403214285714286
21,0.0004662217916477294,0.00047374986218554635,0.8392261904761905,0.8403571428571428
22,0.0004643353672609443,0.0004719696630324636,0.8404464285714286,0.8403928571428572
23,0.0004749239312396163,0.00048316207208803723,0.8426488095238095,0.8432857142857143
24,0.00046345074776382673,0.0004708165324160031,0.8402738095238095,0.8433928571428572
25,0.00046606076491020974,0.000473855411367757,0.8436309523809524,0.8448571428571429
26,0.00046454881539657005,0.00047230360018355507,0.8432380952380952,0.8461071428571428
