,loss/train,loss/valid,acc/train,acc/valid
0,0.000682976538226718,0.0006948447355202267,0.5077083333333333,0.5073214285714286
1,0.000682744987308979,0.0006946726930992943,0.5070714285714286,0.5073214285714286
2,0.0006827227551312674,0.0006946884116956166,0.5061488095238095,0.5064285714285715
3,0.0006849140216197286,0.0006968195119074412,0.500922619047619,0.50275
4,0.0006854095199988002,0.000697413267833846,0.5002083333333334,0.5017857142857143
5,0.0006861154937318393,0.0006981084261621748,0.4997261904761905,0.5015357142857143
6,0.0006873013927113442,0.0006991381432328906,0.4992857142857143,0.5011785714285715
7,0.0006884386496884482,0.0007003737198454993,0.49913690476190475,0.5011428571428571
8,0.0006878851063194729,0.0006997694820165634,0.49911904761904763,0.5010714285714286
9,0.0006878257851515498,0.0007000445915119988,0.4989821428571429,0.5009285714285714
10,0.0006891601238222349,0.0007011684349605015,0.4988452380952381,0.5006428571428572
11,0.0006901261700051172,0.0007018915989569256,0.4987797619047619,0.5005714285714286
12,0.0006909664386794681,0.0007030160533530371,0.49873809523809526,0.5005357142857143
13,0.0006910142465716317,0.0007031183413096836,0.4987261904761905,0.5005
14,0.0006929807059821629,0.0007051096643720355,0.4987202380952381,0.5005
15,0.0006917454529376257,0.0007038763037749699,0.4987202380952381,0.5005
16,0.0006935523787424678,0.0007055339898381914,0.4987202380952381,0.5005
