,loss/train,loss/valid,acc/train,acc/valid
0,0.0007367706958736692,0.000748216484274183,0.5621428571428572,0.5649642857142857
1,0.000561606836106096,0.0005692307565893446,0.7407559523809524,0.7443214285714286
2,0.0005324678655181613,0.0005409895181655884,0.7704702380952381,0.7721785714285714
3,0.0005442032533742133,0.0005515751072338649,0.7584166666666666,0.7626071428571428
4,0.000535419561678455,0.0005433393716812134,0.768125,0.7706428571428572
5,0.0005459823704191617,0.0005502987653017045,0.7571190476190476,0.7626785714285714
6,0.0005251329915509338,0.0005321050648178374,0.778702380952381,0.7815357142857143
7,0.0005238541061324733,0.0005309993071215493,0.7794583333333334,0.7826428571428572
8,0.0005203146169937792,0.0005297075808048248,0.783720238095238,0.7841071428571429
9,0.0005306297469706762,0.0005391261556318828,0.7730833333333333,0.7748571428571429
10,0.0005306550878144446,0.00053971252483981,0.7729047619047619,0.7736785714285714
11,0.0005478211839993795,0.0005519291119916098,0.7555535714285714,0.7611428571428571
12,0.0005213459843680972,0.0005294224556003298,0.7818035714285714,0.7845357142857143
13,0.00052804403397299,0.0005362922825983593,0.775452380952381,0.7766785714285714
14,0.0005933203037296023,0.0005994914833988462,0.7090178571428571,0.7131428571428572
15,0.0005642931056874139,0.0005722998189074652,0.738297619047619,0.7413571428571428
16,0.0006137156287829081,0.0006242302869047437,0.6888273809523809,0.6897142857142857
17,0.0005359683611563273,0.0005430761128664016,0.7672023809523809,0.7700714285714285
18,0.0005425931195772829,0.000551885187625885,0.7603214285714286,0.7619285714285714
19,0.0005535062728893189,0.0005580076404980251,0.7500119047619047,0.7546785714285714
20,0.0005291655251667613,0.000538394495844841,0.7742142857142857,0.7756785714285714
21,0.0005506999673587935,0.0005611085913011006,0.7526904761904762,0.7528571428571429
22,0.000543808676302433,0.0005530144082648413,0.7594940476190476,0.76075
23,0.000573079530327093,0.0005863113041434969,0.7294107142857142,0.7275714285714285
24,0.0005292712723215422,0.0005371226966381073,0.7746071428571428,0.7766071428571428
25,0.0005268909411416167,0.0005340461411646434,0.7767916666666667,0.7792142857142857
26,0.0005487636416440919,0.0005583688893488476,0.7542916666666667,0.75475
27,0.0005435600245282763,0.0005536574040140424,0.7599285714285714,0.7601071428571429
