,loss/train,loss/valid,acc/train,acc/valid
0,0.0006870436483905429,0.0006997928065913064,0.49141666666666667,0.49096428571428574
1,0.000687171166851407,0.0006998390172209059,0.4991011904761905,0.5006071428571428
2,0.0006877343384992508,0.0007001539596489497,0.4987738095238095,0.5005
3,0.0006901249215006828,0.0007025495405708041,0.4987202380952381,0.5005
4,0.0006912617765012242,0.000703590955053057,0.4987202380952381,0.5005
5,0.0006929173767566681,0.0007051885191883359,0.4987202380952381,0.5005
6,0.0006964498137434324,0.0007085647774594171,0.4987202380952381,0.5005
7,0.0006993109001999809,0.0007116457713501794,0.4987202380952381,0.5005
8,0.0007018647864460945,0.0007139718681573868,0.4987202380952381,0.5005
9,0.0007051172746079309,0.0007170987214360919,0.4987202380952381,0.5005
10,0.000706923816885267,0.0007189888123955045,0.4987202380952381,0.5005
11,0.0007087821658878099,0.0007208259510142462,0.4987202380952381,0.5005
12,0.0007121596673414821,0.0007242285758256912,0.4987202380952381,0.5005
13,0.0007133805283478328,0.0007252860069274903,0.4987202380952381,0.5005
14,0.0007134786734268779,0.0007255689544337136,0.4987202380952381,0.5005
15,0.0007158820302713485,0.0007277163948331561,0.4987202380952381,0.5005
16,0.000718620807996818,0.0007306637934276036,0.4987202380952381,0.5005
