,loss/train,loss/valid,acc/train,acc/valid
0,0.0006767409954752241,0.0006890890342848642,0.5554107142857143,0.5555357142857142
1,0.0006749608743758428,0.0006872339802128928,0.5850773809523809,0.5846428571428571
2,0.0006738603959480921,0.0006859091307435717,0.5112797619047619,0.5114285714285715
3,0.0006754197893398149,0.0006874349287578037,0.4988869047619048,0.50075
4,0.0006789382061078435,0.0006908083856105805,0.4987261904761905,0.5005357142857143
5,0.0006807797884657269,0.0006929056090967995,0.4987202380952381,0.5005
6,0.0006835254618809337,0.0006951472099338259,0.4987202380952381,0.5005
7,0.0006845464014581271,0.0006963591128587723,0.4987202380952381,0.5005
8,0.0006858069226145744,0.0006976064209427153,0.4987202380952381,0.5005
9,0.0006861501815063613,0.0006977990163224084,0.4987202380952381,0.5005
10,0.0006903576279679934,0.0007020128284181867,0.4987202380952381,0.5005
11,0.0006926473159165609,0.0007041601900543486,0.4987202380952381,0.5005
12,0.0006954138144141152,0.0007073368153401783,0.4987202380952381,0.5005
13,0.0006971811999877293,0.000709162324666977,0.4987202380952381,0.5005
14,0.0006979418042160216,0.0007100060986621039,0.4987202380952381,0.5005
15,0.0006969500538848695,0.0007089297665016992,0.4987202380952381,0.5005
16,0.0006975064444400015,0.000709545761346817,0.4987202380952381,0.5005
17,0.000699429591851575,0.0007112835794687271,0.4987202380952381,0.5005
