,loss/train,loss/valid,acc/train,acc/valid
0,0.00024256629514552298,0.00024584765200104034,0.8227619047619048,0.8217142857142857
1,0.00024175226723863966,0.0002455560671431678,0.8228333333333333,0.8213214285714285
2,0.00024201353320053645,0.0002455375822527068,0.8228511904761905,0.8214285714285714
3,0.0002427040638313407,0.0002456185093947819,0.822672619047619,0.8217857142857142
4,0.00024267291064773288,0.0002456203954560416,0.8227321428571429,0.82175
5,0.00024210698725212187,0.0002458475615297045,0.8227857142857142,0.8217142857142857
6,0.00024219754533398718,0.0002458475615297045,0.8227857142857142,0.8217142857142857
7,0.00024201734488209087,0.0002458475615297045,0.8227857142857142,0.8217142857142857
8,0.00024219753823819616,0.0002458475615297045,0.8227857142857142,0.8217142857142857
9,0.00024228764112506595,0.0002458475615297045,0.8227857142857142,0.8217142857142857
10,0.00024183713857616696,0.0002458475615297045,0.8227857142857142,0.8217142857142857
11,0.00024210744439845993,0.0002458475615297045,0.8227857142857142,0.8217142857142857
12,0.00024264804433499063,0.0002458475615297045,0.8227857142857142,0.8217142857142857
13,0.00024273814420614924,0.0002458475615297045,0.8227857142857142,0.8217142857142857
14,0.00024273813657817387,0.0002458475615297045,0.8227857142857142,0.8217142857142857
15,0.00024228763651280177,0.0002458475615297045,0.8227857142857142,0.8217142857142857
16,0.00024210743854443233,0.0002458475615297045,0.8227857142857142,0.8217142857142857
17,0.0002421074387218271,0.0002458475615297045,0.8227857142857142,0.8217142857142857
18,0.0002429183359657015,0.0002458475615297045,0.8227857142857142,0.8217142857142857
