,loss/train,loss/valid,acc/train,acc/valid
0,0.000709719616032782,0.0007218866114105497,0.4987261904761905,0.5005714285714286
1,0.0007047719739022709,0.0007170327859265463,0.49876785714285715,0.5006428571428572
2,0.0007061955254702341,0.0007183390025581632,0.4987440476190476,0.5005714285714286
3,0.0007063106390691939,0.0007187661017690386,0.49873214285714285,0.5005714285714286
4,0.0007066407618778092,0.0007189938042845045,0.4987261904761905,0.5005714285714286
5,0.0007092059950033824,0.0007215105082307543,0.4987142857142857,0.5005
6,0.0007087641510935057,0.000720846991453852,0.4987261904761905,0.5005
7,0.0007086309609668595,0.0007209742942026683,0.4987142857142857,0.5005
8,0.0007079609902132125,0.0007203065284660885,0.4987142857142857,0.5005
9,0.0007088690261755671,0.0007210507669619152,0.4987142857142857,0.5005
10,0.0007092847529621352,0.0007216899394989014,0.4987142857142857,0.5005
11,0.0007105045002840815,0.000722815962774413,0.4987142857142857,0.5005
12,0.0007100081120928128,0.0007218788521630423,0.4987142857142857,0.5005
13,0.0007138779922610237,0.0007260799471821103,0.4987202380952381,0.5005
14,0.0007126617683541207,0.0007245909401348659,0.4987202380952381,0.5005
15,0.0007128505813223975,0.0007250688352755138,0.4987202380952381,0.5005
16,0.0007104273789695331,0.0007229999857289451,0.4987142857142857,0.5005
