,loss/train,loss/valid,acc/train,acc/valid
0,0.000677018237610658,0.0006898431394781386,0.5406726190476191,0.5358214285714286
1,0.0006759276045929818,0.0006884549174989973,0.5488690476190476,0.54775
2,0.0006761668143527848,0.0006885363672460828,0.5111488095238095,0.5133928571428571
3,0.0006779194392618679,0.0006900520878178732,0.500297619047619,0.5023214285714286
4,0.000680460132303692,0.0006925776153802872,0.49889285714285714,0.5006785714285714
5,0.0006831432176487787,0.0006950733874525343,0.49876785714285715,0.5005714285714286
6,0.0006852269332323755,0.0006971752217837743,0.4987440476190476,0.5005
7,0.0006892382867989086,0.0007011166342667171,0.4987202380952381,0.5005
8,0.0006899119523309526,0.0007017142538513456,0.4987202380952381,0.5005
9,0.0006917780382292611,0.0007036590192999159,0.4987202380952381,0.5005
10,0.0006937550026036444,0.0007055708808558328,0.4987202380952381,0.5005
11,0.0006944868486552011,0.0007061147966555187,0.4987202380952381,0.5005
12,0.0006967076595340456,0.0007085073930876596,0.4987202380952381,0.5005
13,0.0006977639322479566,0.0007096172720193862,0.4987202380952381,0.5005
14,0.0006991376443987801,0.0007109880766698292,0.4987202380952381,0.5005
15,0.0007016147846976916,0.0007134193011692592,0.4987202380952381,0.5005
16,0.0007013272515365056,0.0007132993319204875,0.4987202380952381,0.5005
17,0.0007027365813652675,0.0007143041406358991,0.4987202380952381,0.5005
