,loss/train,loss/valid,acc/train,acc/valid
0,0.0007165384310342017,0.0007333064356020519,0.583625,0.5800714285714286
1,0.0005464007332921028,0.0005578017021928515,0.7568452380952381,0.7559642857142858
2,0.0005897543426780473,0.0006026199076856885,0.7127440476190476,0.7107857142857142
3,0.0005714722783083007,0.0005829948697771345,0.7312619047619048,0.7302857142857143
4,0.0005589427240192891,0.0005705455052001136,0.7434761904761905,0.7433928571428572
5,0.0007065276038788614,0.0007254982420376369,0.5935595238095238,0.5888571428571429
6,0.0007998962817447527,0.0008143314825637,0.49849404761904764,0.49892857142857144
7,0.0005663419333951814,0.0005750127349581038,0.7369285714285714,0.7382857142857143
8,0.0005432471196566309,0.0005526451000145504,0.7600535714285714,0.7608214285714285
9,0.0007256888335659391,0.0007409086440290723,0.5748571428571428,0.5727142857142857
10,0.0006722187804324287,0.0006864099225827626,0.6289047619047619,0.6268571428571429
11,0.0006170763043420656,0.0006291140466928482,0.685125,0.6840357142857143
12,0.0005719131628672282,0.0005848842625107084,0.7308154761904762,0.7285357142857143
13,0.0005502848493910971,0.0005592714484248842,0.7533154761904762,0.7545357142857143
14,0.0005498919706969034,0.0005608918006931033,0.7535535714285714,0.753
15,0.0005730901413730213,0.0005857528639691217,0.7297976190476191,0.7291071428571428
16,0.0005854186997527168,0.0005978946089744568,0.7168928571428571,0.7156785714285714
17,0.0005962818758118721,0.0006072964455400195,0.7058809523809524,0.7067142857142857
18,0.0005903746311863264,0.0006016747249024255,0.7125595238095238,0.7125714285714285
19,0.0005797958459172931,0.0005918594918080739,0.7228571428571429,0.7217857142857143
20,0.0005755348366995653,0.0005891257439340863,0.7266666666666667,0.7245357142857143
21,0.0005777027954657872,0.0005892505390303475,0.7257142857142858,0.7243571428571428
22,0.0005779893905633972,0.0005898142797606332,0.7250654761904762,0.7238214285714286
23,0.0005743067133284751,0.0005874653160572052,0.7283809523809524,0.7263571428571428
