,loss/train,loss/valid,acc/train,acc/valid
0,0.0002370365478453182,0.00024034138236727034,0.8303571428571429,0.8288928571428571
1,0.00024029559996866044,0.00024319578281470708,0.8264583333333333,0.8255357142857143
2,0.00024558353335374876,0.0002497400652085032,0.8135178571428572,0.8109642857142857
3,0.00025009661292036377,0.0002538643521921975,0.8055952380952381,0.80425
4,0.00024191795023424285,0.0002448812552860805,0.8213154761904762,0.8210357142857143
5,0.00024163502632152466,0.00024490118771791457,0.8242857142857143,0.8235
6,0.00028795519187336876,0.00029179005324840546,0.7277857142857143,0.7273571428571428
7,0.00026412028748364676,0.0002690307412828718,0.7757559523809524,0.7726785714285714
8,0.0002616660896511305,0.00026589563914707727,0.7813928571428571,0.7790357142857143
9,0.00024101481835047404,0.00024446421010153633,0.8249880952380952,0.8230714285714286
10,0.0002391190463233562,0.00024195339317832675,0.8297083333333334,0.8294642857142858
11,0.00040313591949996493,0.0004065487384796143,0.4987202380952381,0.5005
12,0.00024258683994412422,0.00024582674992935997,0.8227202380952381,0.82175
13,0.00024214677636822066,0.0002457951307296753,0.8228869047619047,0.8218214285714286
14,0.00024207292213326408,0.00024582974186965396,0.8228571428571428,0.82175
15,0.00024235137782636142,0.00024581268429756163,0.8228392857142857,0.8217857142857142
