,loss/train,loss/valid,acc/train,acc/valid
0,0.0006789407354025614,0.000691518451486315,0.5103571428571428,0.5125357142857143
1,0.0006783485565157164,0.0006909417850630624,0.5134702380952381,0.51375
2,0.0006763850652745792,0.0006888335921934672,0.5563571428571429,0.5578214285714286
3,0.0006746466450747989,0.0006869082259280341,0.5754583333333333,0.5750357142857143
4,0.0006737965540516944,0.0006859685799905232,0.5411964285714286,0.5395714285714286
5,0.000673860830210504,0.0006859558778149741,0.5166666666666667,0.51775
6,0.0006735052583473069,0.0006855994484254292,0.5126428571428572,0.5136071428571428
7,0.0006735018949423517,0.000685563183256558,0.5070476190476191,0.5077142857142857
8,0.0006739626239453043,0.0006858918560402734,0.5041785714285715,0.5057142857142857
9,0.0006743221960607029,0.0006862717079264777,0.5006309523809523,0.5027142857142857
10,0.0006749949522671246,0.0006868523210287094,0.4991488095238095,0.5009642857142858
11,0.0006759538015439397,0.0006878522953816823,0.4987797619047619,0.5005357142857143
12,0.0006764963130865778,0.0006883513799735478,0.4987261904761905,0.5005
13,0.0006770666646105902,0.0006888969604458128,0.4987202380952381,0.5004642857142857
14,0.0006785389720684006,0.0006902732742684228,0.4987202380952381,0.5005
15,0.0006783978903577441,0.0006902415092502321,0.4987202380952381,0.5005
16,0.0006799804486689113,0.0006917529361588614,0.4987202380952381,0.5005
17,0.0006798669976137933,0.0006917072491986411,0.4987202380952381,0.5005
18,0.0006804883185596693,0.0006922490830932345,0.4987202380952381,0.5005
19,0.0006812750601342746,0.0006930713100092752,0.4987202380952381,0.5005
20,0.000682875934456076,0.0006946718267032078,0.4987202380952381,0.5005
21,0.0006839725073604357,0.000695421210357121,0.4987202380952381,0.5005
22,0.0006841094263252758,0.0006957006071295057,0.4987202380952381,0.5005
