,loss/train,loss/valid,acc/train,acc/valid
0,0.0004970903302587214,0.0005072337005819594,0.801125,0.7991428571428572
1,0.0005896020879348119,0.000601875439286232,0.7076845238095238,0.7068928571428571
2,0.0005540156048678217,0.0005643373025315149,0.7494404761904762,0.7484642857142857
3,0.0005560037532732601,0.0005683477797678539,0.7466071428571428,0.7446071428571429
4,0.0005613759309053421,0.0005743564984628133,0.7411071428571429,0.7392857142857143
5,0.0005617177848305021,0.0005736956489937646,0.7413095238095239,0.7401428571428571
6,0.0005504325656663804,0.000560237807886941,0.7521964285714285,0.7527857142857143
7,0.0005376963345777421,0.0005492962151765823,0.7656607142857143,0.7640357142857143
8,0.000517538568980637,0.0005286928223712104,0.7856607142857143,0.784
9,0.0005420865519415764,0.0005531847370522363,0.7614702380952381,0.76
10,0.0005695387933935438,0.0005796950523342405,0.7337380952380952,0.7343928571428572
11,0.0006573534008292925,0.0006728238676275526,0.64375,0.6412857142857142
12,0.0005385118669697217,0.0005506315848657063,0.7650178571428572,0.7628571428571429
13,0.0005852429909365518,0.0005969150428261076,0.7170892857142858,0.71725
14,0.0005400193752277465,0.0005518240290028709,0.7630654761904762,0.7612857142857142
15,0.0006132496279619989,0.0006278502345085144,0.6888154761904762,0.6861785714285714
