,loss/train,loss/valid,acc/train,acc/valid
0,0.0006743908286804245,0.0006912468437637602,0.6265595238095238,0.6225714285714286
1,0.0006080505752137729,0.0006188831925392151,0.6931845238095238,0.6949285714285715
2,0.0005574383451825097,0.0005697896693434034,0.7451845238095238,0.7442142857142857
3,0.0005674318532858576,0.0005796920529433659,0.7353928571428572,0.7336785714285714
4,0.0005564288844664892,0.0005650490075349808,0.7466785714285714,0.7482857142857143
5,0.0005422462290596394,0.000550171000616891,0.7604166666666666,0.7635714285714286
6,0.0005731537977144832,0.000586012173976217,0.7298333333333333,0.7278571428571429
7,0.0005599885142984844,0.0005708623954227992,0.7427619047619047,0.7431428571428571
8,0.0005524292921736127,0.0005596545083182199,0.7505714285714286,0.7541785714285715
9,0.0007718963935261681,0.0007849671074322291,0.5268928571428572,0.5284642857142857
10,0.0005828181334904262,0.0005922623425722122,0.7205119047619047,0.72175
11,0.0006240079512908345,0.000639784819313458,0.6776845238095238,0.6737857142857143
12,0.0005858773759433202,0.0005941222799675806,0.7167619047619047,0.7191785714285714
13,0.0005717834305195581,0.0005825799554586411,0.7310357142857142,0.7307142857142858
14,0.0005419083354728562,0.000550401713166918,0.7614285714285715,0.7631071428571429
15,0.0005477452561968849,0.0005568303636142186,0.7554464285714285,0.7563214285714286
16,0.0006186665133351371,0.0006334632613829204,0.6833809523809524,0.6799642857142857
17,0.0005530479844836961,0.0005604603695017951,0.7500297619047619,0.7530714285714286
18,0.000550273220099154,0.0005615302388157163,0.7531428571428571,0.7520714285714286
19,0.0006093535749685197,0.0006180887946060726,0.6927619047619048,0.6954285714285714
20,0.0005898279430610793,0.0005985774674585887,0.7127440476190476,0.7151785714285714
