,loss/train,loss/valid,acc/train,acc/valid
0,0.0006180568145854133,0.000626431154353278,0.6839345238095238,0.6869285714285714
1,0.0006159431441199212,0.0006236214531319482,0.6821607142857142,0.6865357142857142
2,0.0006073093616536685,0.0006145711605037962,0.6914345238095239,0.6960714285714286
3,0.0006051575882094247,0.0006120970313038145,0.6925178571428572,0.697
4,0.0006095091154177983,0.0006152793403182711,0.6918154761904762,0.6969642857142857
5,0.0006083120724984578,0.0006153629294463566,0.6929166666666666,0.697
6,0.0006194790307255018,0.0006279467195272445,0.6808095238095239,0.6841071428571428
7,0.0006094270213728859,0.0006179217866488866,0.6924642857142858,0.6949285714285715
8,0.0006056240896383921,0.0006133859860045569,0.6955238095238095,0.6997142857142857
9,0.0006396336221978778,0.0006487330368586949,0.6609880952380952,0.663
10,0.0006049956363581476,0.0006150117601667132,0.6950833333333334,0.6954642857142858
11,0.0006158388040605045,0.0006241119525262288,0.6859464285714286,0.68875
12,0.0006243201735473815,0.0006320873839514596,0.677327380952381,0.6809285714285714
13,0.000620004547848588,0.00063017409827028,0.6813809523809524,0.6826071428571429
14,0.0006257173674447195,0.0006345703793423517,0.6756130952380952,0.6783214285714285
15,0.0006100696453026363,0.0006193035010780607,0.6916785714285715,0.694
16,0.0006209936706083162,0.0006286905578204564,0.6802916666666666,0.6841785714285714
17,0.0006164871521648907,0.0006248480869191033,0.6849761904761905,0.6879285714285714
18,0.0006256553236217726,0.0006333153481994356,0.6762142857142858,0.6798571428571428
