,loss/train,loss/valid,acc/train,acc/valid
0,0.0007076757468637966,0.000721761839730399,0.5012797619047619,0.4995
1,0.000708614516825903,0.0007226762920618057,0.5012797619047619,0.4995
2,0.0007123292698746636,0.0007264334900038583,0.5012797619047619,0.4995
3,0.000713038166364034,0.0007268898891551154,0.5012797619047619,0.4995
4,0.0007121306114963123,0.0007261764534882137,0.5012797619047619,0.4995
5,0.0007142226756328628,0.0007282422780990601,0.5012797619047619,0.4995
6,0.0007155082215155873,0.0007297573366335461,0.5012797619047619,0.4995
7,0.0007151097729802132,0.0007290477710110801,0.5012797619047619,0.4995
8,0.0007160608679765746,0.0007304995123829161,0.5012797619047619,0.4995
9,0.0007176068077484767,0.0007317204113517488,0.5012797619047619,0.4995
10,0.0007184500623316992,0.0007323257944413594,0.5012797619047619,0.4995
11,0.0007198775698031698,0.0007339066501174654,0.5012797619047619,0.4995
12,0.0007183373219200543,0.0007325855663844517,0.5012797619047619,0.4995
13,0.0007174904261316572,0.0007315709463187627,0.5012797619047619,0.4995
14,0.0007188583679852031,0.0007328891562564032,0.5012797619047619,0.4995
15,0.0007194794054542269,0.0007336182062114988,0.5012797619047619,0.4995
