,loss/train,loss/valid,acc/train,acc/valid
0,0.0006930021363354865,0.0007048519998788834,0.4985357142857143,0.5002857142857143
1,0.0006888067754251616,0.0007009376585483551,0.4986845238095238,0.5002857142857143
2,0.000683053952952226,0.0006950090037924903,0.5015,0.5042857142857143
3,0.0006805498351653417,0.0006926852315664292,0.5071785714285715,0.5088214285714285
4,0.0006779404307405154,0.0006900664738246373,0.5215595238095239,0.5246785714285714
5,0.000676112800126984,0.0006882608234882355,0.5426190476190477,0.5443928571428571
6,0.0006750758212237131,0.0006872933379241398,0.5540416666666667,0.5548214285714286
7,0.00067422519021091,0.0006865622975996562,0.5580595238095238,0.5562142857142857
8,0.0006741935717208045,0.0006865418468202864,0.5505476190476191,0.5500714285714285
9,0.000674339421803043,0.0006866555533238819,0.5382142857142858,0.5377142857142857
10,0.0006746611389375868,0.000687078908085823,0.5300654761904762,0.5295357142857143
11,0.0006770487218385651,0.0006896682339055198,0.5116904761904761,0.5085357142857143
12,0.0006775075030468759,0.0006900565560374941,0.5093928571428571,0.5066428571428572
13,0.0006796607932164555,0.0006925071073429925,0.504529761904762,0.5027142857142857
14,0.000680233630396071,0.0006929971895047596,0.5036369047619048,0.5019642857142858
15,0.0006824000179767608,0.0006953608010496412,0.5022083333333334,0.5006071428571428
16,0.0006824179316560427,0.0006953888556786946,0.5022559523809523,0.5005357142857143
17,0.0006835202943711054,0.0006963072078568595,0.5019464285714286,0.5001428571428571
18,0.0006851222280945097,0.0006982289637838091,0.5016666666666667,0.49989285714285714
19,0.0006850573182815597,0.0006980878902333123,0.5016309523809523,0.4998214285714286
20,0.0006885406729720887,0.0007017794975212642,0.5013809523809524,0.4995357142857143
21,0.0006900978269321578,0.0007032734027930668,0.5013511904761905,0.4995
22,0.0006922304605444272,0.000705638159598623,0.5013154761904762,0.4995
23,0.0006920110703933807,0.0007053776085376739,0.5013154761904762,0.4995
