,loss/train,loss/valid,acc/train,acc/valid
0,0.0007457655987569264,0.0007610438615083694,0.5012797619047619,0.4995
1,0.0007527036468187968,0.0007675548366137913,0.5012797619047619,0.4995
2,0.000758301834265391,0.0007737725930554527,0.5012797619047619,0.4995
3,0.0007636739721610433,0.0007790887802839279,0.5012797619047619,0.4995
4,0.0007691767244111924,0.0007850605313267027,0.5012797619047619,0.4995
5,0.0007709863100733076,0.0007864755051476615,0.5012797619047619,0.4995
6,0.0007715715684351467,0.0007873005036796842,0.5012797619047619,0.4995
7,0.0007723059338473139,0.0007881520369223186,0.5012797619047619,0.4995
8,0.0007737507653378305,0.0007887358580316816,0.5012797619047619,0.4995
9,0.0007768492794462613,0.0007922426249299731,0.5012797619047619,0.4995
10,0.0007770822523605256,0.0007933072660650526,0.5012797619047619,0.4995
11,0.0007784313545340584,0.0007945310601166316,0.5012797619047619,0.4995
12,0.0007803023397212937,0.0007966288817780359,0.5012797619047619,0.4995
13,0.0007813370078802109,0.0007972912298781531,0.5012797619047619,0.4995
14,0.0007828445402639253,0.0007986798627035958,0.5012797619047619,0.4995
15,0.0007817366953407015,0.0007978711724281311,0.5012797619047619,0.4995
