,loss/train,loss/valid,acc/train,acc/valid
0,0.00031497836574202493,0.00031755277301583973,0.6755297619047619,0.678
1,0.00031417202878566015,0.00031655906140804293,0.6767202380952381,0.6800714285714285
2,0.0003060924534996351,0.0003093140295573643,0.6942797619047619,0.6947142857142857
3,0.0004015178893293653,0.00040624375002724786,0.49963690476190475,0.5011071428571429
4,0.0003063334063405082,0.0003093064661536898,0.6930059523809524,0.6948214285714286
5,0.00030717655626081284,0.0003088417521544865,0.6908690476190477,0.69575
6,0.0003411696358096032,0.0003451835364103317,0.6216130952380953,0.6225357142857143
7,0.0003307783000525974,0.0003347761780023575,0.644452380952381,0.6435714285714286
8,0.00034091732863868987,0.0003458943345717021,0.6232619047619048,0.62175
9,0.0003091737613791511,0.0003095497637987137,0.6879285714285714,0.69425
10,0.000335714795759746,0.0003397905592407499,0.6333809523809524,0.6336071428571428
11,0.0003809877768868492,0.0003852754213980266,0.5418511904761905,0.5428214285714286
12,0.00032375383377075196,0.0003277921016727175,0.6577142857142857,0.6577857142857143
13,0.0003345388113742783,0.00033606747431414466,0.6367619047619048,0.6410357142857143
14,0.00034977539132038753,0.00035382379804338725,0.6046488095238095,0.6053928571428572
15,0.0003109518633711906,0.0003131483175924846,0.6845357142857142,0.6866785714285715
16,0.0003333010719645591,0.000336686162011964,0.6380119047619047,0.6400357142857143
17,0.0003210442392599015,0.00032389681041240694,0.6621785714285714,0.6652142857142858
18,0.0003378728713308062,0.00034043090896947046,0.6301309523809524,0.63225
19,0.00033214099598782404,0.0003353660511119025,0.6409345238095238,0.6423571428571428
20,0.00030717447364614125,0.0003088116752249854,0.6920892857142857,0.6956785714285715
21,0.00030870446349893295,0.0003095156507832663,0.6887440476190476,0.6942142857142857
22,0.00032102643237227484,0.00032197708317211696,0.6637083333333333,0.6694285714285715
23,0.0003093407537255968,0.000311982770051275,0.6872440476190477,0.6895357142857143
24,0.0003152941142519315,0.0003165341892412731,0.6758035714285714,0.6800357142857143
