,loss/train,loss/valid,acc/train,acc/valid
0,0.0007180623695963905,0.0007301985238279615,0.4987202380952381,0.5005
1,0.0006974198772084145,0.000709489004952567,0.49873809523809526,0.5005
2,0.0006840045718210084,0.0006960104427167347,0.5005357142857143,0.5018571428571429
3,0.0006734256442813647,0.0006853446726288114,0.5280833333333333,0.5291428571428571
4,0.0006682645288251695,0.0006803281732967922,0.5896190476190476,0.5922142857142857
5,0.0006671159611571402,0.0006793837377003262,0.602125,0.6006071428571429
6,0.0006676346961231458,0.0006799594334193638,0.582375,0.5808571428571428
7,0.0006683936225516455,0.000681078410574368,0.5490952380952381,0.5490357142857143
8,0.000672903907086168,0.000685627281665802,0.5150119047619047,0.5138214285714285
9,0.0006792097755131268,0.0006924247443675995,0.5026785714285714,0.5011071428571429
10,0.0006782290538152059,0.0006913811841181346,0.5034107142857143,0.5022142857142857
11,0.0006825149428276788,0.0006956728271075657,0.5017559523809524,0.5001428571428571
12,0.0006876302425350461,0.0007006028145551681,0.5013630952380952,0.49942857142857144
13,0.0006896535324908438,0.0007031682814870562,0.5012916666666667,0.4994642857142857
14,0.0006914647643764814,0.0007047020686524255,0.5012916666666667,0.4995
15,0.000694641904816741,0.0007083717414311001,0.5012797619047619,0.4995
16,0.0006949183554166839,0.0007085814114127841,0.5012797619047619,0.4995
17,0.0006986204314799536,0.0007121877840587072,0.5012797619047619,0.4995
18,0.0006978412731772377,0.0007117156088352203,0.5012797619047619,0.4995
19,0.0007007744734485944,0.0007144380786589214,0.5012797619047619,0.4995
20,0.0007006740697792598,0.0007144832738808223,0.5012797619047619,0.4995
