,loss/train,loss/valid,acc/train,acc/valid
0,0.0006731780370076497,0.0006846542890582766,0.5505297619047619,0.5527857142857143
1,0.0006692771673912094,0.0006808774960892541,0.6087083333333333,0.616
2,0.0006694311957274164,0.0006810457025255475,0.5637916666666667,0.5644285714285714
3,0.0006703849679657391,0.0006821862863642829,0.5223154761904761,0.5215
4,0.0006729440061109406,0.000684788201536451,0.5038452380952381,0.5017142857142857
5,0.000675002606851714,0.000687241615993636,0.501452380952381,0.4997142857142857
6,0.0006767224137272154,0.0006889661848545074,0.5013095238095238,0.4995357142857143
7,0.0006775611344547499,0.0006898128816059658,0.5012857142857143,0.4995
8,0.0006793704377043815,0.00069174610716956,0.5012797619047619,0.4995
9,0.0006803972611115093,0.00069258884872709,0.5012797619047619,0.4995
10,0.0006802730382907958,0.0006926220293555941,0.5012797619047619,0.4995
11,0.0006811176542015303,0.000693744169814246,0.5012797619047619,0.4995
12,0.0006807962794389043,0.0006933338109936033,0.5012797619047619,0.4995
13,0.0006806833932087535,0.0006934224281992231,0.5012797619047619,0.4995
14,0.0006810940408280918,0.0006937167580638613,0.5012797619047619,0.4995
15,0.0006806804033971969,0.0006931814359767097,0.5012797619047619,0.4995
16,0.0006798042264722642,0.0006921179784195764,0.5012797619047619,0.4995
