,loss/train,loss/valid,acc/train,acc/valid
0,0.0006931352622452237,0.0007062589483601706,0.5012797619047619,0.4995
1,0.0006909586081192607,0.000704118652003152,0.5012797619047619,0.4995
2,0.0006937889495775814,0.0007069555606160845,0.5012797619047619,0.4995
3,0.0006951798051595688,0.0007086727385010038,0.5012797619047619,0.4995
4,0.0006939026865930784,0.0007069699381078993,0.5012797619047619,0.4995
5,0.0006959918450031962,0.0007093713751861028,0.5012797619047619,0.4995
6,0.0006951021803986459,0.0007084675431251526,0.5012797619047619,0.4995
7,0.0006950336364763124,0.0007081665439265115,0.5012797619047619,0.4995
8,0.0006967772727920896,0.0007101561384541648,0.5012797619047619,0.4995
9,0.0006960294647585778,0.0007092038435595376,0.5012797619047619,0.4995
10,0.0006953037122175807,0.0007087949195078441,0.5012797619047619,0.4995
11,0.0006969245764471236,0.0007103295900991985,0.5012797619047619,0.4995
12,0.0006986760809308007,0.0007121968971831458,0.5012797619047619,0.4995
13,0.0006969195355971654,0.0007104403823614121,0.5012797619047619,0.4995
14,0.0006976016014814376,0.0007106847975935255,0.5012797619047619,0.4995
15,0.000697792849725201,0.0007112820276192256,0.5012797619047619,0.4995
16,0.0006955890031087966,0.0007090030525411878,0.5012797619047619,0.4995
