,loss/train,loss/valid,acc/train,acc/valid
0,0.0006779096680028098,0.0006905378954751151,0.5064940476190476,0.50475
1,0.0006792842007818676,0.000691983163356781,0.5024226190476191,0.5007857142857143
2,0.0006805930038293203,0.0006933022758790425,0.5017083333333333,0.4997857142857143
3,0.0006823166420771962,0.0006952402123383113,0.5014166666666666,0.49960714285714286
4,0.0006839364646446137,0.0006969746691840035,0.5013154761904762,0.4995357142857143
5,0.0006872386258272898,0.0007002325973340443,0.5012857142857143,0.4995
6,0.00069011921080805,0.0007031475901603699,0.5012857142857143,0.4995
7,0.0006922960873870622,0.0007055527695587704,0.5012797619047619,0.4995
8,0.000695217979096231,0.0007085099965333939,0.5012797619047619,0.4995
9,0.0006974256379263742,0.0007107572661978858,0.5012797619047619,0.4995
10,0.0006990863350885255,0.0007122766588415418,0.5012797619047619,0.4995
11,0.0007009099320996375,0.0007145189408745084,0.5012797619047619,0.4995
12,0.0007033091627416157,0.000716959108199392,0.5012797619047619,0.4995
13,0.0007040291247623308,0.0007176626069205148,0.5012797619047619,0.4995
14,0.0007066611871123314,0.0007204170163188662,0.5012797619047619,0.4995
15,0.0007066030991928918,0.0007205608912876674,0.5012797619047619,0.4995
