,loss/train,loss/valid,acc/train,acc/valid
0,0.0006942586771079472,0.000707873842545918,0.5012797619047619,0.4995
1,0.000694290762146314,0.0007078689890248435,0.5012797619047619,0.4995
2,0.0006949794647239504,0.000708543741277286,0.5012797619047619,0.4995
3,0.0006948858602415948,0.0007084321486098426,0.5012797619047619,0.4995
4,0.0006949468787227358,0.000708572057741029,0.5012797619047619,0.4995
5,0.0006949447922053792,0.0007086573817900248,0.5012797619047619,0.4995
6,0.0006958261948256265,0.0007094520734889166,0.5012797619047619,0.4995
7,0.0006940966205937522,0.0007075105777808598,0.5012797619047619,0.4995
8,0.0006958861851266452,0.0007093595415353775,0.5012797619047619,0.4995
9,0.0006956862580208552,0.0007094913955245699,0.5012797619047619,0.4995
10,0.000695886217057705,0.0007094557051147733,0.5012797619047619,0.4995
11,0.0006968011146499997,0.0007105566561222077,0.5012797619047619,0.4995
12,0.0006970430708357266,0.0007107077538967133,0.5012797619047619,0.4995
13,0.0006967649899777911,0.0007102765824113573,0.5012797619047619,0.4995
14,0.0006976627597496623,0.0007109883512769426,0.5012797619047619,0.4995
15,0.0006969761461729095,0.0007107530385255813,0.5012797619047619,0.4995
16,0.0006983809268900327,0.0007118491722004754,0.5012797619047619,0.4995
17,0.0006971261487120674,0.0007107659088713783,0.5012797619047619,0.4995
18,0.0006985507937414306,0.0007118881578956331,0.5012797619047619,0.4995
19,0.0006991347191589219,0.000712774361882891,0.5012797619047619,0.4995
20,0.0006990193848808606,0.0007124606030327933,0.5012797619047619,0.4995
21,0.000699635087734177,0.0007132157662085124,0.5012797619047619,0.4995
22,0.0006982253069678943,0.0007119788995810917,0.5012797619047619,0.4995
