,loss/train,loss/valid,acc/train,acc/valid
0,0.0007892541620466444,0.0008053785590898423,0.5114841269841269,0.507095238095238
1,0.0007986378016925994,0.0008167733748753865,0.5011031746031746,0.49538095238095237
2,0.0007849093065375373,0.0007970569814954485,0.5154444444444445,0.5163333333333333
3,0.0007979191551132807,0.000808307165191287,0.5018333333333334,0.5049523809523809
4,0.0007957895166344112,0.0008057425561405363,0.5051428571428571,0.5076666666666667
5,0.0007889392290796552,0.000795646139553615,0.5116428571428572,0.5185714285714286
6,0.0007311860819657644,0.000739543826807113,0.5691031746031746,0.5737142857142857
7,0.0008041216693227254,0.0008116694319815862,0.49597619047619046,0.5025714285714286
8,0.0008047179239136832,0.0008114736619449797,0.496,0.5027619047619047
9,0.0008049381890940288,0.0008112781899315971,0.49657142857142855,0.5029523809523809
10,0.0008035187569875565,0.0008115105827649435,0.4967539682539683,0.5027619047619047
11,0.0008028463938879588,0.0008105090061823528,0.49744444444444447,0.5037619047619047
12,0.0008039325608147516,0.000811869326091948,0.4963095238095238,0.5023333333333333
13,0.0008038792643282149,0.0008145635553768703,0.49557936507936506,0.49961904761904763
14,0.0008047735241670458,0.0008121537764867147,0.49594444444444447,0.5020476190476191
15,0.0008005526855824486,0.0008088048696517945,0.49961904761904763,0.5054285714285714
16,0.0008020111279828208,0.0008098381048157102,0.4983015873015873,0.5044285714285714
17,0.0008021148391186245,0.0008098846077919007,0.49835714285714283,0.5043809523809524
18,0.0008016447869558183,0.0008099311107680912,0.4983492063492064,0.5043333333333333
19,0.0008024529100410522,0.0008098846077919007,0.49833333333333335,0.5043809523809524
20,0.0008016881848138477,0.0008098846077919007,0.4983095238095238,0.5043809523809524
21,0.000798378733888505,0.0008166382568223136,0.5016984126984126,0.4956190476190476
