#parameters,chi2
-0.05269997661438086,0.012425210682419193,26.484596946020428
0.002051092235212111,0.00850198064536915,3.7697806664044333e-05,1.2478789591115353
0.005143872940460931,0.008226644235631346,4.290324456828468e-05,-2.578663806789981e-08,1.3570484700617176
