,loss/train,loss/valid,acc/train,acc/valid
0,0.0002830928024791536,0.00028758019634655545,0.7266369047619048,0.7246785714285714
1,0.00028981263225986845,0.000293905217732702,0.7154940476190477,0.7143214285714286
2,0.0002969358875637963,0.00030063621061188835,0.7035833333333333,0.7029285714285715
3,0.00028463903459764663,0.0002898933206285749,0.7327261904761905,0.7292142857142857
4,0.00028192782118206935,0.00028685158278260914,0.73875,0.7354285714285714
5,0.0002958729061342421,0.0003002716920205525,0.711297619047619,0.7095
6,0.00029316828825644086,0.00029801663756370546,0.7168154761904761,0.7141785714285714
7,0.0002760328206987608,0.00028178480054650987,0.7449285714285714,0.7402857142857143
8,0.0002718366395149912,0.00027659458560603005,0.7484404761904762,0.74475
9,0.0002726095024318922,0.0002765911945274898,0.7559702380952381,0.75325
10,0.00026876262646345866,0.0002731716207095555,0.7536428571428572,0.751
11,0.0002851734235882759,0.00029012908467224667,0.7345773809523809,0.7317142857142858
12,0.0003284351382227171,0.0003336740263870784,0.6474107142857143,0.6444642857142857
13,0.0002963595191637675,0.00030141934539590565,0.7123571428571429,0.70925
14,0.0003020599466704187,0.00030777049703257424,0.701202380952381,0.6967857142857142
15,0.00029029966039316994,0.00029594159977776665,0.7256190476190476,0.72025
16,0.0002932799156932604,0.0002992474458047322,0.7186845238095239,0.7139285714285715
17,0.00029088186685528075,0.0002960964867046901,0.7248333333333333,0.7205
18,0.0002895991291318621,0.0002955961738313947,0.7264464285714286,0.7213928571428572
19,0.00030291279405355453,0.0003079112789460591,0.7000535714285714,0.69725
20,0.00028978212213232404,0.0002940136002642768,0.7273869047619047,0.7247142857142858
21,0.0003059836338673319,0.0003115909333739962,0.6934464285714286,0.69
22,0.00031913226275216965,0.0003221192189625331,0.6673392857142857,0.6689642857142857
23,0.0002966760726911681,0.000300016211611884,0.7144404761904762,0.7131071428571428
24,0.0002934156624334199,0.00029838679092270985,0.7196428571428571,0.7162142857142857
25,0.0002897457044039454,0.00029600920634610315,0.727,0.7208214285714286
