,loss/train,loss/valid,acc/train,acc/valid
0,0.000797128747971285,0.0008139494700091226,0.5012916666666667,0.4995
1,0.0007973845150499117,0.0008139494700091226,0.501297619047619,0.4995
2,0.0007973089406178111,0.0008139494700091226,0.5012857142857143,0.4995
3,0.0007971403687482789,0.0008139494700091226,0.5012797619047619,0.4995
4,0.0007973089427465484,0.0008139494700091226,0.5012857142857143,0.4995
5,0.0007970473627958979,0.0008139494700091226,0.5012857142857143,0.4995
6,0.0007974891467463402,0.0008139494700091226,0.5012797619047619,0.4995
7,0.000797657715777556,0.0008139494700091226,0.5012857142857143,0.4995
8,0.0007980122952943756,0.0008139494700091226,0.5012797619047619,0.4995
9,0.0007973903204713549,0.0008139494700091226,0.5012916666666667,0.4995
10,0.0007975821463125092,0.0008139494700091226,0.5012738095238095,0.4995
11,0.0007971345555214654,0.0008139494700091226,0.5012857142857143,0.4995
12,0.000797134552683149,0.0008139494700091226,0.5012857142857143,0.4995
13,0.0007970473645698456,0.0008139494700091226,0.5012857142857143,0.4995
14,0.0007977507181820416,0.0008139494700091226,0.5012797619047619,0.4995
15,0.0007980878661785807,0.0008139494700091226,0.5012916666666667,0.4995
16,0.0007976519043246905,0.0008139494700091226,0.5012916666666667,0.4995
17,0.0007973089377794947,0.0008139494700091226,0.5012857142857143,0.4995
18,0.0007969659847163018,0.0008139494700091226,0.5012797619047619,0.4995
19,0.000796698585152626,0.0008139494700091226,0.5012857142857143,0.4995
20,0.0007972217450539271,0.0008139494700091226,0.5012857142857143,0.4995
21,0.0007973147478132021,0.0008139494700091226,0.5012797619047619,0.4995
22,0.0007971345587145715,0.0008139494700091226,0.5012857142857143,0.4995
23,0.0007968729776995523,0.0008139494700091226,0.5012857142857143,0.4995
24,0.0007972217464730854,0.0008139494700091226,0.5012857142857143,0.4995
25,0.0007975589029845737,0.0008139494700091226,0.501297619047619,0.4995
26,0.0007980122921012697,0.0008139494700091226,0.5012797619047619,0.4995
27,0.0007972159350202197,0.0008139494700091226,0.5012916666666667,0.4995
28,0.0007972275646669524,0.0008139494700091226,0.5012797619047619,0.4995
29,0.0007977332877261298,0.0008139494700091226,0.501297619047619,0.4995
30,0.0007969543603914125,0.0008139494700091226,0.5012916666666667,0.4995
