,loss/train,loss/valid,acc/train,acc/valid
0,0.0003002508640998886,0.0003050646654197148,0.7055833333333333,0.7021428571428572
1,0.00032742834871723537,0.0003316226878336498,0.650077380952381,0.6495
2,0.00029073837860709145,0.00029567497968673706,0.7245416666666666,0.7210714285714286
3,0.0002951299502026467,0.0002994284565959658,0.7157857142857142,0.7141428571428572
4,0.00029657610044592903,0.0003028978407382965,0.712125,0.7073214285714285
5,0.0003349381284344764,0.00033958284343991963,0.6344226190476191,0.6335357142857143
6,0.0003035146235710099,0.0003077162163598197,0.698375,0.6973214285714285
7,0.00029384013017018634,0.00029912723175116947,0.7177916666666667,0.7148928571428571
8,0.00031807473656677063,0.00032396545580455237,0.6690952380952381,0.6649285714285714
9,0.0003056558540889195,0.00030884753806250433,0.6956488095238095,0.6951071428571428
10,0.00029332093752565836,0.00029935865104198454,0.7192857142857143,0.7141428571428572
11,0.00032623993676333203,0.00033047641388007573,0.6524166666666666,0.6518571428571428
12,0.00029456886507215957,0.0002999183429139001,0.7172738095238095,0.7131785714285714
13,0.0002982056566647121,0.00030321721306868964,0.7098571428571429,0.7066785714285714
14,0.000303318077254863,0.0003084468479667391,0.6998690476190477,0.6961071428571428
15,0.0002952408141323498,0.0002996934950351715,0.715922619047619,0.7135714285714285
16,0.00031533156087001164,0.0003205423163516181,0.674970238095238,0.67225
17,0.0003035697340965271,0.00030882376858166284,0.6985178571428572,0.6955714285714286
