,loss/train,loss/valid,acc/train,acc/valid
0,0.0005940276962660608,0.0006031227622713361,0.7006488095238095,0.7004642857142858
1,0.0006168740012106441,0.0006251239287001746,0.6517857142857143,0.6557857142857143
2,0.0006431915877120835,0.0006480905413627625,0.656327380952381,0.6627142857142857
3,0.0006464658862068539,0.0006549872926303319,0.6531845238095239,0.6565
4,0.0006448244023181144,0.0006508448656116213,0.6549107142857142,0.6602142857142858
5,0.0007807580023294403,0.0007963308521679469,0.5182976190476191,0.5170714285714286
6,0.000635156967810222,0.0006417320264237268,0.6660952380952381,0.6700357142857143
7,0.0006284040943497703,0.0006363331888403211,0.672625,0.6756428571428571
8,0.0006269705561654909,0.0006363477047000612,0.6733035714285714,0.6761785714285714
9,0.0006332646998621169,0.0006382438050849097,0.6680714285714285,0.6739285714285714
10,0.0006996526260461126,0.000710733916078295,0.6007023809523809,0.6019642857142857
11,0.0007495405429175922,0.0007605696320533752,0.5503035714285714,0.5525714285714286
12,0.0006805120837830362,0.0006907753305775778,0.6201845238095238,0.6225357142857143
13,0.0007106366530060768,0.0007207647668463843,0.5907976190476191,0.59325
14,0.0006633088131036077,0.0006695477621895926,0.6384285714285715,0.6433214285714286
15,0.0006499533777435621,0.000655254806791033,0.6508571428571429,0.6570714285714285
