,loss/train,loss/valid,acc/train,acc/valid
0,0.0006796418112658319,0.0006920336101736342,0.5263392857142857,0.5266428571428572
1,0.0006793832175788425,0.0006918459577219827,0.525375,0.5245357142857143
2,0.0006794111430644989,0.0006918867698737553,0.5230535714285715,0.5218928571428572
3,0.000679497062095574,0.0006920433448893683,0.5133690476190477,0.5111428571428571
4,0.0006794779577425548,0.0006920577159949711,0.5109761904761905,0.5093928571428571
5,0.0006799319521302268,0.000692545045699392,0.5056071428571428,0.5031428571428571
6,0.0006801581833334197,0.0006928704210690089,0.503529761904762,0.5013928571428572
7,0.0006801927735408147,0.0006929789526121957,0.5028809523809524,0.5008214285714285
8,0.0006807922146150044,0.0006936403661966324,0.5017738095238096,0.5001071428571429
9,0.000681493538476172,0.0006942498492343085,0.5015654761904762,0.4997857142857143
10,0.0006819403473110426,0.0006948298386165074,0.5014166666666666,0.49960714285714286
11,0.0006819802352360317,0.0006950839353459222,0.5013809523809524,0.49957142857142856
12,0.000683137674062025,0.0006960624328681401,0.5013095238095238,0.4995
13,0.0006839739229707491,0.0006969982832670212,0.5012797619047619,0.4995
14,0.0006840020868749846,0.0006970717757940292,0.5012797619047619,0.4995
15,0.0006852269303940591,0.0006983728728124074,0.5012857142857143,0.4995
16,0.0006854605894713175,0.000698662029845374,0.5012857142857143,0.4995
