,loss/train,loss/valid,acc/train,acc/valid
0,0.0007142030057452974,0.0007190939422164644,0.5856607142857143,0.59375
1,0.0006689045755636124,0.0006731250328677041,0.6321547619047619,0.63825
2,0.000707609694983278,0.0007130471702132906,0.5924821428571428,0.5994285714285714
3,0.0007198384028105509,0.000728552520275116,0.5801309523809524,0.5845714285714285
4,0.0007636015950923874,0.0007829101745571409,0.5351964285714286,0.5303928571428571
5,0.0006807966736100969,0.0006876006360564913,0.6204583333333333,0.6260357142857143
6,0.0006647933338369642,0.0006751835708107267,0.6358214285714285,0.6374285714285715
7,0.000656915378357683,0.0006612859517335891,0.644375,0.6516071428571428
8,0.0006431572628872735,0.0006462176356996809,0.6578630952380953,0.6665
9,0.0007397444273034732,0.0007482100746461323,0.5600595238095238,0.5644642857142858
10,0.0006615972142843973,0.0006682678844247545,0.6405952380952381,0.6445357142857143
11,0.0006819466206999052,0.000691086368901389,0.6189464285714286,0.6214285714285714
12,0.0007272581096206392,0.000735171058348247,0.5735059523809524,0.5779642857142857
13,0.000789593158023698,0.0008043016919067928,0.5091369047619048,0.5088571428571429
14,0.0006630148284492038,0.0006702744790485927,0.6376428571428572,0.6424642857142857
15,0.0006637176999023983,0.0006702744790485927,0.6376369047619047,0.6424642857142857
16,0.0006631945371627808,0.0006703442335128784,0.6376369047619047,0.6423928571428571
17,0.000663717695290134,0.0006703093562807356,0.6376369047619047,0.6424285714285715
18,0.000663892078612532,0.0006702744790485927,0.6376369047619047,0.6424642857142857
19,0.0007050126354609217,0.0007141108300004686,0.5946309523809524,0.5986785714285714
20,0.0006638570296622458,0.0006702396018164499,0.6375833333333333,0.6425
21,0.0006636011210225878,0.0006705463124173028,0.6375773809523809,0.6421785714285714
22,0.0006626888197802362,0.0006702744790485927,0.6377083333333333,0.6424642857142857
23,0.0006632642902079083,0.0006702744790485927,0.6376547619047619,0.6424642857142857
