,loss/train,loss/valid,acc/train,acc/valid
0,0.000686131905232157,0.0006991288427795683,0.5016190476190476,0.5000714285714286
1,0.0006859085378902299,0.0006988271879298346,0.5016369047619048,0.5001071428571429
2,0.0006883960408823831,0.0007014149342264448,0.5013630952380952,0.4996785714285714
3,0.0006891339971196084,0.000702540282692228,0.501297619047619,0.49957142857142856
4,0.0006902516306865783,0.0007033542628799166,0.5012857142857143,0.4995
5,0.0006901043359012831,0.0007032375889165061,0.5012857142857143,0.4995
6,0.0006905902815716608,0.0007038126736879349,0.5012916666666667,0.4995
7,0.0006923517031329018,0.0007056920060089656,0.5012797619047619,0.4995
8,0.0006936134986934208,0.0007069513691323144,0.5012797619047619,0.4995
9,0.0006941892501144182,0.0007076211933578763,0.5012797619047619,0.4995
10,0.0006953869788419633,0.0007088771547589984,0.5012797619047619,0.4995
11,0.0006955586072234881,0.0007088820785284042,0.5012797619047619,0.4995
12,0.0006954018604897318,0.0007089672940117972,0.5012797619047619,0.4995
13,0.0006976364748108954,0.0007111364219869887,0.5012797619047619,0.4995
14,0.0006978265426698185,0.0007116618858916419,0.5012797619047619,0.4995
15,0.0006973478712496303,0.0007108054331370762,0.5012797619047619,0.4995
16,0.0006986272757252057,0.0007121528919254031,0.5012797619047619,0.4995
