,loss/train,loss/valid,acc/train,acc/valid
0,0.0006558636884604181,0.0006704827504498618,0.6427619047619048,0.6412142857142857
1,0.0007999014779925347,0.0008125734180212021,0.4987202380952381,0.5005
2,0.000799639904428096,0.0008125734180212021,0.4987202380952381,0.5005
3,0.0008005990251189186,0.0008125734180212021,0.4987202380952381,0.5005
4,0.0007999886689441545,0.0008125734180212021,0.4987202380952381,0.5005
5,0.000800773411989212,0.0008125734180212021,0.4987202380952381,0.5005
6,0.000800337444458689,0.0008125734180212021,0.4987202380952381,0.5005
7,0.0008006862142965907,0.0008125734180212021,0.4987202380952381,0.5005
8,0.0007999014854431153,0.0008125734180212021,0.4987202380952381,0.5005
9,0.0007999014857979048,0.0008125734180212021,0.4987202380952381,0.5005
10,0.0008003374426847412,0.0008125734180212021,0.4987202380952381,0.5005
11,0.0007997270939605576,0.0008125734180212021,0.4987202380952381,0.5005
12,0.0008002502510235423,0.0008125734180212021,0.4987202380952381,0.5005
13,0.0008001630618458702,0.0008125734180212021,0.4987202380952381,0.5005
14,0.0008004246375390462,0.0008125734180212021,0.4987202380952381,0.5005
15,0.0008003374430395308,0.0008125734180212021,0.4987202380952381,0.5005
