,loss/train,loss/valid,acc/train,acc/valid
0,0.00068283012509346,0.0006963034655366625,0.5173690476190477,0.51075
1,0.0006799575324569429,0.0006932481697627476,0.5330297619047619,0.5285
2,0.00067863111552738,0.0006919227795941489,0.5370059523809524,0.5340714285714285
3,0.0006781869551965168,0.0006917151191404888,0.5358690476190476,0.53325
4,0.000677448499415602,0.0006908672366823469,0.5358571428571428,0.5329285714285714
5,0.0006805897188328561,0.000694018719451768,0.5285833333333333,0.5252857142857142
6,0.0006803242110070728,0.0006935358217784336,0.530375,0.5271071428571429
7,0.0006834506211536272,0.0006968423511300768,0.5244345238095238,0.5220357142857143
8,0.0006798447668552399,0.0006933323677097048,0.5304880952380953,0.5268214285714286
9,0.000683163736192953,0.0006968445905617306,0.5257142857142857,0.5234285714285715
10,0.0006804042916212763,0.0006938357204198838,0.5305297619047619,0.5274285714285715
11,0.0006819703284473646,0.0006951061551059996,0.5291369047619048,0.5261071428571429
12,0.0006801606182541166,0.0006933415063789912,0.5331309523809524,0.5300357142857143
13,0.0006816212620053973,0.0006943323803799493,0.5319047619047619,0.5287857142857143
14,0.0006792627221771649,0.000692321736897741,0.5359345238095238,0.53275
15,0.0006806851848959923,0.0006934675936188017,0.534797619047619,0.5314642857142857
16,0.0006809152190883955,0.0006940774747303554,0.5339642857142857,0.5304285714285715
17,0.0006795181128240767,0.0006925079758678163,0.5367261904761905,0.5332142857142858
18,0.000680928348785355,0.0006935584907020842,0.53575,0.5322142857142858
19,0.0006790612329329763,0.0006920926443168095,0.5381130952380953,0.5352857142857143
