,loss/train,loss/valid,acc/train,acc/valid
0,0.0006808102159273057,0.0006933402312653405,0.5058214285714285,0.5034642857142857
1,0.000680445858055637,0.0006929683025394168,0.5085357142857143,0.5064285714285715
2,0.0006799024233505839,0.0006924592873879842,0.5149702380952381,0.5125714285714286
3,0.0006794322693631763,0.000692102244922093,0.5204404761904762,0.5190714285714285
4,0.0006788352486633119,0.0006915576606988907,0.5237380952380952,0.5229285714285714
5,0.000679228744336537,0.0006920682873044695,0.5203690476190476,0.5187142857142857
6,0.0006788119308295704,0.00069156713783741,0.5226488095238095,0.5192142857142857
7,0.0006787317164597057,0.0006914777755737305,0.5232142857142857,0.5208214285714285
8,0.0006790909855848267,0.0006919541167361396,0.5193214285714286,0.5166071428571428
9,0.0006792094373986834,0.0006919978857040406,0.5188452380952381,0.5168214285714285
10,0.0006789152278077035,0.0006918901268924986,0.5175892857142858,0.5155714285714286
11,0.0006805343812420255,0.0006934004426002502,0.5099404761904762,0.5072857142857143
12,0.0006805588780414491,0.0006934317797422409,0.5086190476190476,0.5065357142857143
13,0.0006805170451601346,0.0006935066772358758,0.5081547619047619,0.5062857142857143
14,0.0006811380414735703,0.0006941890780414854,0.5064226190476191,0.5042142857142857
15,0.0006807601274479003,0.0006937866679259709,0.5066904761904761,0.5043571428571428
16,0.0006812897789336386,0.0006943491399288178,0.5058809523809524,0.5034285714285714
17,0.0006819233418930144,0.0006950864770582744,0.5044642857142857,0.5027142857142857
18,0.0006828766454543386,0.0006960034668445587,0.5037380952380952,0.5015357142857143
19,0.0006827713215634936,0.0006960807080779757,0.5034642857142857,0.5011785714285715
20,0.0006839273401669094,0.0006969383976289204,0.5026904761904762,0.5003571428571428
21,0.0006840615098675092,0.0006973899326154164,0.5025535714285714,0.5002142857142857
22,0.0006847816680868467,0.0006979533050741468,0.5023154761904762,0.5001071428571429
