,loss/train,loss/valid,acc/train,acc/valid
0,0.0006838622848902429,0.0006962329000234604,0.5023214285714286,0.5004285714285714
1,0.0006827028872711318,0.0006951367855072021,0.503922619047619,0.5024285714285714
2,0.0006825838383464586,0.0006951207433428083,0.5038988095238095,0.5023571428571428
3,0.0006827207321212405,0.0006954009830951691,0.503875,0.5031071428571429
4,0.0006850175222470647,0.00069777655175754,0.5015714285714286,0.4996785714285714
5,0.0006865186368425687,0.0006994453902755465,0.5013690476190477,0.49957142857142856
6,0.0006882654080788295,0.0007014156941856657,0.501297619047619,0.4995357142857143
7,0.0006887631781754039,0.0007022642386811121,0.5013154761904762,0.4995357142857143
8,0.0006913298393289248,0.0007046746334859303,0.5013095238095238,0.4994642857142857
9,0.0006913647183350155,0.0007048944745744977,0.5014166666666666,0.49957142857142856
10,0.0006923399017680259,0.0007058862767049245,0.5015119047619048,0.4996785714285714
11,0.0006913186506856056,0.0007050763283457075,0.5021071428571429,0.5002142857142857
12,0.0006924207107651801,0.0007060109164033617,0.5025952380952381,0.50075
13,0.0006905855359066101,0.0007043226254837854,0.5050892857142857,0.5023214285714286
14,0.0006883366647220794,0.0007015905891145979,0.5094761904761905,0.5066428571428572
15,0.0006861691762294088,0.0006996967515775135,0.5144345238095238,0.5117142857142857
16,0.0006857212430664471,0.0006991851053067616,0.5170535714285714,0.5144642857142857
