,loss/train,loss/valid,acc/train,acc/valid
0,0.0006747642608862075,0.0006844088094575064,0.6260793650793651,0.6289047619047619
1,0.0005654441122970884,0.0005776368493125553,0.7383809523809524,0.7359523809523809
2,0.0005854628317885929,0.0006000189582506815,0.7171984126984127,0.713
3,0.000757880413343036,0.0007762129789307004,0.5433888888888889,0.536047619047619
4,0.0006099818902356284,0.000627131998538971,0.6934126984126984,0.6855714285714286
5,0.0005871035404621609,0.0005965344934236435,0.7160793650793651,0.7167142857142857
6,0.0006216603025557503,0.0006314834725289118,0.6815079365079365,0.6814761904761905
7,0.000603547143557715,0.0006186865568161011,0.7001428571428572,0.6938095238095238
8,0.0006493941909737057,0.0006594145922433762,0.6528333333333334,0.6544285714285715
9,0.0006830522451135848,0.0006976186178979419,0.6197380952380952,0.6152857142857143
10,0.0005890793965922462,0.0006044426049504961,0.7141111111111111,0.7093809523809523
11,0.0006024902231163449,0.0006148017020452591,0.7009126984126984,0.6987142857142857
12,0.0005831334950431945,0.000597582201162974,0.7211904761904762,0.7158095238095238
13,0.0006015737009426904,0.000611291405700502,0.7021507936507937,0.7027619047619048
14,0.0006204600376742227,0.0006304312859262739,0.6820793650793651,0.6832380952380952
15,0.0006131976492821224,0.000625745605854761,0.6901428571428572,0.6876190476190476
16,0.0006211836323851631,0.0006397269510087513,0.6816111111111111,0.6735714285714286
