,loss/train,loss/valid,acc/train,acc/valid
0,0.0007250577537786393,0.0007357251942157745,0.49973809523809526,0.5015714285714286
1,0.000727387092652775,0.0007384998862232481,0.4993869047619048,0.5011785714285715
2,0.0007260241657495499,0.000737003573349544,0.4994345238095238,0.5012142857142857
3,0.0007275404312780925,0.000738595975296838,0.49936309523809524,0.5011785714285715
4,0.0007264028940172422,0.0007379075735807419,0.49941071428571426,0.5012142857142857
5,0.0007269683682492801,0.0007384781518152782,0.4993869047619048,0.5011071428571429
6,0.0007262598269042515,0.0007376323682921274,0.4993690476190476,0.5011071428571429
7,0.0007275925651192665,0.0007387858097042357,0.4993511904761905,0.5009642857142858
8,0.0007283154059024085,0.0007400963263852256,0.4993214285714286,0.5010357142857143
9,0.0007267379540772665,0.0007378669487578529,0.4994047619047619,0.501
10,0.000726773650873275,0.0007383963401828493,0.4994702380952381,0.5010357142857143
11,0.0007259922467526935,0.0007371159770659038,0.4993511904761905,0.5009642857142858
12,0.0007241267718019939,0.0007354814495359149,0.49945833333333334,0.501
13,0.0007268993081081481,0.0007378743503774916,0.4993690476190476,0.5009285714285714
14,0.0007247917992728097,0.0007356580942869186,0.49944642857142857,0.5011071428571429
15,0.0007249396120508512,0.000736407288483211,0.49941071428571426,0.5010357142857143
