,loss/train,loss/valid,acc/train,acc/valid
0,0.0006832171703378359,0.0006954833290406636,0.4989702380952381,0.5009642857142858
1,0.0006825715466624215,0.0006948708168097905,0.49950595238095236,0.5016071428571428
2,0.0006824562393483661,0.0006947695825781141,0.4998095238095238,0.5015357142857143
3,0.0006823347100899333,0.0006946503690310887,0.49976785714285715,0.5016071428571428
4,0.0006820877446305184,0.0006943549684115818,0.5004166666666666,0.5016428571428572
5,0.0006818659358790943,0.0006941450600113188,0.5011011904761905,0.5025714285714286
6,0.0006819808153169496,0.0006942011671406882,0.5010059523809524,0.5027857142857143
7,0.0006819739068547884,0.0006941760224955422,0.5010654761904761,0.5026071428571428
8,0.0006821563552532877,0.0006943496721131461,0.5006071428571428,0.5017142857142857
9,0.0006819109107766832,0.0006941294882978711,0.5009821428571428,0.5027142857142857
10,0.0006823651499691464,0.0006945016937596457,0.49985714285714283,0.5019642857142858
11,0.0006818319867764201,0.0006940314194985799,0.5016071428571428,0.5021785714285715
12,0.0006819331851743517,0.0006941733275141035,0.5008690476190476,0.50175
13,0.0006821747354808308,0.0006944035355533872,0.4999642857142857,0.5018571428571429
14,0.0006820184921934491,0.0006942405083349772,0.5002678571428572,0.5023571428571428
15,0.0006820673300396828,0.0006942583854709352,0.5003452380952381,0.5022142857142857
16,0.0006818465377603258,0.0006940464207104275,0.5007678571428571,0.5023214285714286
17,0.00068221455989849,0.0006944299361535481,0.49968452380952383,0.5017857142857143
18,0.0006822056497136752,0.0006943690436226981,0.4998452380952381,0.5020714285714286
19,0.0006821192361059643,0.0006943235354764121,0.4997857142857143,0.502
20,0.0006824244973914964,0.0006946019700595311,0.49932738095238094,0.5015357142857143
21,0.0006823349861162049,0.0006944374399525778,0.49960119047619045,0.5018928571428571
22,0.0006824710276864824,0.0006945423356124333,0.4992857142857143,0.5015357142857143
23,0.0006822458931377955,0.0006944394388369152,0.4996607142857143,0.5018571428571429
24,0.0006822847216611817,0.000694499814084598,0.4992083333333333,0.5017857142857143
25,0.000682368944088618,0.0006944879293441773,0.4992916666666667,0.5016071428571428
26,0.0006824349682955515,0.0006946118133408682,0.49929761904761905,0.5016071428571428
