,loss/train,loss/valid,acc/train,acc/valid
0,0.000701972602733544,0.0007139772708926882,0.49900595238095236,0.50025
1,0.0007020252485360418,0.0007140132593257087,0.49914285714285717,0.5004285714285714
2,0.0007035118664304416,0.0007153843172958919,0.4989821428571429,0.5004285714285714
3,0.0007058783659622782,0.0007179498353174754,0.4992202380952381,0.5011071428571429
4,0.0007068177812865802,0.0007185884096792767,0.49917261904761906,0.5008571428571429
5,0.0007075161405262493,0.0007191657189811979,0.4992202380952381,0.50075
6,0.0007078648777235121,0.0007197267647300448,0.4991607142857143,0.5011785714285715
7,0.0007099182729919752,0.0007216096328837531,0.49908928571428574,0.5013214285714286
8,0.0007093236606035913,0.0007210106615509306,0.49920238095238095,0.5010357142857143
9,0.0007101391160062381,0.0007219411858490535,0.4990595238095238,0.5013214285714286
10,0.000709808950977666,0.0007214959817273276,0.49907738095238097,0.5011785714285715
11,0.0007110758657966342,0.000722829139658383,0.4989166666666667,0.5009642857142858
12,0.0007115798301640011,0.0007235397951943533,0.4988452380952381,0.5008928571428571
13,0.0007126540009464536,0.0007240630175386157,0.49885714285714283,0.5006785714285714
14,0.0007132824552910669,0.0007251109800168446,0.49885714285714283,0.5005714285714286
15,0.0007127122109134992,0.0007246728816202709,0.498875,0.5007142857142857
