,loss/train,loss/valid,acc/train,acc/valid
0,0.0002828946869288172,0.0002854589181286948,0.7267797619047619,0.7291428571428571
1,0.00029286195798998785,0.00029559784063271116,0.7286011904761904,0.7309285714285715
2,0.0002779078189106215,0.0002806758369718279,0.7352380952380952,0.7362142857142857
3,0.0003099121660703704,0.0003135086234126772,0.6583928571428571,0.6580714285714285
4,0.0002806627643959863,0.0002836854032107762,0.734827380952381,0.7371428571428571
5,0.0002852319198704901,0.0002878571322986058,0.7161785714285714,0.7171071428571428
6,0.00027832885618720734,0.000281199363725526,0.7344345238095238,0.7350357142857142
7,0.00028164240043787727,0.000284389962043081,0.7308988095238095,0.7335714285714285
8,0.00027841987780162264,0.0002812532271657671,0.7423690476190477,0.7431428571428571
9,0.00027903766930103304,0.00028166493347712925,0.7374047619047619,0.7402142857142857
10,0.000286868525048097,0.0002897839354617255,0.7118690476190476,0.7115357142857143
11,0.00032177511354287465,0.0003246835172176361,0.6528690476190476,0.6545
12,0.0003189083401645933,0.0003215247711965016,0.6591904761904762,0.6608928571428572
13,0.0003169399801464308,0.0003194909904684339,0.665,0.6670714285714285
14,0.0002922655567526817,0.0002948624491691589,0.7216488095238095,0.7243214285714286
15,0.00029651333994808654,0.00029889415417398723,0.71375,0.7155714285714285
16,0.0002952528585280691,0.00029768000755991253,0.7164583333333333,0.7184285714285714
17,0.00029729922115802766,0.0002993856817483902,0.7127797619047619,0.7149285714285715
