,loss/train,loss/valid,acc/train,acc/valid
0,0.00028355396326099124,0.0002856223157473973,0.7110416666666667,0.7121785714285714
1,0.0002820926737927255,0.00028460638437952313,0.7268095238095238,0.7290714285714286
2,0.00028379927433672407,0.0002867156394890377,0.7264940476190476,0.7281428571428571
3,0.00029177050221534,0.00029430932658059257,0.7099166666666666,0.7115714285714285
4,0.00027947768710908435,0.00028199919419629236,0.7318809523809524,0.7342142857142857
5,0.00028066978319769815,0.00028309242640222823,0.7237678571428572,0.72625
6,0.0002856347933411598,0.0002884371152945927,0.719452380952381,0.7176785714285714
7,0.00027740374846117836,0.0002803648114204407,0.7347261904761905,0.7316428571428572
8,0.00027973147836469467,0.00028234241902828217,0.7408035714285715,0.7390357142857142
9,0.0003171525757227625,0.00032071301553930555,0.643327380952381,0.6453571428571429
10,0.00027916794483150755,0.00028184763661452705,0.7299404761904762,0.7302857142857143
11,0.00029492411620560147,0.00029725566932133264,0.7145535714285715,0.7161071428571428
12,0.0002912894164522489,0.00029373303268636974,0.7226785714285714,0.7252857142857143
13,0.00028991683891841345,0.00029234474684510913,0.725202380952381,0.7269642857142857
14,0.00028860806141580857,0.0002916827755314963,0.7258511904761905,0.7275357142857143
15,0.00028996673226356506,0.0002920915505715779,0.7255238095238096,0.7273928571428572
16,0.00028991637662762685,0.00029158938569681984,0.7259047619047619,0.7276071428571429
17,0.00029001717553252265,0.00029153101784842357,0.7244464285714286,0.7275714285714285
18,0.00032052972274167196,0.0003215199155466897,0.6630892857142857,0.6691785714285714
19,0.00029184394223349437,0.00029391939299447194,0.7224047619047619,0.7252142857142857
20,0.00029212832628261476,0.00029369160745825086,0.7225357142857143,0.7256428571428571
21,0.00029154114709013985,0.0002936400749853679,0.7225059523809524,0.7256428571428571
22,0.0002917843531994593,0.0002938772120646068,0.7225238095238096,0.7252857142857143
