,loss/train,loss/valid,acc/train,acc/valid
0,0.0005824421661950293,0.0005898769284997668,0.7038452380952381,0.7081785714285714
1,0.0006074780516681217,0.0006185682841709682,0.678047619047619,0.6779642857142857
2,0.0006738258940832955,0.0006857812000172479,0.5921904761904762,0.5926071428571429
3,0.000582585276947135,0.0005939591995307378,0.7016369047619048,0.6989642857142857
4,0.0007565579641432989,0.0007740970445530755,0.5020833333333333,0.4974642857142857
5,0.0005726418484534536,0.0005810430518218449,0.7135535714285715,0.71575
6,0.0005601748103896777,0.0005687663768018995,0.7305833333333334,0.73225
7,0.0005543138775087538,0.0005649243955101285,0.7359166666666667,0.7336428571428572
8,0.0005418730294775396,0.0005522130110434124,0.7468333333333333,0.7484285714285714
9,0.0005582905890686172,0.0005671222380229405,0.7184107142857142,0.71975
10,0.0006807778789883568,0.0006870688732181277,0.6156607142857143,0.6222142857142857
11,0.0007207934136192004,0.0007343586151088987,0.5775059523809524,0.5763571428571429
12,0.0006422106882645971,0.0006538412400654384,0.6585595238095238,0.6570357142857143
13,0.0007977093121125584,0.0008139145927769797,0.5013214285714286,0.4995357142857143
14,0.0007220766583368892,0.0007345421080078398,0.5776011904761905,0.5785714285714286
15,0.0006679709273434821,0.0006776027785880225,0.6324226190476191,0.6347142857142857
16,0.0006087663038855507,0.0006164334288665227,0.6931428571428572,0.6955714285714286
17,0.0006799787300683203,0.0006926067556653704,0.6206726190476191,0.6195
18,0.0007366251317518098,0.0007543293897594724,0.5622380952380952,0.5585714285714286
19,0.0006592640557459423,0.0006715275027922221,0.642452380952381,0.6408928571428572
20,0.0006710368802859669,0.0006804465587650026,0.6298630952380952,0.6321071428571429
21,0.0006649221557946432,0.0006740060746669769,0.6362380952380953,0.6385
22,0.0006631029468207132,0.0006716184637376241,0.6383571428571428,0.6407857142857143
23,0.0006633189615039599,0.0006726483702659607,0.6379583333333333,0.6402142857142857
