,loss/train,loss/valid,acc/train,acc/valid
0,0.0006857646402148973,0.000698279544711113,0.5039702380952381,0.5064642857142857
1,0.0006857613765058064,0.000698356100491115,0.504875,0.5066785714285714
2,0.0006873704798164822,0.0007000066339969635,0.5043035714285714,0.5079642857142858
3,0.0006904259316978,0.000702893289072173,0.5035059523809524,0.5047142857142857
4,0.0006895964833952132,0.0007019498326948711,0.5048928571428571,0.5060714285714286
5,0.0006927191366751989,0.0007048444641487939,0.5035357142857143,0.5041428571428571
6,0.0006928003643240248,0.0007051330315215247,0.5030535714285714,0.50375
7,0.0006931856363302186,0.0007054851672479085,0.5029821428571428,0.5036428571428572
8,0.0006918755450419017,0.0007041592236076082,0.5034464285714285,0.5042857142857143
9,0.000695533332725366,0.000707685757960592,0.5021309523809524,0.5036071428571428
10,0.0006957565485721542,0.0007079676687717438,0.5019285714285714,0.5032142857142857
11,0.0006983627751469612,0.0007105500080755779,0.5005892857142857,0.5020357142857143
12,0.0007017449431476138,0.0007139335338558469,0.49999404761904764,0.5015714285714286
13,0.000700417557997363,0.0007126071155071259,0.5000952380952381,0.5014642857142857
14,0.000702083082426162,0.0007142467307192939,0.4996904761904762,0.5015357142857143
15,0.0007039334348269871,0.0007160855851003102,0.4994523809523809,0.5013214285714286
