,loss/train,loss/valid,acc/train,acc/valid
0,0.0007064371172870908,0.0007203065305948258,0.5012797619047619,0.4995
1,0.0006886746255414827,0.0007017643941300256,0.5011607142857143,0.49935714285714283
2,0.0006793312235247521,0.0006915946922131947,0.519125,0.5218214285714285
3,0.000679449740265097,0.0006913479949746813,0.5119583333333333,0.5138928571428572
4,0.0006799134487907092,0.0006919191884143012,0.503077380952381,0.5052142857142857
5,0.0006804735302215531,0.0006924253531864712,0.49968452380952383,0.5016428571428572
6,0.0006810700169631413,0.000693012746317046,0.4988511904761905,0.5005714285714286
7,0.0006808135623023624,0.0006927602589130402,0.4989166666666667,0.5006785714285714
8,0.0006808270748172487,0.00069283370247909,0.498875,0.5006071428571428
9,0.0006810145300059091,0.0006930479386023112,0.49876785714285715,0.5005714285714286
10,0.0006811418082742464,0.0006931370134864535,0.49873809523809526,0.5005357142857143
11,0.0006812406349040213,0.0006932321893317358,0.4986904761904762,0.5005
12,0.0006809121678982462,0.0006929074270384652,0.4987083333333333,0.5005
13,0.0006810165256971404,0.0006929843723773956,0.4987142857142857,0.5005
14,0.0006810936590745336,0.0006930315217801503,0.4987083333333333,0.5005
15,0.0006810472898540042,0.0006930492030722754,0.4987202380952381,0.5005
16,0.000681076793443589,0.0006929866777999061,0.4987142857142857,0.5005
17,0.0006812533253715151,0.0006932625153235027,0.4987202380952381,0.5005
18,0.0006814242118880862,0.0006933473880801882,0.4987202380952381,0.5005
