,loss/train,loss/valid,acc/train,acc/valid
0,0.0006187444921760332,0.000627689568059785,0.6572321428571428,0.6615714285714286
1,0.0006863552168721245,0.0006950265573603767,0.5921607142857143,0.5978214285714286
2,0.0006297922957511175,0.0006406948736735752,0.6654047619047619,0.6659642857142857
3,0.0007092604651337579,0.0007183050747428622,0.5778511904761905,0.5832142857142857
4,0.000799901480121272,0.0008125734180212021,0.4987202380952381,0.5005
5,0.0007999014726706913,0.0008125734180212021,0.4987202380952381,0.5005
6,0.000799639897332305,0.0008125734180212021,0.4987202380952381,0.5005
7,0.0007999886728468395,0.0008125734180212021,0.4987202380952381,0.5005
8,0.000800424640022573,0.0008125734180212021,0.4987202380952381,0.5005
9,0.0007999886682345754,0.0008125734180212021,0.4987202380952381,0.5005
10,0.000799901480121272,0.0008125734180212021,0.4987202380952381,0.5005
11,0.0007997270932509785,0.0008125734180212021,0.4987202380952381,0.5005
12,0.0007999886721372604,0.0008125734180212021,0.4987202380952381,0.5005
13,0.0007995527021232105,0.0008125734180212021,0.4987202380952381,0.5005
14,0.000799901480121272,0.0008125734180212021,0.4987202380952381,0.5005
15,0.000799727092896189,0.0008125734180212021,0.4987202380952381,0.5005
