,loss/train,loss/valid,acc/train,acc/valid
0,0.00028914584822597956,0.00029104078667504445,0.7228214285714286,0.7251785714285715
1,0.0002938275819733029,0.00029640034692628045,0.7177976190476191,0.7203571428571428
2,0.00029276579724890844,0.00029442502132483894,0.7221964285714285,0.7245714285714285
3,0.0002918383965180034,0.00029421249244894303,0.722452380952381,0.7250357142857143
4,0.0002925112396478653,0.0002941690172467913,0.7225178571428571,0.7250357142857143
5,0.0002919419954220454,0.000294047623872757,0.7226309523809524,0.7251428571428571
6,0.0002926042289251373,0.00029463226880346025,0.7208035714285714,0.7237142857142858
7,0.00029188785737469083,0.0002938946804830006,0.722672619047619,0.72525
8,0.0002941047723094622,0.00029608114489487237,0.7178392857142857,0.7205714285714285
9,0.0003019008111386072,0.0003033763723714011,0.7026190476190476,0.7061785714285714
10,0.0003705887673866181,0.0003746214764458793,0.5636964285714285,0.5633214285714285
11,0.00029280473930495127,0.0002954308007444654,0.7198928571428571,0.7219285714285715
12,0.0002975666132711229,0.0002994765319994518,0.7100773809523809,0.7130714285714286
13,0.0002917451141845612,0.00029398634391171593,0.7226071428571429,0.7250714285714286
14,0.0002918889302582968,0.0002938772120646068,0.7226785714285714,0.7252857142857143
15,0.0002912611464659373,0.0002938772120646068,0.722672619047619,0.7252857142857143
