,loss/train,loss/valid,acc/train,acc/valid
0,0.0006863742201101212,0.0006990811271326882,0.5012797619047619,0.4995
1,0.0006814829206892423,0.0006938034743070602,0.4931011904761905,0.49742857142857144
2,0.0006814147464576221,0.0006935730150767736,0.503077380952381,0.5077857142857143
3,0.0006817070025773275,0.0006938466663871493,0.5011190476190476,0.50375
4,0.0006817597558810598,0.0006938846856355667,0.4990476190476191,0.5007142857142857
5,0.0006820981456410317,0.0006942309992653983,0.4987142857142857,0.5005357142857143
6,0.0006822866389439219,0.000694368377327919,0.4987202380952381,0.5005
7,0.0006822870969772339,0.0006944247377770287,0.4987202380952381,0.5005
8,0.0006825541169160888,0.0006946718118020466,0.4987202380952381,0.5005
9,0.0006824537685939244,0.0006945568408284868,0.4987202380952381,0.5005
10,0.0006822300407858122,0.0006943178751638957,0.4987202380952381,0.5005
11,0.000682266761859258,0.000694447438631739,0.4987202380952381,0.5005
12,0.0006821907843862261,0.0006943776096616473,0.4987202380952381,0.5005
13,0.0006819864561160405,0.000694200445498739,0.4987202380952381,0.5005
14,0.0006818304696962947,0.0006940245947667531,0.4987202380952381,0.5005
15,0.0006820023375607672,0.0006941691317728588,0.4987202380952381,0.5005
16,0.0006819981868777956,0.0006941799627883093,0.4987202380952381,0.5005
17,0.0006818362158678827,0.0006939595022371837,0.4987202380952381,0.5005
