,loss/train,loss/valid,acc/train,acc/valid
0,0.0006912743509525345,0.0007033862684454236,0.4987202380952381,0.5005
1,0.0006866038228784288,0.0006986270078590938,0.4987559523809524,0.5004642857142857
2,0.0006838073549526078,0.0006958777798073632,0.4988452380952381,0.5005714285714286
3,0.0006831824399885677,0.0006952584598745619,0.4989642857142857,0.5009642857142858
4,0.0006846803029378256,0.0006966254051242556,0.4987202380952381,0.5005
5,0.0006827744022011757,0.00069486118214471,0.4987857142857143,0.5005714285714286
6,0.0006843097380229405,0.0006962611185652869,0.4987261904761905,0.5005
7,0.0006829731553083374,0.0006949740307671683,0.4987261904761905,0.5005
8,0.0006834069469145366,0.000695353810276304,0.4987261904761905,0.5005
9,0.0006826986858532542,0.0006946239620447159,0.49873809523809526,0.5005714285714286
10,0.0006824037067237355,0.0006943994696651186,0.4987440476190476,0.5006071428571428
11,0.0006846045042787279,0.0006964543908834457,0.4987202380952381,0.5005
12,0.0006842460625228428,0.0006960857318980353,0.4987202380952381,0.5005
13,0.0006844006067230588,0.0006963453825031008,0.4987202380952381,0.5005
14,0.0006837551959213757,0.0006956248198236738,0.4987202380952381,0.5005
15,0.0006844505050352641,0.0006964770214898246,0.4987202380952381,0.5005
16,0.0006836649246868633,0.0006955208693231855,0.4987202380952381,0.5005
17,0.000686680905520916,0.0006986415130751473,0.4987202380952381,0.5005
18,0.0006854132850255285,0.0006973101730857577,0.4987202380952381,0.5005
19,0.0006879814966093927,0.0006997303068637848,0.4987202380952381,0.5005
20,0.000686566354618186,0.0006983854962246759,0.4987202380952381,0.5005
21,0.0006851699770916076,0.0006969534179994038,0.4987142857142857,0.5005
22,0.0006869709367553393,0.0006988800210612161,0.4987202380952381,0.5005
23,0.000686858913728169,0.0006985150447913578,0.4987202380952381,0.5005
24,0.0006870525677998861,0.0006985467097588948,0.4987261904761905,0.5005
25,0.0006879837207850955,0.0006998771854809352,0.4987261904761905,0.5005
