,loss/train,loss/valid,acc/train,acc/valid
0,0.0006880299917289189,0.0007007949927023479,0.5012261904761904,0.4995
1,0.0006819248344926607,0.0006940133784498488,0.5029940476190476,0.5055714285714286
2,0.0006841708858098302,0.0006961859315633774,0.49879761904761905,0.5005357142857143
3,0.0006834378430531138,0.00069546049620424,0.4988035714285714,0.5004642857142857
4,0.0006828999058121727,0.0006948566479342324,0.49876785714285715,0.5004285714285714
5,0.0006817566468602136,0.0006938807921750205,0.4991785714285714,0.5008928571428571
6,0.0006835865502556165,0.0006956924604518072,0.49873809523809526,0.5005
7,0.0006828499801811718,0.0006950521107230868,0.49875,0.5004642857142857
8,0.0006830092061843191,0.0006951021658522743,0.49873809523809526,0.5005
9,0.0006830015987867401,0.0006951497197151184,0.4987261904761905,0.5005
10,0.0006840888361136118,0.0006961453833750316,0.4987202380952381,0.5005
11,0.0006824426413291977,0.0006946214735507965,0.49873214285714285,0.5005
12,0.0006847132799171266,0.0006967836873871939,0.4987261904761905,0.5005
13,0.0006847451662733441,0.0006968503147363663,0.4987559523809524,0.5005
14,0.0006855565011501312,0.000697589065347399,0.4988035714285714,0.5005357142857143
15,0.0006857020783992041,0.0006977852838379996,0.4988452380952381,0.5005714285714286
16,0.0006861190905883198,0.0006979083418846131,0.49879761904761905,0.5005
17,0.0006854990319836707,0.0006973807151828493,0.4990952380952381,0.5008214285714285
18,0.0006865925746304648,0.0006985018253326416,0.4991964285714286,0.5007857142857143
19,0.000687481267111642,0.0006991825848817826,0.5000595238095238,0.5019642857142858
20,0.000687005524124418,0.0006986023549522672,0.5014047619047619,0.5034642857142857
