,loss/train,loss/valid,acc/train,acc/valid
0,0.00029119912463994253,0.0002928101888724736,0.7240297619047619,0.7272857142857143
1,0.0002911681348369235,0.0002938772120646068,0.7226785714285714,0.7252857142857143
2,0.0004024151223046439,0.0004065487384796143,0.4987202380952381,0.5005
3,0.00040277550972643355,0.0004065487384796143,0.4987202380952381,0.5005
4,0.00040322601795196535,0.0004065487384796143,0.4987202380952381,0.5005
5,0.00040295570769480297,0.0004065487384796143,0.4987202380952381,0.5005
6,0.0004023250266909599,0.0004065487384796143,0.4987202380952381,0.5005
7,0.00040250522324017114,0.0004065487384796143,0.4987202380952381,0.5005
8,0.0004021448241103263,0.0004065487384796143,0.4987202380952381,0.5005
9,0.0004025953199182238,0.0004065487384796143,0.4987202380952381,0.5005
10,0.0004029557208220164,0.0004065487384796143,0.4987202380952381,0.5005
11,0.0004017844278187979,0.0004065487384796143,0.4987202380952381,0.5005
12,0.000402505218627907,0.0004065487384796143,0.4987202380952381,0.5005
13,0.0004021448255294845,0.0004065487384796143,0.4987202380952381,0.5005
14,0.000403135913113753,0.0004065487384796143,0.4987202380952381,0.5005
15,0.000403135916306859,0.0004065487384796143,0.4987202380952381,0.5005
