,loss/train,loss/valid,acc/train,acc/valid
0,0.0008061208341802869,0.0008208397541727339,0.4918869047619048,0.49242857142857144
1,0.000798475491858664,0.0008151430402483259,0.49995833333333334,0.49835714285714283
2,0.0007910950269017901,0.0008073585672037942,0.5074107142857143,0.5058214285714285
3,0.0008023616593508493,0.0008184174192803246,0.4964404761904762,0.4947857142857143
4,0.0007996263674327305,0.000817236317055566,0.4992440476190476,0.49589285714285714
5,0.0007758857462377775,0.0007871589724506651,0.5226845238095238,0.5261071428571429
6,0.0007957352907175109,0.0008092517937932696,0.5027440476190477,0.5033928571428572
7,0.0007960158916456359,0.0008108866491488048,0.5020297619047619,0.5021785714285715
8,0.0007968787838305746,0.0008139494700091226,0.5012797619047619,0.4995
9,0.0007985184103960083,0.0008139145927769797,0.5012083333333334,0.4995357142857143
10,0.0007970811589842751,0.0008138501899582999,0.50125,0.4996785714285714
11,0.0007973845129211743,0.0008139494700091226,0.501297619047619,0.4995
12,0.0007972275547328449,0.0008139494700091226,0.5012797619047619,0.4995
13,0.0007970531774418695,0.0008139494700091226,0.5012797619047619,0.4995
14,0.0007977507192464102,0.0008139494700091226,0.5012797619047619,0.4995
15,0.0007980994905034701,0.0008139494700091226,0.5012797619047619,0.4995
16,0.0007977507174724625,0.0008139494700091226,0.5012797619047619,0.4995
17,0.0007971403662647519,0.0008139494700091226,0.5012797619047619,0.4995
18,0.0007972275643121628,0.0008139494700091226,0.5012797619047619,0.4995
19,0.0007974019444414547,0.0008139494700091226,0.5012797619047619,0.4995
20,0.0007974019423127174,0.0008139494700091226,0.5012797619047619,0.4995
