,loss/train,loss/valid,acc/train,acc/valid
0,0.0008000758687655131,0.0008125734180212021,0.4987202380952381,0.5005
1,0.0008005118338125092,0.0008125734180212021,0.4987202380952381,0.5005
2,0.0008000758662819863,0.0008125734180212021,0.4987202380952381,0.5005
3,0.0008004246485375223,0.0008125734180212021,0.4987202380952381,0.5005
4,0.000799901480121272,0.0008125734180212021,0.4987202380952381,0.5005
5,0.0008006862171349072,0.0008125734180212021,0.4987202380952381,0.5005
6,0.0007999014826047988,0.0008125734180212021,0.4987202380952381,0.5005
7,0.0008006862125226429,0.0008125734180212021,0.4987202380952381,0.5005
8,0.0007998142849121775,0.0008125734180212021,0.4987202380952381,0.5005
9,0.0007998142831382297,0.0008125734180212021,0.4987202380952381,0.5005
10,0.0007996399001706214,0.0008125734180212021,0.4987202380952381,0.5005
11,0.0007997270914770308,0.0008125734180212021,0.4987202380952381,0.5005
12,0.0008000758677011445,0.0008125734180212021,0.4987202380952381,0.5005
13,0.0007999886671702067,0.0008125734180212021,0.4987202380952381,0.5005
14,0.0007999886753303665,0.0008125734180212021,0.4987202380952381,0.5005
15,0.0008005118288454555,0.0008125734180212021,0.4987202380952381,0.5005
16,0.0007999886778138933,0.0008125734180212021,0.4987202380952381,0.5005
17,0.0007998142859765462,0.0008125734180212021,0.4987202380952381,0.5005
18,0.0007994655150742758,0.0008125734180212021,0.4987202380952381,0.5005
19,0.0007999886749755769,0.0008125734180212021,0.4987202380952381,0.5005
20,0.0008002502535070691,0.0008125734180212021,0.4987202380952381,0.5005
