,loss/train,loss/valid,acc/train,acc/valid
0,0.0006807284479339918,0.000693274668284825,0.507375,0.5056071428571428
1,0.0006813688320772989,0.000693792632647923,0.5002440476190476,0.5013928571428572
2,0.0006821599059871265,0.0006945399748427527,0.4987916666666667,0.5007857142857143
3,0.000682968400773548,0.0006952036555324282,0.4987261904761905,0.5005
4,0.0006835504759635245,0.0006958239482981818,0.4987202380952381,0.5005
5,0.0006842501351521129,0.0006963536036866052,0.4987202380952381,0.5005
6,0.0006841376650901068,0.0006964154094457626,0.4987202380952381,0.5005
7,0.0006852815796931584,0.0006974238710744041,0.4987202380952381,0.5005
8,0.0006856748997455551,0.0006977815989937101,0.4987202380952381,0.5005
9,0.000685597420093559,0.0006977376575980868,0.4987202380952381,0.5005
10,0.0006858671382069587,0.0006977335959672927,0.4987202380952381,0.5005
11,0.0006858389803341457,0.0006978879698685237,0.4987202380952381,0.5005
12,0.0006861584413619269,0.0006980635800531933,0.4987202380952381,0.5005
13,0.0006863991930371239,0.0006983163697378976,0.4987202380952381,0.5005
14,0.000686649888753891,0.000698594657438142,0.4987202380952381,0.5005
15,0.0006861973018163726,0.0006980457135609218,0.4987202380952381,0.5005
