,loss/train,loss/valid,acc/train,acc/valid
0,0.0006858390534207934,0.0006919984029872077,0.6083511904761905,0.6126428571428572
1,0.0008003275664079757,0.0008124985631023134,0.4987202380952381,0.5005714285714286
2,0.0006612342312222435,0.000669032171368599,0.638875,0.6423928571428571
3,0.0007266040525975682,0.000740034859095301,0.5715595238095238,0.5721071428571428
4,0.0006809921910365422,0.0006890249465193067,0.6190297619047619,0.6226071428571428
5,0.0007980122991970608,0.0008139494700091226,0.5012797619047619,0.4995
6,0.0007978379165842419,0.0008139494700091226,0.5012797619047619,0.4995
7,0.0007971403701674371,0.0008139494700091226,0.5012797619047619,0.4995
8,0.0007979251096645991,0.0008139494700091226,0.5012797619047619,0.4995
9,0.0007973147538446244,0.0008139494700091226,0.5012797619047619,0.4995
10,0.0007977507220847266,0.0008139494700091226,0.5012797619047619,0.4995
11,0.0007978379073597136,0.0008139494700091226,0.5012797619047619,0.4995
12,0.0007975763366335914,0.0008139494700091226,0.5012797619047619,0.4995
13,0.0007977507203107789,0.0008139494700091226,0.5012797619047619,0.4995
14,0.000797576333795275,0.0008139494700091226,0.5012797619047619,0.4995
15,0.0007975763345048541,0.0008139494700091226,0.5012797619047619,0.4995
16,0.0007972275604094778,0.0008139494700091226,0.5012797619047619,0.4995
17,0.0007974019462154025,0.0008139494700091226,0.5012797619047619,0.4995
