,loss/train,loss/valid,acc/train,acc/valid
0,0.0007155598458789644,0.0007295936048030853,0.5012261904761904,0.4992857142857143
1,0.0007079654861064184,0.0007219209926468985,0.5010357142857143,0.49892857142857144
2,0.0006998414407883371,0.0007134767494031361,0.5003690476190477,0.49914285714285717
3,0.0006915426963851565,0.0007044409449611391,0.5000119047619047,0.49739285714285714
4,0.0006856239881543886,0.0006983494396720614,0.5025119047619048,0.5065714285714286
5,0.0006837566225301652,0.0006963327654770442,0.5066726190476191,0.507
6,0.0006825316243228458,0.0006950011104345322,0.5092440476190476,0.5103571428571428
7,0.0006822202883306004,0.0006946906064237867,0.5100476190476191,0.5114285714285715
8,0.0006819728293589183,0.000694358657513346,0.5114226190476191,0.5122142857142857
9,0.0006814790907360258,0.0006939082592725753,0.5125238095238095,0.5146428571428572
10,0.0006813374796793574,0.0006935039992843356,0.5142678571428572,0.5167857142857143
11,0.0006825969212111972,0.000694566690496036,0.5123511904761905,0.5151071428571429
12,0.0006830026635101863,0.0006950426271983555,0.5123035714285714,0.5139285714285714
13,0.0006845865976952371,0.0006964110050882612,0.5109880952380952,0.5116071428571428
14,0.0006846197850647427,0.0006965831475598471,0.5100357142857143,0.5121428571428571
15,0.0006850273885897227,0.000697033017873764,0.5097321428571429,0.5110357142857143
16,0.0006860816361648695,0.000698087283543178,0.5079464285714286,0.5091071428571429
17,0.0006868498893011184,0.0006986555478402547,0.5075059523809524,0.5084642857142857
18,0.0006860382383068402,0.0006982299600328717,0.507827380952381,0.5091428571428571
19,0.0006880499532534963,0.0006999159455299377,0.5063035714285714,0.5076428571428572
20,0.0006882060358212108,0.0007002785589013781,0.5053333333333333,0.5067142857142857
21,0.0006892911766966184,0.0007012530096939632,0.5041785714285715,0.5054285714285714
22,0.0006899956858583859,0.0007020044113908496,0.5040059523809524,0.5051428571428571
23,0.0006895783859349432,0.0007013106835739953,0.5043928571428572,0.5056071428571428
24,0.0006901279900755201,0.0007018957052912031,0.5035892857142857,0.5050357142857143
25,0.0006905462926342374,0.0007026484502213342,0.5028035714285715,0.5052857142857143
