,loss/train,loss/valid,acc/train,acc/valid
0,0.000799727096089295,0.0008125734180212021,0.4987202380952381,0.5005
1,0.0007958204157295681,0.000804356038570404,0.5022380952380953,0.5086428571428572
2,0.000800994340507757,0.0008117483066661017,0.4986547619047619,0.5016428571428572
3,0.0008028618065374239,0.0008137897785220827,0.49625,0.4997142857142857
4,0.0007962618111854508,0.0008055365255900792,0.5030119047619047,0.5079642857142858
5,0.0007940334663504646,0.0008053089720862252,0.5043154761904762,0.5082142857142857
6,0.0008056343708719526,0.0008191904659782137,0.49294642857142856,0.49392857142857144
7,0.0007707942919362159,0.0007840062230825424,0.5278095238095238,0.5294285714285715
8,0.000820567046602567,0.0008355354283537184,0.47775,0.4779285714285714
9,0.0008252898245340302,0.0008400296845606396,0.47330357142857143,0.4735
10,0.0008182599143612952,0.0008344865377460207,0.48002976190476193,0.47932142857142856
11,0.0008121203350878897,0.0008289478144475392,0.48599404761904763,0.48425
12,0.0007650316144738879,0.0007790197602340153,0.5344642857142857,0.5344285714285715
13,0.0007813940913904281,0.0007917809997286115,0.517452380952381,0.5214285714285715
14,0.0007939477147800582,0.0008053291589021683,0.5054166666666666,0.5078571428571429
15,0.0007993540976728712,0.0008163574252809797,0.49925,0.49675
16,0.0007939539452393849,0.0008055393014635359,0.5045238095238095,0.5075714285714286
17,0.0007887676783970424,0.0008027975857257843,0.5099107142857143,0.5103214285714286
18,0.0007899029670017106,0.0008056461874927794,0.5087440476190476,0.5077142857142857
19,0.0007736880867963746,0.0007841186778885978,0.5252559523809524,0.5292857142857142
20,0.0007792034514603161,0.0007926469040768487,0.5198869047619048,0.5207857142857143
21,0.0007724197180498214,0.0007868578689438956,0.5266726190476191,0.5264642857142857
22,0.0007770871849996703,0.0007930655415569033,0.5217142857142857,0.5206785714285714
23,0.0007940096049791291,0.0008091415401015962,0.5042857142857143,0.5039285714285714
24,0.00080838055092664,0.0008232956933123725,0.48948214285714287,0.48992857142857144
25,0.0008033637588932401,0.0008183205447026661,0.4950595238095238,0.4949642857142857
26,0.0007897239895094008,0.0008053956095661435,0.5088690476190476,0.5076428571428572
27,0.0007765476245965276,0.0007911199927330017,0.5226130952380953,0.5224642857142857
