,loss/train,loss/valid,acc/train,acc/valid
0,0.0006986113956996373,0.0007104019884552274,0.49492261904761903,0.4955
1,0.0006991778690190542,0.0007108141013554164,0.49580357142857145,0.49714285714285716
2,0.0006991398756702741,0.0007109131919486182,0.49797619047619046,0.49989285714285714
3,0.0006986027037103971,0.0007103053693260466,0.5002678571428572,0.50025
4,0.0007009125376741092,0.0007127820551395416,0.5011785714285715,0.5013928571428572
5,0.0007009754379590352,0.0007128247937985829,0.5017440476190477,0.5029642857142858
6,0.0007010381502054986,0.0007127934460129056,0.5016607142857142,0.5026428571428572
7,0.0007017143602882112,0.000713332325220108,0.5016309523809523,0.5030714285714286
8,0.0007023460180276916,0.0007138826463903699,0.5016666666666667,0.5031785714285715
9,0.0007011647543736867,0.0007131146958896092,0.501529761904762,0.5033214285714286
10,0.0007032117531413124,0.0007148869144065039,0.5016607142857142,0.5036428571428572
11,0.0007037168123892375,0.000715493877019201,0.5014345238095238,0.5045714285714286
12,0.0007026034646800586,0.0007143131856407438,0.5016369047619048,0.5047142857142857
13,0.0007037215726006598,0.0007154069798333304,0.5012261904761904,0.5045714285714286
14,0.0007042432533843177,0.0007159512341022491,0.5009821428571428,0.5040357142857143
15,0.0007041877671366646,0.0007158528694084712,0.5008988095238095,0.5039285714285714
16,0.0007032276161369823,0.0007150897553988866,0.5011011904761905,0.5038571428571429
17,0.0007034730411001614,0.0007149078654391425,0.5011488095238095,0.5040357142857143
18,0.0007012412821253141,0.0007128422451870782,0.501297619047619,0.5040357142857143
