,loss/train,loss/valid,acc/train,acc/valid
0,0.0007973147588116782,0.0008139494700091226,0.5012797619047619,0.4995
1,0.0007977507167628833,0.0008139494700091226,0.5012797619047619,0.4995
2,0.0007979251078906514,0.0008139494700091226,0.5012797619047619,0.4995
3,0.0007969659829423541,0.0008139494700091226,0.5012797619047619,0.4995
4,0.0007974019504728772,0.0008139494700091226,0.5012797619047619,0.4995
5,0.000797314754199414,0.0008139494700091226,0.5012797619047619,0.4995
6,0.0007984482624701091,0.0008139494700091226,0.5012797619047619,0.4995
7,0.0007967044044108618,0.0008139494700091226,0.5012797619047619,0.4995
8,0.0007974019511824562,0.0008139494700091226,0.5012797619047619,0.4995
9,0.0007977507181820416,0.0008139494700091226,0.5012797619047619,0.4995
10,0.00079792510895502,0.0008139494700091226,0.5012797619047619,0.4995
11,0.0007974891428436552,0.0008139494700091226,0.5012797619047619,0.4995
12,0.0007980994954705238,0.0008139494700091226,0.5012797619047619,0.4995
13,0.0007976635307783172,0.0008139494700091226,0.5012797619047619,0.4995
14,0.0007980994901486806,0.0008139494700091226,0.5012797619047619,0.4995
15,0.0007975763288282213,0.0008139494700091226,0.5012797619047619,0.4995
16,0.0007973147566829409,0.0008139494700091226,0.5012797619047619,0.4995
17,0.0007971461794915654,0.0008139494700091226,0.5012738095238095,0.4995
18,0.0007979309118929364,0.0008139494700091226,0.5012738095238095,0.4995
19,0.0007971403652003833,0.0008139494700091226,0.5012797619047619,0.4995
20,0.0007976693376189187,0.0008139494700091226,0.5012738095238095,0.4995
21,0.0007977507185368311,0.0008139843472412654,0.5012797619047619,0.4994642857142857
