,loss/train,loss/valid,acc/train,acc/valid
0,0.0006408014403922217,0.0006509125190121787,0.5979047619047619,0.6015714285714285
1,0.0006402464870895659,0.0006486746775252478,0.6052916666666667,0.6088571428571429
2,0.0006707446756107466,0.0006820175030401775,0.6286130952380953,0.6286428571428572
3,0.0007399233838631993,0.0007508510457617896,0.5569166666666666,0.5591071428571428
4,0.000661732001318818,0.0006710021751267569,0.6374702380952381,0.6403571428571428
5,0.000759617791998954,0.0007779741819415773,0.5386071428571428,0.5336071428571428
6,0.0006738145454298882,0.0006836164891719818,0.6262380952380953,0.6287857142857143
7,0.0006540194125402542,0.0006658680013247899,0.6463928571428571,0.6458928571428572
8,0.0006516016480468569,0.0006623609066009522,0.6494107142857143,0.6494285714285715
9,0.0007318739436921619,0.0007423907475812095,0.5680892857142857,0.5702142857142857
10,0.0007972273588890121,0.0008139494700091226,0.5012797619047619,0.4995
11,0.0007974635103628749,0.0008139494700091226,0.5013035714285714,0.4995
12,0.0007971931837853931,0.0008139494700091226,0.5013154761904762,0.4995
13,0.0007975647115991229,0.0008139494700091226,0.5012916666666667,0.4995
14,0.0007978856003000623,0.0008139829635620117,0.5013214285714286,0.4994642857142857
15,0.0007974758634255046,0.0008139494700091226,0.5012916666666667,0.4995
16,0.0007977329446446328,0.0008139494700091226,0.501297619047619,0.4995
