,loss/train,loss/valid,acc/train,acc/valid
0,0.0005852623053249859,0.0005932205340691975,0.6990535714285714,0.7013214285714285
1,0.0005957608716118904,0.0006049470965351377,0.675172619047619,0.6782857142857143
2,0.0005769321035061564,0.0005863803710256304,0.7012678571428571,0.7033928571428572
3,0.0005623874472720282,0.0005715660857302802,0.7295952380952381,0.7326785714285714
4,0.0005594977190097173,0.0005692237189837865,0.7352738095238095,0.7396071428571429
5,0.0005687732182088353,0.0005790153699261802,0.7165714285714285,0.717
6,0.000561713290711244,0.0005707593028034482,0.7299464285714286,0.7332142857142857
7,0.0005560406258418447,0.0005655409587281091,0.7344583333333333,0.7359642857142857
8,0.0005516059735701197,0.0005610543766192028,0.7448571428571429,0.7460714285714286
9,0.0005566099495405242,0.0005660476663282939,0.7428095238095238,0.7448928571428571
10,0.0005406948501865069,0.0005499567857810429,0.7483988095238095,0.75075
11,0.0005500399449041911,0.0005593195664031165,0.7449404761904762,0.7468571428571429
12,0.0005522021541283244,0.00056227422612054,0.74775,0.7476071428571428
13,0.0005486282440168517,0.0005590579105275018,0.7466011904761904,0.7460714285714286
14,0.0005476188794487998,0.0005575731417962483,0.750875,0.7523928571428572
15,0.0005440086488212858,0.0005542368399245398,0.7545773809523809,0.7546071428571428
16,0.0005421680251047725,0.0005530565913234438,0.7505714285714286,0.7497142857142857
17,0.0005423138482230051,0.0005524859641279493,0.755172619047619,0.7546071428571428
18,0.0005485807369862283,0.0005593820597444262,0.7456011904761904,0.7462142857142857
19,0.0005465939353619303,0.0005580583746944155,0.7466904761904762,0.743
20,0.0005435619027841659,0.0005545088052749634,0.7546904761904762,0.7516071428571428
21,0.0005519153919248354,0.000562997613634382,0.7453988095238095,0.7438928571428571
22,0.0005435233939261664,0.0005551497680800301,0.7517440476190477,0.7510714285714286
23,0.0005448832479970796,0.0005561462193727493,0.7517321428571428,0.7493571428571428
24,0.0005443031603381747,0.0005546732034002031,0.7480654761904761,0.7443214285714286
25,0.0005451354831457138,0.0005559560550110681,0.7491309523809524,0.7471428571428571
