,loss/train,loss/valid,acc/train,acc/valid
0,0.0007548242711595127,0.0007692033222743444,0.5393214285714286,0.5388928571428572
1,0.0007661767059138843,0.0007778898541416441,0.5307916666666667,0.5326428571428572
2,0.0007025847406614394,0.0007166201089109693,0.5954702380952381,0.5936785714285714
3,0.0007224202986274447,0.0007332466968468257,0.5761428571428572,0.5784285714285714
4,0.0006740896474747431,0.0006852881333657674,0.6264464285714286,0.6266428571428572
5,0.0006955692895821163,0.0007081140875816346,0.6047678571428572,0.6046785714285714
6,0.0007638172535669236,0.000776644127709525,0.5351964285714286,0.5368928571428572
7,0.000726966560951301,0.000742349522454398,0.5730357142857143,0.5697857142857143
8,0.0007979416368263108,0.0008142277428082057,0.5009047619047619,0.4992142857142857
9,0.0007671817363727661,0.0007786999727998461,0.53175,0.5345
10,0.000674487461646398,0.0006864023102181298,0.626375,0.6262142857142857
11,0.0008071613943292981,0.0008208575610603605,0.4918452380952381,0.49214285714285716
12,0.0007981261940939086,0.0008156043056930815,0.5004880952380952,0.497
13,0.0007975049682316326,0.0008137402300323759,0.5013511904761905,0.4997142857142857
14,0.0007970531731843948,0.0008139494700091226,0.5012797619047619,0.4995
15,0.0007975692656778154,0.0008135011919907161,0.5004464285714286,0.49960714285714286
16,0.0007974923096951984,0.0008136621734925679,0.5008511904761904,0.49975
17,0.0007978261134454182,0.0008134574804987226,0.5006547619047619,0.49957142857142856
18,0.0007976145038292522,0.0008140504636934826,0.5010833333333333,0.49939285714285714
19,0.0007976256669277237,0.000814015758889062,0.5010595238095238,0.49942857142857144
