,loss/train,loss/valid,acc/train,acc/valid
0,0.0006880746803113393,0.000699673280119896,0.46370833333333333,0.47067857142857145
1,0.0006858096034044311,0.0006976689206702369,0.4631845238095238,0.46764285714285714
2,0.000685077496937343,0.0006970521594796862,0.4826547619047619,0.4860357142857143
3,0.000685819423979237,0.000698141702583858,0.503702380952381,0.5025
4,0.0006888131914394242,0.0007014813827616828,0.5016428571428572,0.5001785714285715
5,0.0006893115820629256,0.0007020369981016432,0.5016190476190476,0.5001071428571429
6,0.0006922220747385706,0.0007051397157566888,0.5012738095238095,0.4995
7,0.0006921386271715165,0.0007050523183175496,0.5012857142857143,0.4995357142857143
8,0.0006918710842728615,0.0007047605961561203,0.5012916666666667,0.4995357142857143
9,0.0006933985345420384,0.0007064470095293862,0.5012857142857143,0.4995
10,0.0006967581897264436,0.0007101808658667973,0.5012797619047619,0.4995
11,0.00070012575955618,0.0007136097614254271,0.5012797619047619,0.4995
12,0.0007015371780310358,0.0007146605742829186,0.5012797619047619,0.4995
13,0.0007035977276308196,0.0007172531123672213,0.5012797619047619,0.4995
14,0.0007041858895903541,0.0007178256788424083,0.5012797619047619,0.4995
15,0.0007033970267290161,0.000717036023736,0.5012797619047619,0.4995
16,0.0007051883698219345,0.0007185405918530056,0.5012797619047619,0.4995
17,0.000704728755567755,0.0007181188144854137,0.5012797619047619,0.4995
