,loss/train,loss/valid,acc/train,acc/valid
0,0.0006847617665217036,0.0006977530249527523,0.5015,0.4995
1,0.0006895110387177694,0.0007027431215558734,0.5012797619047619,0.4995
2,0.0007025079432697523,0.0007160881204264504,0.5012797619047619,0.4995
3,0.0007150694454709688,0.0007291876396962574,0.5012797619047619,0.4995
4,0.0007239344960876874,0.0007383718660899571,0.5012797619047619,0.4995
5,0.0007278222555205935,0.0007419318045888628,0.5012797619047619,0.4995
6,0.0007295717887935184,0.000744734314935548,0.5012797619047619,0.4995
7,0.0007320436615319479,0.0007467409585203443,0.5012797619047619,0.4995
8,0.0007326084346998305,0.000746839212519782,0.5012797619047619,0.4995
9,0.0007333799927007584,0.0007479513798441205,0.5012797619047619,0.4995
10,0.0007361091911083176,0.0007512039925370897,0.5012797619047619,0.4995
11,0.0007368667377602486,0.0007519000619649887,0.5012797619047619,0.4995
12,0.0007385317931572597,0.0007536299037081855,0.5012797619047619,0.4995
13,0.0007413539336550804,0.0007559707718236106,0.5012797619047619,0.4995
14,0.0007419101617165974,0.0007565309426614216,0.5012797619047619,0.4995
15,0.0007431205248548871,0.0007577310012919562,0.5012797619047619,0.4995
