,loss/train,loss/valid,acc/train,acc/valid
0,0.0006818564466777302,0.0006946351464305605,0.5166488095238095,0.5142857142857142
1,0.0006823457188549496,0.0006952137138162341,0.5141130952380952,0.51025
2,0.0006823953599447295,0.000695154077240399,0.5128809523809523,0.5100714285714286
3,0.0006826095389468329,0.0006954283863306045,0.5127380952380952,0.5091785714285715
4,0.0006835140234657697,0.0006962965790714537,0.5090119047619047,0.5068214285714285
5,0.0006825481135220755,0.0006953821352549961,0.5126130952380953,0.5094285714285715
6,0.0006832564618615877,0.0006961312272718975,0.5099940476190477,0.5073571428571428
7,0.000681977578217075,0.0006948223177875791,0.516125,0.5139285714285714
8,0.0006821655311754772,0.0006950766508068357,0.5139880952380952,0.5102142857142857
9,0.0006827426325707208,0.0006956719223942076,0.5102321428571429,0.5083571428571428
10,0.0006824651399538631,0.0006952747660023826,0.5115773809523809,0.50875
11,0.0006827774377805846,0.0006956096845013754,0.5113511904761905,0.5087857142857143
12,0.0006820658523411978,0.0006948444076946803,0.5150654761904762,0.5127857142857143
13,0.000683135691498007,0.0006958689966372081,0.5095178571428571,0.5073928571428571
14,0.0006824038646050861,0.0006952009754521506,0.5136666666666667,0.5104285714285715
15,0.0006827400010966119,0.0006954826946769442,0.5112619047619048,0.5088214285714285
