,loss/train,loss/valid,acc/train,acc/valid
0,0.0006824237686537561,0.0006948139646223613,0.49683333333333335,0.4907142857142857
1,0.0006814840680786541,0.0006938923192875726,0.5028035714285715,0.49757142857142855
2,0.0006804219551739239,0.0006928695482867104,0.51325,0.5108928571428571
3,0.0006794085832578795,0.0006918715855904988,0.5229464285714286,0.5245714285714286
4,0.0006791450434497424,0.0006916486365454537,0.5188928571428572,0.5199642857142858
5,0.0006793484982280504,0.0006919326058455876,0.5119583333333333,0.5131785714285715
6,0.0006794158106758481,0.0006920766468558993,0.507922619047619,0.5083214285714286
7,0.0006794539665182432,0.0006920552573033742,0.5078630952380953,0.5075357142857143
8,0.0006798577574746949,0.0006924858199698585,0.5061845238095238,0.5057857142857143
9,0.0006802016581807818,0.0006928596517869405,0.5046845238095238,0.5035
10,0.0006810377378548895,0.0006937787383794785,0.5023452380952381,0.5004285714285714
11,0.0006824241127996218,0.0006951026746204921,0.5014821428571429,0.4994642857142857
12,0.0006827331220819837,0.000695645421743393,0.5013511904761905,0.49942857142857144
13,0.0006838460245302745,0.0006967395607914243,0.5012916666666667,0.4995
14,0.0006842237239082654,0.000697287917137146,0.5012916666666667,0.4995357142857143
15,0.0006849963115084739,0.0006979306106056485,0.5012738095238095,0.4995
16,0.00068491970180046,0.0006979658497231347,0.5012797619047619,0.4995
17,0.0006852531358599663,0.0006982202231884003,0.5012797619047619,0.4995
18,0.0006862620115280152,0.0006992722174951008,0.5012797619047619,0.4995
19,0.0006873045279866173,0.0007002652266195843,0.5012797619047619,0.4995
