,loss/train,loss/valid,acc/train,acc/valid
0,0.0005958888350971162,0.0006089424689610799,0.7052460317460317,0.7017142857142857
1,0.0005845297049908411,0.000596860164687747,0.7169920634920635,0.7133809523809523
2,0.0005940732132820857,0.0006075387398401896,0.7088333333333333,0.703952380952381
3,0.0007453971897798871,0.0007561886991773333,0.5523174603174603,0.5537619047619048
4,0.0007772938637506395,0.000795525692758106,0.5242460317460318,0.5167142857142857
5,0.0007145790207007574,0.0007308750918933323,0.5868809523809524,0.5811904761904761
6,0.0005942232570950947,0.0006061038176218669,0.7088730158730159,0.7064285714285714
7,0.0005923377554568033,0.0006039915794417972,0.7108968253968254,0.708
8,0.0005877243233105493,0.0005985893663905915,0.7162777777777778,0.7137619047619047
9,0.0005812083551334957,0.0005905011977468219,0.7216190476190476,0.7217142857142858
10,0.0006103983866789985,0.0006196370153200058,0.6923730158730159,0.6923333333333334
11,0.0006472159354459671,0.0006618768771489461,0.6542698412698412,0.6503809523809524
12,0.0005880643053660317,0.0006023332022485279,0.7146269841269841,0.7102380952380952
13,0.0005836755486707839,0.0005925424524715968,0.7203571428571428,0.72
14,0.0005798700905981518,0.0005906806361107599,0.7241269841269842,0.7216190476190476
15,0.00059638716304113,0.0006070544606163388,0.7083412698412699,0.7054285714285714
16,0.0005934989684157902,0.000605041401726859,0.7101587301587302,0.7074761904761905
17,0.0006027452832176571,0.00061311445917402,0.7005396825396826,0.6991428571428572
18,0.0006252411689077105,0.0006331368060339065,0.6773412698412699,0.6793333333333333
19,0.0007130526810411423,0.0007260052533376785,0.5879285714285715,0.5861428571428572
20,0.0007304585770009056,0.0007414585777691433,0.5717301587301588,0.5706666666666667
21,0.0006752741204367744,0.0006880469549269903,0.6267142857142857,0.6242380952380953
22,0.000654808025984537,0.000667824299562545,0.648063492063492,0.6447142857142857
23,0.0007100873485444084,0.0007264370435760135,0.5914444444444444,0.586047619047619
24,0.0006281581767021663,0.0006378927145685468,0.6748571428571428,0.6749047619047619
