,loss/train,loss/valid,acc/train,acc/valid
0,0.0005647055388443054,0.0005749854587373279,0.7224047619047619,0.7202857142857143
1,0.0005600990638846443,0.0005695036365872337,0.7275158730158731,0.726047619047619
2,0.0005970808925136687,0.000604834843249548,0.6680396825396825,0.6711428571428572
3,0.0005912148843682002,0.0006018693645795186,0.7116269841269841,0.7101904761904761
4,0.0006047580556737052,0.0006199282833508083,0.6956269841269841,0.6907619047619048
5,0.0007628142653949677,0.0007679600119590759,0.5366984126984127,0.5454285714285714
6,0.0006052040320540231,0.0006093486746152242,0.6937460317460318,0.6997619047619048
7,0.0006895174880822499,0.0006944842764309475,0.6128650793650794,0.6182857142857143
8,0.0006104730765024821,0.0006209599006743658,0.6909206349206349,0.6899047619047619
9,0.00058215993642807,0.0005899438971564883,0.7207698412698412,0.7211904761904762
10,0.0005932373659951346,0.0005973192992664519,0.7096428571428571,0.7148095238095238
11,0.0005864897077045743,0.0005980741864158994,0.7168095238095238,0.7142857142857143
12,0.0005802316684571523,0.0005893177021117438,0.722984126984127,0.7224285714285714
13,0.000577707679971816,0.0005861562149865287,0.7259047619047619,0.7259523809523809
14,0.0006305131458100819,0.0006440985373088292,0.6722142857142858,0.6681428571428571
15,0.0005721476021267119,0.0005809758788063412,0.7311111111111112,0.731
16,0.0005753043861616225,0.0005843522236460731,0.7287777777777777,0.728047619047619
