,loss/train,loss/valid,acc/train,acc/valid
0,0.0006147259161585853,0.0006264152640388126,0.6965317460317461,0.7003095238095238
1,0.0006008527330935948,0.0006127586634386154,0.7121309523809524,0.7141666666666666
2,0.0005962922710274893,0.0006085198166824522,0.7143571428571428,0.7167857142857142
3,0.000588493783559118,0.0006008535978339968,0.7174563492063492,0.7186190476190476
4,0.0005869767173888192,0.0005993697118191492,0.7186626984126984,0.7190238095238095
5,0.0005869810718392569,0.000599769671758016,0.7190119047619048,0.7205714285714285
6,0.0005875496374709266,0.0006001435277007875,0.7212142857142857,0.7234761904761905
7,0.0005854557579945004,0.000597910592953364,0.7203293650793651,0.7227142857142858
8,0.0005853133792915042,0.0005979476045994531,0.7205238095238096,0.7213333333333334
9,0.0005839353520718832,0.0005962755183378856,0.722015873015873,0.7234047619047619
10,0.0005847299938637113,0.0005975297121774582,0.7217103174603174,0.7222142857142857
11,0.0005827894466263907,0.000595153564498538,0.7227857142857143,0.7244285714285714
12,0.0005792740916921978,0.0005912990215278807,0.7236746031746032,0.7264761904761905
13,0.0005850434958461731,0.0005978174138636817,0.7223571428571428,0.7240952380952381
14,0.000582804959681299,0.0005953730046749115,0.7209325396825397,0.7218095238095238
15,0.0005793198789395983,0.0005915636789231073,0.7238095238095238,0.725547619047619
16,0.0005816456647146315,0.000594267175311134,0.7238968253968254,0.7260238095238095
17,0.0005792964209639837,0.0005919776502109709,0.7226904761904762,0.7240714285714286
18,0.0005829683908867457,0.0005957116030511402,0.7215317460317461,0.7231666666666666
19,0.0005804779491727314,0.0005926752870991116,0.7206746031746032,0.722547619047619
20,0.0005794263652392796,0.0005916802258718581,0.7237380952380953,0.7253809523809523
21,0.0005794471525956714,0.0005923596152237483,0.724563492063492,0.7253095238095238
22,0.0005799554508356821,0.0005924821141220274,0.7235714285714285,0.7245
23,0.0005803846870622938,0.0005929445539202009,0.7214365079365079,0.7218809523809524
24,0.0005791976560675908,0.0005916414828527542,0.7229126984126985,0.7233333333333334
25,0.0005781022040616898,0.00059083329921677,0.7228650793650794,0.7243333333333334
26,0.0005798195922185504,0.000592513504482451,0.7248769841269841,0.7257857142857143
27,0.0005800912155518456,0.0005926874918597085,0.723984126984127,0.7248809523809524
