,loss/train,loss/valid,acc/train,acc/valid
0,0.0005575085443163675,0.0005666568875312805,0.7396825396825397,0.738904761904762
1,0.0005517523984114329,0.0005616429448127747,0.7376746031746032,0.7362380952380952
2,0.0005757948514961061,0.000585226975736164,0.6844523809523809,0.6860952380952381
3,0.0005693190386371007,0.0005800690821238927,0.730904761904762,0.728
4,0.000586783581782901,0.00059560474611464,0.692484126984127,0.6953809523809524
5,0.0005810722675588396,0.0005915072900908334,0.7189920634920635,0.718047619047619
6,0.0005842257544161781,0.0005940474356923784,0.7168492063492063,0.7171904761904762
7,0.0005969365381059193,0.0006136844271705265,0.7052698412698413,0.6976666666666667
8,0.0005777654534294492,0.000590461498215085,0.7254603174603175,0.722
9,0.0005994258002629356,0.0006117860022045317,0.7037460317460318,0.7005238095238095
10,0.0005796629474276588,0.0005909706751505534,0.7239682539682539,0.7216666666666667
11,0.000582065034480322,0.0005914187204270135,0.7217539682539682,0.7212380952380952
12,0.0006021201809247335,0.0006136088995706468,0.7014444444444444,0.6987142857142857
13,0.0005795615755376361,0.000589907807963235,0.7248650793650794,0.7231428571428572
14,0.0005923202297990285,0.0006065966373398191,0.7107698412698412,0.7059047619047619
15,0.0005890866546403794,0.0006030593798274085,0.7146507936507936,0.7096190476190476
16,0.000579397901183083,0.0005907995871135167,0.7245873015873016,0.722047619047619
