,loss/train,loss/valid,acc/train,acc/valid
0,0.0007957374862735233,0.0008137250514257522,0.5015198412698413,0.5025238095238095
1,0.0006609914553543878,0.0006770514263993218,0.6385674603174604,0.6391666666666667
2,0.0006584624525100465,0.0006733056292647407,0.6414325396825397,0.643095238095238
3,0.0006614179599379736,0.0006755412589936029,0.6380714285714286,0.6394761904761905
4,0.0007666121002227541,0.0007862636148929596,0.5309603174603175,0.5275952380952381
5,0.0006615002112729209,0.0006753801291897183,0.638170634920635,0.6381190476190476
6,0.0007222547393942636,0.0007324641474655696,0.5765277777777778,0.5812142857142857
7,0.0006839549203240682,0.0006969726227578662,0.6155357142857143,0.6190714285714286
8,0.0006623810995665808,0.0006775444362844739,0.6377857142857143,0.6389761904761905
9,0.0006761178509110496,0.0006891413075583322,0.6232857142857143,0.6240476190476191
10,0.0006683598591221703,0.0006824947155657269,0.6311428571428571,0.6324285714285715
11,0.0006920763807637351,0.0007015727871940249,0.6071666666666666,0.6098333333333333
12,0.000663188298306768,0.0006812986121291206,0.6364841269841269,0.6351190476190476
13,0.0006634014121123722,0.000681383314586821,0.6365436507936508,0.6350238095238095
14,0.0006648055343400865,0.0006795794069766999,0.6348650793650794,0.6354047619047619
15,0.0006626394237317737,0.000679802805185318,0.6373214285714286,0.6366666666666667
16,0.0006897236241234674,0.000705260157585144,0.6095674603174603,0.6075714285714285
17,0.0007247433338373427,0.000741472582022349,0.5737698412698413,0.572
