,loss/train,loss/valid,acc/train,acc/valid
0,0.0005205165350011416,0.0005299151334024611,0.7705357142857143,0.7714285714285715
1,0.0005205277197417758,0.0005307387865725018,0.764095238095238,0.7626904761904761
2,0.0006115710801548428,0.0006242267900989169,0.6881746031746032,0.6875714285714286
3,0.0006172444179417595,0.0006309160192807515,0.6834246031746032,0.6805952380952381
4,0.0007262376118747015,0.0007403330348786854,0.5724246031746032,0.573047619047619
5,0.0006054429184822809,0.0006145907484349751,0.6952738095238096,0.6943571428571429
6,0.0005718993719608065,0.0005808410885788145,0.7295833333333334,0.7289523809523809
7,0.0005647067025540368,0.0005736521227019173,0.7372301587301587,0.7363333333333333
8,0.0005643820949490108,0.0005737264326640538,0.7373333333333333,0.7347380952380952
9,0.0006226201972791127,0.0006374365219048091,0.677702380952381,0.6755238095238095
10,0.0006296832048230701,0.000645125055596942,0.6705555555555556,0.6676666666666666
11,0.0007745669789257503,0.000792785753806432,0.523436507936508,0.523952380952381
12,0.000655356303566978,0.0006711128595329466,0.6444563492063492,0.642547619047619
13,0.0006400351779801505,0.0006520749529202779,0.6605674603174603,0.660547619047619
14,0.000702789612469219,0.0007165110466026125,0.5958214285714286,0.5960714285714286
15,0.0006064828537286274,0.0006147867341836293,0.6945555555555556,0.6941904761904761
