,loss/train,loss/valid,acc/train,acc/valid
0,0.0006851375429403214,0.0006982836446591786,0.49748809523809523,0.49439285714285713
1,0.0006834240896361215,0.0006964304809059415,0.49683333333333335,0.4918571428571429
2,0.0006804696640798024,0.0006933746018580027,0.5047797619047619,0.5027142857142857
3,0.0006782202195553552,0.0006908485059227262,0.538952380952381,0.5338928571428572
4,0.0006774622652502287,0.0006899680175951549,0.5382797619047619,0.5395714285714286
5,0.0006774638596744765,0.0006897999282394137,0.5171845238095238,0.5182142857142857
6,0.000677810142437617,0.0006901184043713978,0.5080297619047619,0.5098928571428571
7,0.0006779747587584314,0.0006903287576777594,0.502702380952381,0.50375
8,0.0006777449285700208,0.0006900079314197812,0.5042202380952381,0.50575
9,0.0006785206585412934,0.0006907915089811598,0.5001071428571429,0.5018571428571429
10,0.0006795461401343345,0.0006918121171849115,0.499,0.5007142857142857
11,0.00068142352749904,0.0006935986237866538,0.4987738095238095,0.5005
12,0.0006831022997697195,0.0006952497682401112,0.4987261904761905,0.5005
13,0.0006857319381974993,0.0006977999487093517,0.4987202380952381,0.5005
14,0.00068619578260751,0.000698143516268049,0.4987202380952381,0.5005
15,0.0006864706086260932,0.00069839332146304,0.4987202380952381,0.5005
16,0.0006880586530481065,0.0006999553591012955,0.4987202380952381,0.5005
17,0.000687796865545568,0.0006997590299163545,0.4987202380952381,0.5005
18,0.0006894370246501196,0.0007013172656297684,0.4987202380952381,0.5005
19,0.0006911793085081237,0.000703289202281407,0.4987202380952381,0.5005
20,0.0006931922027752513,0.0007051473281213215,0.4987202380952381,0.5005
