,loss/train,loss/valid,acc/train,acc/valid
0,0.0006754221373370716,0.0006874844793762479,0.542779761904762,0.5475357142857142
1,0.0006756612254040582,0.0006876690579312189,0.5259821428571428,0.5301071428571429
2,0.0006756885076562564,0.0006876247652939387,0.5190297619047619,0.5218571428571429
3,0.000675698371160598,0.0006877441576548985,0.5173154761904762,0.5201071428571429
4,0.0006764255786935488,0.0006884249299764633,0.5100595238095238,0.5118928571428571
5,0.0006762992221684683,0.0006882330583674567,0.5086071428571428,0.51025
6,0.0006775296883923667,0.0006894632769482476,0.5045416666666667,0.5069285714285714
7,0.0006769172318634533,0.0006887964521135602,0.5049761904761905,0.5075357142857143
8,0.000677294814160892,0.000689193572316851,0.5025357142857143,0.5047857142857143
9,0.0006785718461587315,0.0006904540359973908,0.5006011904761904,0.5029642857142858
10,0.0006792645298299336,0.0006909729625497545,0.5001428571428571,0.5024642857142857
11,0.0006783918181345576,0.0006901847613709314,0.5007559523809524,0.5032857142857143
12,0.0006793225847539448,0.0006911111708198275,0.49992261904761903,0.5020357142857143
13,0.0006800483972543761,0.0006919912099838257,0.49939285714285714,0.5013928571428572
14,0.0006802827786831629,0.0006920856684446335,0.4993452380952381,0.5012857142857143
15,0.0006817252653695289,0.0006934543571301869,0.49889880952380955,0.5008214285714285
