,loss/train,loss/valid,acc/train,acc/valid
0,0.0005004423897536028,0.0005088498006973948,0.8099761904761905,0.8097142857142857
1,0.0005671582502268609,0.0005778665031705584,0.720047619047619,0.7165
2,0.0005734240480122112,0.0005836706693683352,0.69125,0.6909285714285714
3,0.0005039537891390778,0.0005128449169652802,0.7977261904761904,0.7985357142857142
4,0.000796770603174255,0.0008091021946498326,0.5013928571428572,0.5038571428571429
5,0.0006457867494651249,0.000660306379199028,0.6554821428571429,0.6517142857142857
6,0.0005015014873019286,0.0005093388397778783,0.8024345238095238,0.8034642857142857
7,0.0005004137404972599,0.0005073682197502681,0.8032797619047619,0.8057142857142857
8,0.0005184479020535946,0.0005280013637883323,0.7852440476190476,0.7852142857142858
9,0.0004993646231790384,0.0005047326566917556,0.8046666666666666,0.8080714285714286
10,0.0005292968895463716,0.0005349632054567337,0.7743511904761905,0.7778928571428572
11,0.0007141904469047274,0.0007324865460395812,0.5855416666666666,0.5816785714285714
12,0.0007022298070646467,0.0007160653450659343,0.5977440476190476,0.5971428571428572
13,0.000527148914479074,0.0005326284691691399,0.7762678571428572,0.7813571428571429
14,0.0005184077627602078,0.0005253992644803864,0.7855654761904762,0.7881785714285714
15,0.0005540608933993749,0.0005619598818676812,0.7489285714285714,0.7515714285714286
16,0.000543709230919679,0.0005506609805992672,0.7597261904761905,0.7630357142857143
17,0.0005326254562962623,0.0005413787556546075,0.7710119047619047,0.7723214285714286
18,0.0005303111406309264,0.0005378621539899281,0.7729345238095238,0.7755714285714286
19,0.0005739050408204397,0.0005821927125964846,0.7290059523809523,0.7318571428571429
20,0.0005399851140876611,0.0005492790916136333,0.7629464285714286,0.7642142857142857
21,0.0007138013701353754,0.0007254525933946882,0.5863095238095238,0.5884285714285714
22,0.0005367723125077429,0.0005461952516010829,0.7663630952380952,0.7670714285714286
23,0.0005446804531273388,0.0005520722227437155,0.7589047619047619,0.7614642857142857
24,0.0005224232498024191,0.0005312935709953308,0.7813154761904761,0.7821071428571429
