,loss/train,loss/valid,acc/train,acc/valid
0,0.0005353400671765918,0.0005446603042738778,0.7621309523809524,0.7631785714285715
1,0.0005059368660052618,0.0005140561844621386,0.7820059523809524,0.7831428571428571
2,0.00048796388560107777,0.0004959474525281361,0.8152261904761905,0.8176428571428571
3,0.0005061677924933888,0.0005155152529478073,0.7839345238095238,0.7847142857142857
4,0.000489869194903544,0.0004981731133801596,0.8183333333333334,0.8191071428571428
5,0.0005027972113873277,0.000510655043380601,0.809404761904762,0.81175
6,0.00049027159987461,0.0004988011111106192,0.8184940476190476,0.8193214285714285
7,0.0004808685939226832,0.0004889123131121908,0.8206488095238095,0.8216428571428571
8,0.00048500513817582814,0.0004926918947270938,0.821047619047619,0.8221785714285714
9,0.0004947599557538827,0.0005029099296246256,0.8200892857142857,0.8213928571428571
10,0.0004875002462594282,0.000496067864554269,0.8205,0.8208214285714286
11,0.0005043731413426853,0.0005132333870444979,0.8135535714285714,0.81375
12,0.0004943012403590338,0.0005028489061764308,0.8147142857142857,0.815
13,0.000485353907836335,0.0004924044651644571,0.813970238095238,0.8178571428571428
14,0.0004991973957845143,0.0005074119365641048,0.8059226190476191,0.8069285714285714
15,0.0004901877347202528,0.0004983663697327886,0.8199285714285715,0.82075
16,0.00048594913720375016,0.0004942568561860494,0.8213095238095238,0.8216428571428571
17,0.0004842970129989442,0.0004923217605267252,0.8165,0.817
18,0.0004930380492338113,0.0005006893798708916,0.8202619047619047,0.8222857142857143
19,0.0004984929980266662,0.0005068769923278263,0.808970238095238,0.8109642857142857
20,0.0005139778000967843,0.0005221586461578097,0.8116607142857143,0.8144642857142858
21,0.0005008862431915034,0.0005087588227220944,0.8116309523809524,0.8130357142857143
22,0.0004890767720838388,0.0004974399624126299,0.8161488095238095,0.8170357142857143
