,loss/train,loss/valid,acc/train,acc/valid
0,0.0006931908904086976,0.0007065595984458923,0.43507142857142855,0.4312857142857143
1,0.0006936318473446937,0.0007067248736109052,0.45323214285714286,0.4505
2,0.0006933487174766405,0.0007064953637974603,0.46929166666666666,0.468
3,0.0006940541728621437,0.0007071451587336404,0.4881309523809524,0.48728571428571427
4,0.0006940552432622228,0.0007070113271474838,0.4943452380952381,0.4948571428571429
5,0.0006942816816625141,0.0007070576506001609,0.49633333333333335,0.497
6,0.0006957739247452645,0.000708703835095678,0.49842261904761903,0.49992857142857144
7,0.0006938414488519941,0.0007065903374126979,0.49766666666666665,0.49892857142857144
8,0.0006954364113154866,0.0007082719802856446,0.49857142857142855,0.5002857142857143
9,0.0006947445245016189,0.0007074502919401441,0.4985297619047619,0.5001071428571429
10,0.0006959670977223487,0.0007087594994476863,0.498875,0.5006428571428572
11,0.0006977065666800453,0.0007104202615363257,0.4987738095238095,0.5006071428571428
12,0.0006991619421612649,0.0007115884167807443,0.49873809523809526,0.5005
13,0.0006988519703348477,0.0007112267038651875,0.49873214285714285,0.5005
14,0.0006990228110835666,0.0007115566113165447,0.4987261904761905,0.5005
15,0.0007012974194117955,0.0007138899117708206,0.4987202380952381,0.5005
16,0.0006993538049005327,0.0007119346048150743,0.4987202380952381,0.5005
17,0.0007000595175084614,0.0007125176212617329,0.4987202380952381,0.5005
18,0.000700737935091768,0.0007132062869412559,0.4987202380952381,0.5005
19,0.0007017839536780403,0.0007142042985984257,0.4987202380952381,0.5005
20,0.000702471028481211,0.0007147403529712132,0.4987202380952381,0.5005
21,0.0007022829087717193,0.0007146232745477132,0.4987202380952381,0.5005
22,0.0007021983854827426,0.000714491531252861,0.4987202380952381,0.5005
