,loss/train,loss/valid,acc/train,acc/valid
0,0.0006807067670992443,0.0006926536900656564,0.5028988095238095,0.5045
1,0.0006861777908745266,0.0006979021046842847,0.49883333333333335,0.5006785714285714
2,0.0006906435152604466,0.0007027774219002042,0.49873214285714285,0.5005
3,0.0006972720395951044,0.0007088168093136378,0.4987202380952381,0.5005
4,0.0007039489277771541,0.0007156086223466055,0.4987202380952381,0.5005
5,0.0007085106880182311,0.0007203769854136876,0.4987202380952381,0.5005
6,0.000716678958208788,0.000728053154689925,0.4987202380952381,0.5005
7,0.0007175126959170614,0.0007292538157531194,0.4987202380952381,0.5005
8,0.0007206305928883098,0.00073284298820155,0.4987202380952381,0.5005
9,0.0007243507983429092,0.0007359694434063775,0.4987202380952381,0.5005
10,0.0007264933728036426,0.0007386522250516074,0.4987202380952381,0.5005
11,0.0007291267446818806,0.0007413215275321687,0.4987202380952381,0.5005
12,0.000731750617424647,0.0007439649488244738,0.4987202380952381,0.5005
13,0.0007340277649817013,0.0007462103686162404,0.4987202380952381,0.5005
14,0.0007354541066147033,0.0007472147941589355,0.4987202380952381,0.5005
15,0.0007370979328240667,0.0007492635462965284,0.4987202380952381,0.5005
