,loss/train,loss/valid,acc/train,acc/valid
0,0.00026314025123914085,0.00026809776042188916,0.7800119047619047,0.7768928571428572
1,0.00024257725920705567,0.0002434758905853544,0.8225297619047619,0.8263214285714285
2,0.00024366312562709762,0.00024455173313617706,0.8197738095238095,0.8242142857142857
3,0.00024349015206098556,0.0002445226535201073,0.819952380952381,0.82425
4,0.00024404491838954744,0.00024454167165926524,0.8199285714285715,0.8242142857142857
5,0.0002439443039752188,0.00024447195019040787,0.8201309523809523,0.8243571428571429
6,0.0002434938099412691,0.00024447195019040787,0.8201309523809523,0.8243571428571429
7,0.00024385421297379902,0.00024447195019040787,0.8201309523809523,0.8243571428571429
8,0.0002432235133435045,0.00024447195019040787,0.8201309523809523,0.8243571428571429
9,0.00024376411363482474,0.00024447195019040787,0.8201309523809523,0.8243571428571429
10,0.00024385421332858857,0.00024447195019040787,0.8201309523809523,0.8243571428571429
11,0.00024376410990953446,0.00024447195019040787,0.8201309523809523,0.8243571428571429
12,0.0002433136155207952,0.00024447195019040787,0.8201309523809523,0.8243571428571429
13,0.00024367400844182288,0.00024447195019040787,0.8201309523809523,0.8243571428571429
14,0.0002440344047333513,0.00024447195019040787,0.8201309523809523,0.8243571428571429
15,0.0002437641088451658,0.00024447195019040787,0.8201309523809523,0.8243571428571429
16,0.00024340371468237467,0.00024447195019040787,0.8201309523809523,0.8243571428571429
