,loss/train,loss/valid,acc/train,acc/valid
0,0.0004929453235651766,0.0005005397743412426,0.799970238095238,0.8031785714285714
1,0.0005086998930644421,0.0005163539073296955,0.7933511904761905,0.7950357142857143
2,0.0006947388872504234,0.0007053683293717248,0.6050892857142857,0.6074642857142857
3,0.0006000539777534349,0.000608949214220047,0.7010297619047619,0.7028571428571428
4,0.0005368181339332036,0.0005462485253810883,0.7659523809523809,0.7663928571428571
5,0.0007290401313276518,0.0007413604174341474,0.5707857142857143,0.5721428571428572
6,0.0006202029667439915,0.0006287017677511487,0.6820714285714286,0.6846071428571429
7,0.000520456622399035,0.0005304584162575858,0.7829107142857142,0.7832857142857143
8,0.0005225495596726735,0.0005298726388386318,0.7812916666666667,0.78375
9,0.0005673214771917888,0.0005744139509541648,0.7357321428571428,0.7391071428571429
10,0.0006312077662774494,0.0006396077977759497,0.6706309523809524,0.6738571428571428
11,0.0005796006304167566,0.0005908536400113787,0.7229821428571429,0.7223928571428572
12,0.0007195446743142037,0.000731746501156262,0.5807976190476191,0.5818571428571429
13,0.0006496027424221947,0.000657197573355266,0.6522797619047619,0.6554285714285715
14,0.0005420082147632327,0.0005486485915524619,0.7610476190476191,0.7645357142857143
15,0.0005547189563512802,0.0005631523217473712,0.7483690476190477,0.7501071428571429
