,loss/train,loss/valid,acc/train,acc/valid
0,0.0006737410298415593,0.0006853133291006089,0.5072559523809523,0.5102857142857142
1,0.0006731175599353654,0.0006846113822289875,0.505125,0.5077142857142857
2,0.0006731625181578455,0.0006846854984760284,0.5009821428571428,0.5026428571428572
3,0.000673096484371594,0.0006844318721975599,0.5002559523809523,0.5016071428571428
4,0.0006729507698189645,0.00068433720937797,0.4995952380952381,0.5011071428571429
5,0.0006730579968009676,0.0006843045417751584,0.49938095238095237,0.5009285714285714
6,0.000671978983141127,0.0006833720207214355,0.49948809523809523,0.5009642857142858
7,0.0006733171925658271,0.0006845611674445016,0.49889880952380955,0.5006071428571428
8,0.0006743668644201187,0.0006855067887476512,0.49879761904761905,0.5005714285714286
9,0.0006740730819957597,0.0006852826071637018,0.4987738095238095,0.5005357142857143
10,0.0006751657930158433,0.000686151704617909,0.4987261904761905,0.5005
11,0.0006767095639592125,0.0006876847616263798,0.4987261904761905,0.5005
12,0.0006750879159995488,0.0006862890337194715,0.4987261904761905,0.5005
13,0.0006760204814019658,0.0006870406419038773,0.4987261904761905,0.5005
14,0.0006753336599185354,0.0006864933116095406,0.4987202380952381,0.5005
15,0.0006774399702747663,0.0006883777188403266,0.4987202380952381,0.5005
16,0.0006765617412470636,0.0006878265483038766,0.4987202380952381,0.5005
17,0.0006766962508360545,0.0006878362021275929,0.4987202380952381,0.5005
18,0.0006790355905180886,0.000689819946885109,0.4987202380952381,0.5005
19,0.0006785186263067382,0.0006897431377853666,0.4987202380952381,0.5005
20,0.0006779855965148835,0.0006890336849859782,0.4987202380952381,0.5005
21,0.0006783444186051686,0.000689402522785323,0.4987202380952381,0.5005
