,loss/train,loss/valid,acc/train,acc/valid
0,0.0005541073949564071,0.0005633012524672917,0.7281309523809524,0.7298928571428571
1,0.0006109354439235869,0.0006182510937963213,0.6668690476190476,0.6721428571428572
2,0.00048690449428700263,0.000492396168410778,0.8040952380952381,0.8078928571428572
3,0.0004760203400538081,0.000482692260827337,0.8250059523809524,0.8274285714285714
4,0.0005395150464915094,0.0005466233044862747,0.7538154761904762,0.7570714285714286
5,0.0005272208512538955,0.0005351995357445309,0.7527083333333333,0.7555714285714286
6,0.00046738912253862337,0.00047338505727904186,0.83425,0.8363928571428572
7,0.0004642280521137374,0.0004698430012379374,0.8327083333333334,0.8351428571428572
8,0.0004588993867593152,0.00046515180489846636,0.8405357142857143,0.8430714285714286
9,0.0004865965742085661,0.00049242017524583,0.7997380952380952,0.8039642857142857
10,0.00047340634855486097,0.0004784707512174334,0.8218392857142857,0.8254642857142858
11,0.0005522527616648447,0.0005601762256452015,0.7342559523809524,0.7365
12,0.0005056581889234838,0.0005119128184659141,0.7980595238095238,0.8005357142857142
13,0.0004979099922236942,0.000503492611859526,0.8017142857142857,0.8041071428571429
14,0.00046274623842466444,0.0004679034362946238,0.8362440476190476,0.8399285714285715
15,0.0004616156184957141,0.00046751125689063755,0.8375595238095238,0.8417142857142857
16,0.00047868974542333967,0.0004857634465609278,0.8098154761904762,0.8115357142857142
17,0.0004658882117697171,0.0004723894074559212,0.8333154761904762,0.8378571428571429
18,0.00047388220986440067,0.00047957259310143336,0.8239880952380952,0.8255714285714286
19,0.0005927446069461959,0.0006025453167302268,0.6647440476190476,0.6643571428571429
20,0.00046713474268714585,0.0004730018983994211,0.8321666666666667,0.8361071428571428
21,0.0004678900030752023,0.0004735640702503068,0.8338392857142857,0.8365714285714285
22,0.00046321259829260053,0.00046956609934568406,0.8372440476190476,0.8398214285714286
23,0.0004689640042682489,0.0004747845424073083,0.8335892857142857,0.8355357142857143
