,loss/train,loss/valid,acc/train,acc/valid
0,0.0006782288139774686,0.0006903695655720574,0.5163988095238096,0.5212142857142857
1,0.000678146620236692,0.0006903381326368877,0.5037857142857143,0.5070357142857143
2,0.0006817627723018329,0.0006936130395957401,0.49892261904761903,0.5006071428571428
3,0.0006841465798871857,0.0006957189355577742,0.4987440476190476,0.5005357142857143
4,0.0006884982653316997,0.000700548842549324,0.4987202380952381,0.5005
5,0.0006931893382044065,0.0007049406277281898,0.4987202380952381,0.5005
6,0.000695111425504798,0.0007067058405705861,0.4987202380952381,0.5005
7,0.0006960435960264433,0.0007079410276242665,0.4987202380952381,0.5005
8,0.0006938504636997268,0.0007060508642877852,0.4987202380952381,0.5005
9,0.0006977666027489163,0.0007094055222613471,0.4987202380952381,0.5005
10,0.0006976366763313611,0.0007089508069413049,0.4987202380952381,0.5005
11,0.0007004297595648539,0.0007120526092393057,0.4987202380952381,0.5005
12,0.000703294823212283,0.0007151305228471756,0.4987202380952381,0.5005
13,0.0007025997745139258,0.0007145449199846812,0.4987202380952381,0.5005
14,0.0007057558223605156,0.0007176616191864013,0.4987202380952381,0.5005
15,0.000706390428401175,0.0007180609639201845,0.4987202380952381,0.5005
