,loss/train,loss/valid,acc/train,acc/valid
0,0.00048761851553406037,0.0004928465081112726,0.8101130952380953,0.81375
1,0.0005492424014068785,0.0005546566843986511,0.7522857142857143,0.7569642857142858
2,0.0006817135988246827,0.000696777533207621,0.6184047619047619,0.6160714285714286
3,0.0006852058885352952,0.0006991003602743149,0.6143809523809524,0.6137857142857143
4,0.0005789974480867385,0.0005869378106934684,0.7230416666666667,0.7268928571428571
5,0.0006668740769936925,0.0006798988857439586,0.6345119047619048,0.6331071428571429
6,0.0005578810728731609,0.0005636190835918699,0.7456190476190476,0.7502857142857143
7,0.0006573884511987369,0.0006631913185119629,0.6440297619047619,0.64975
8,0.0005044852174108937,0.0005116345903703144,0.7995535714285714,0.8021785714285714
9,0.0005365587025880814,0.0005439486971923283,0.7667380952380952,0.76975
10,0.0005691908583754585,0.0005745029747486114,0.7336785714285714,0.7380714285714286
11,0.0005212046638840721,0.0005265856151069914,0.7826309523809524,0.7873214285714286
12,0.0005756002700044996,0.0005825967064925602,0.7272261904761905,0.7310714285714286
13,0.0006157474638450713,0.0006263238085167748,0.6861309523809523,0.6882142857142857
14,0.0006141110076790764,0.0006242483705282212,0.6878988095238096,0.6902142857142857
15,0.0005538685385669981,0.0005591638811997004,0.7491130952380952,0.7548214285714285
