,loss/train,loss/valid,acc/train,acc/valid
0,0.0004965941466036297,0.0005030551712427821,0.8091964285714286,0.8106071428571429
1,0.0004969432657318456,0.0005029080946530615,0.805625,0.8091785714285714
2,0.0005727693438529968,0.0005788776321070534,0.6756130952380952,0.6825357142857142
3,0.0006596215519876707,0.000664765368614878,0.6374047619047619,0.6448571428571429
4,0.0007642543652937526,0.0007801916216100965,0.5346369047619047,0.53225
5,0.0005675121226481029,0.0005745821339743478,0.7337678571428572,0.7375357142857143
6,0.0005240323692560195,0.0005306291771786553,0.7776726190476191,0.7815714285714286
7,0.0004970561108064084,0.0005034513260637011,0.8026309523809524,0.8063571428571429
8,0.0005198201491009621,0.0005249196929591043,0.778154761904762,0.7833571428571429
9,0.0005111690961888859,0.0005173152695809092,0.7911904761904762,0.7950357142857143
10,0.0005665376878210476,0.0005740266122988292,0.7341190476190477,0.7376785714285714
11,0.0005186184529392492,0.000526247569492885,0.7841785714285714,0.7871785714285714
12,0.0005224090493505909,0.0005279680341482162,0.7805714285714286,0.7850357142857143
13,0.0005459464501057352,0.0005519555125917707,0.7570416666666666,0.7620357142857143
14,0.0005334156865165347,0.0005384438484907151,0.7699285714285714,0.77525
15,0.0005385696501249359,0.0005429823036704744,0.7646845238095238,0.7702142857142857
16,0.0005257325732991809,0.0005311941930225917,0.7777559523809524,0.7824285714285715
