,loss/train,loss/valid,acc/train,acc/valid
0,0.00068060804300365,0.0006925441644021443,0.49876190476190474,0.5006071428571428
1,0.0006868513027826945,0.000698655373283795,0.4987202380952381,0.5005
2,0.0006963173502257892,0.0007083032727241516,0.4987202380952381,0.5005
3,0.0007025383444769042,0.0007145377610410963,0.4987202380952381,0.5005
4,0.0007098449032221522,0.0007216695206505912,0.4987202380952381,0.5005
5,0.0007155550689924331,0.0007271453269890376,0.4987202380952381,0.5005
6,0.0007196244686132386,0.0007307873432125364,0.4987202380952381,0.5005
7,0.0007222537118054572,0.0007341785622494561,0.4987202380952381,0.5005
8,0.000726479756690207,0.0007385098316839763,0.4987202380952381,0.5005
9,0.0007245294444617771,0.0007368925490549632,0.4987202380952381,0.5005
10,0.0007273318678850219,0.0007388301278863634,0.4987202380952381,0.5005
11,0.0007287382359306017,0.000740782448223659,0.4987202380952381,0.5005
12,0.0007273725324443408,0.0007387656016009194,0.49876785714285715,0.5005
13,0.0007260249462865648,0.0007376936099358967,0.49886309523809524,0.5006071428571428
14,0.0007218026923281806,0.0007334338533026832,0.49925,0.5011785714285715
15,0.0007240918580265273,0.0007358797128711428,0.49938095238095237,0.5012142857142857
