,loss/train,loss/valid,acc/train,acc/valid
0,0.0005140135552556741,0.000520099109836987,0.7969583333333333,0.8013214285714285
1,0.0005219923083980879,0.0005283483011381967,0.7833452380952381,0.7892857142857143
2,0.0005080537753445761,0.0005140828766993114,0.8003035714285714,0.8049642857142857
3,0.0005039613108549799,0.0005108630614621298,0.805404761904762,0.8094285714285714
4,0.0006149177373874755,0.0006218467333487102,0.64375,0.6510714285714285
5,0.00048118287945787114,0.0004872953519225121,0.8238392857142857,0.8252857142857143
6,0.0004881098187040715,0.0004940741530486516,0.823595238095238,0.828
7,0.0004998579390701794,0.0005068039415138108,0.7974761904761904,0.8022142857142858
8,0.000484028077373902,0.000489644895706858,0.820577380952381,0.8241428571428572
9,0.0004864326827228069,0.0004925335666963032,0.8223392857142857,0.8275357142857143
10,0.0004873430416697548,0.0004933649120586259,0.8155595238095238,0.8185357142857143
11,0.0005072287929554781,0.0005132020190358161,0.7934166666666667,0.7975714285714286
12,0.0004830434086422126,0.0004887233152985573,0.8241130952380953,0.8274642857142858
13,0.00048504155182412694,0.0004905650605048453,0.8251726190476191,0.8264642857142858
14,0.0004927648197682131,0.0004979631815637861,0.8038809523809524,0.8078214285714286
15,0.000525531122372264,0.0005326011904648372,0.7627321428571429,0.7682857142857142
16,0.0005134010368159839,0.0005199165110077176,0.7888988095238095,0.7945
17,0.0004985510772537617,0.0005047544453825269,0.8113988095238095,0.8156785714285715
18,0.00048605064621993474,0.000492070129939488,0.8267738095238095,0.8301785714285714
19,0.0005042396198425975,0.000510748236307076,0.8012916666666666,0.8065
20,0.0004958170826236407,0.0005020204271589006,0.8060297619047619,0.8112857142857143
