,loss/train,loss/valid,acc/train,acc/valid
0,0.0006885925595249448,0.0007005666409220015,0.4995595238095238,0.5011428571428571
1,0.0006880947436605181,0.0007000356082405363,0.49947619047619046,0.5011071428571429
2,0.0006925901061012632,0.0007046027247394834,0.4987202380952381,0.5005357142857143
3,0.0006906157196277663,0.0007027756124734878,0.4987261904761905,0.5006071428571428
4,0.0006920310954252879,0.0007039210051298141,0.49873809523809526,0.5005357142857143
5,0.0006952159819858415,0.0007073547095060349,0.4987202380952381,0.5005357142857143
6,0.0006951462711606707,0.0007073443127529962,0.4987202380952381,0.5005357142857143
7,0.0006965723261237144,0.0007082542351314,0.4987202380952381,0.5005
8,0.0006968086337049802,0.0007084401994943619,0.4987202380952381,0.5005
9,0.0006985368987634068,0.000710318556853703,0.4987202380952381,0.5005
10,0.0006998346341507776,0.0007117708751133511,0.4987202380952381,0.5005
11,0.000702498136531739,0.000714388519525528,0.4987202380952381,0.5005
12,0.0007027018417914709,0.000714232365999903,0.4987202380952381,0.5005
13,0.0007025615775159427,0.0007144899794033595,0.4987202380952381,0.5005
14,0.0007030345144725982,0.0007147352695465088,0.4987202380952381,0.5005
15,0.0007072603553533554,0.0007188566135508674,0.4987202380952381,0.5005
16,0.000707644346214476,0.0007193045850311006,0.4987202380952381,0.5005
