,loss/train,loss/valid,acc/train,acc/valid
0,0.0007930282732797047,0.0008109922692889259,0.5077380952380952,0.5012857142857143
1,0.0007297532671973819,0.0007468771423612322,0.5720079365079365,0.5662857142857143
2,0.0006857190028069512,0.0007006310593514215,0.6163809523809524,0.6125238095238095
3,0.0007111078879189869,0.0007275607443991162,0.5901587301587301,0.5852380952380952
4,0.0006628220672645266,0.0006754830848603021,0.6392301587301588,0.638
5,0.0007057370340067243,0.000723358358655657,0.5961349206349207,0.5898571428571429
6,0.0007011999776439062,0.0007188811926614671,0.6000952380952381,0.594047619047619
7,0.0006657400192722441,0.0006805288848422822,0.6372301587301588,0.6332857142857143
8,0.0006645732782189808,0.0006798343630064101,0.6384761904761905,0.6335714285714286
9,0.0006900534544672284,0.000705936278615679,0.6117460317460317,0.6070476190476191
10,0.00067329017888932,0.0006864016652107239,0.6285873015873016,0.6274761904761905
11,0.0006993539442145635,0.000715975718838828,0.6017460317460317,0.597047619047619
12,0.000689711581619959,0.0007062224632217771,0.6122857142857143,0.6067619047619047
13,0.0006959132197357359,0.000710172746862684,0.6057857142857143,0.6029047619047619
14,0.0006985328107599228,0.0007158026241120838,0.6032539682539683,0.5972380952380952
15,0.0006954951882362366,0.0007096600050017947,0.6066904761904762,0.6036190476190476
16,0.0006849265562163459,0.0007030504175594875,0.616547619047619,0.6102857142857143
17,0.000689607657610424,0.0007054866665885562,0.6124206349206349,0.6077142857142858
18,0.0006631524700020987,0.000678805635088966,0.6394841269841269,0.635
19,0.0006964027167312682,0.0007137621357327416,0.6051190476190477,0.5996190476190476
