,loss/train,loss/valid,acc/train,acc/valid
0,0.0006334119323227141,0.000651503895010267,0.66625,0.6631190476190476
1,0.0006360655611469632,0.0006565708106472379,0.6633531746031746,0.6597619047619048
2,0.0006901065792356218,0.0007051190804867517,0.6090119047619048,0.6089523809523809
3,0.0007338692983464589,0.0007465989192326864,0.564313492063492,0.5681666666666667
4,0.0006510899092942949,0.000673278584366753,0.6487619047619048,0.6462142857142857
5,0.0006545212439128331,0.0006715932076885587,0.6456230158730158,0.640452380952381
6,0.0006314392302717481,0.0006462770118599846,0.6692261904761905,0.6663809523809524
7,0.0007935781178493349,0.0008116901488531204,0.503515873015873,0.5045952380952381
8,0.0006345450776436973,0.0006492979909692492,0.6656944444444445,0.6663571428571429
9,0.0006450067467632747,0.0006668754234200432,0.6549444444444444,0.6513571428571429
10,0.0006824038303087628,0.0007007965601625897,0.6167777777777778,0.6166428571428572
11,0.0006972295067140034,0.0007166554757526943,0.6021746031746031,0.6019047619047619
12,0.0006724236851173734,0.0006898279232638223,0.6273333333333333,0.6233571428571428
13,0.0006771503209121643,0.0006917260842663901,0.6223214285714286,0.6229285714285714
14,0.0006520266232509462,0.0006710784236590067,0.6482261904761905,0.6470476190476191
15,0.000664265993332106,0.0006816043016456422,0.6355674603174604,0.6332619047619048
16,0.0006343488674315195,0.0006527807755129678,0.6659484126984127,0.6642857142857143
17,0.0006623307986864968,0.0006781001828965687,0.6375873015873016,0.6354047619047619
18,0.0006366070244047376,0.0006532158823240371,0.6636031746031746,0.6608571428571428
19,0.0007441098030124392,0.000762028931152253,0.5538531746031746,0.5554523809523809
20,0.0006396409954343524,0.0006578891036056337,0.6607380952380952,0.6591190476190476
21,0.0006411223404464267,0.0006593138873577117,0.658765873015873,0.6576428571428572
