,loss/train,loss/valid,acc/train,acc/valid
0,0.0006107612048822736,0.0006201687483560471,0.6921984126984126,0.6922380952380952
1,0.0005780949521632422,0.0005886682243574234,0.7256269841269841,0.7240952380952381
2,0.0005810614961480337,0.0005908675278936113,0.7240555555555556,0.7218571428571429
3,0.0007851687234545511,0.000792314921106611,0.5148015873015873,0.5216190476190476
4,0.0006834324896335601,0.0006884310614495051,0.6174603174603175,0.6251428571428571
5,0.0006643962949987442,0.0006686665018399556,0.6380634920634921,0.6446666666666667
6,0.0006430462816404918,0.0006463718811670939,0.6600158730158731,0.6662857142857143
7,0.0005753562176038349,0.0005847068201927911,0.7283412698412698,0.7280952380952381
8,0.0006452094160375141,0.0006540640620958237,0.6571269841269841,0.6586666666666666
9,0.0005755109148366111,0.0005856722706840152,0.7286111111111111,0.727047619047619
10,0.0005777112936216687,0.0005890309044292995,0.7264920634920635,0.7236666666666667
11,0.0005827812878858475,0.0005928807542437598,0.7221507936507936,0.7208571428571429
12,0.0005776531904462785,0.0005888065383547828,0.7257777777777777,0.7239523809523809
13,0.0006098821456470187,0.0006209825703075954,0.6935555555555556,0.6926666666666667
14,0.0005774050880046118,0.0005861269178844634,0.7265238095238096,0.7266190476190476
15,0.0006716771206212422,0.0006725686419577825,0.6311031746031746,0.6411904761904762
16,0.0005774759470470367,0.0005878670925185794,0.7266031746031746,0.7249047619047619
17,0.000577630859518808,0.00058786465156646,0.7266190476190476,0.725
18,0.0005779357193008302,0.0005876028679666065,0.7266111111111111,0.7251904761904762
19,0.0007565550950784531,0.0007647006738753546,0.5451269841269841,0.5494285714285714
20,0.0005782210122025202,0.0005898120970953078,0.725031746031746,0.7229047619047619
21,0.00057888059294413,0.0005898664111182803,0.7250079365079365,0.7228571428571429
22,0.0005794669063318343,0.0005896003501755851,0.7248809523809524,0.7231428571428572
