,loss/train,loss/valid,acc/train,acc/valid
0,0.0005668984121746487,0.0005764786913281395,0.7313253968253969,0.7290952380952381
1,0.0005627506469923352,0.0005704272843542553,0.7240634920634921,0.7228571428571429
2,0.0005762281914552052,0.0005853510073253087,0.7272301587301587,0.7267619047619047
3,0.0006438066774890536,0.0006572607840810503,0.6563095238095238,0.653
4,0.0005748118994727968,0.0005863140736307417,0.7281190476190477,0.7256666666666667
5,0.0005812607663018363,0.0005910642516045344,0.7223730158730158,0.7212380952380952
6,0.0006437416880849808,0.0006546758952594939,0.6582380952380953,0.6563333333333333
7,0.000579750052520207,0.0005904297544842674,0.7236666666666667,0.7221904761904762
8,0.0005801149039041428,0.0005884806088038853,0.7240714285714286,0.7243333333333334
9,0.0005782402789308911,0.0005901096349670773,0.7245238095238096,0.7226190476190476
10,0.0005779736671182844,0.0005881817426000323,0.7264047619047619,0.7245714285714285
11,0.0005797459885241494,0.0005908802350362142,0.7241269841269842,0.7218571428571429
12,0.0006231204980895633,0.0006325923403104147,0.6797698412698413,0.6794285714285714
13,0.0006451105049678258,0.0006606339386531285,0.6572619047619047,0.6520952380952381
14,0.0005799225256556556,0.0005909536679585775,0.7242698412698413,0.7218095238095238
15,0.0005804796999409086,0.0005908788016864232,0.7241825396825396,0.7219047619047619
16,0.0005796074498267401,0.0005906935334205627,0.7242619047619048,0.7220952380952381
