,loss/train,loss/valid,acc/train,acc/valid
0,0.0005937520123663403,0.0006019706499008905,0.7254365079365079,0.7258571428571429
1,0.0005689037375979953,0.0005777206789879572,0.709515873015873,0.7066666666666667
2,0.0005798262608429743,0.0005904958929334368,0.724936507936508,0.7226666666666667
3,0.0005628852806394062,0.0005712871523130508,0.7362698412698413,0.734904761904762
4,0.0005571532878610823,0.0005660150334948585,0.7403492063492063,0.7375714285714285
5,0.0005612172772960057,0.000570038100083669,0.7416269841269841,0.7391428571428571
6,0.0005618049734168582,0.000571209328515189,0.7388809523809524,0.7361904761904762
7,0.0005600629936135005,0.0005690640920684451,0.7452380952380953,0.7414285714285714
8,0.0005595020774811034,0.0005680187003953116,0.7456904761904762,0.7429523809523809
9,0.0005615191379236797,0.000570155816418784,0.739436507936508,0.7377619047619047
10,0.0005634721011396438,0.0005724046428998311,0.7453968253968254,0.742904761904762
11,0.0005616217837447211,0.0005707459648450216,0.7429206349206349,0.7396190476190476
12,0.0005624627002647945,0.0005704339600744702,0.7368412698412699,0.7362857142857143
13,0.0005602738171342819,0.0005691223939259847,0.746968253968254,0.7423809523809524
14,0.0005589803707978082,0.0005682110559372675,0.746531746031746,0.7434285714285714
15,0.0005596123413434105,0.0005687264260791597,0.7474444444444445,0.7448571428571429
16,0.0005587613994166965,0.0005675804756936572,0.7476904761904762,0.7446666666666667
17,0.0005567977172987802,0.000566150236697424,0.7480555555555556,0.7442857142857143
18,0.0005603818131817711,0.0005691010923612685,0.7442619047619048,0.745
19,0.0005605514139410049,0.000569518180120559,0.7415396825396825,0.7390952380952381
