,loss/train,loss/valid,acc/train,acc/valid
0,0.0005832725280807132,0.000592071294784546,0.7273333333333334,0.7282857142857143
1,0.0005984322617924402,0.000605369752361661,0.6532222222222223,0.6584761904761904
2,0.0005916606334466783,0.0006023526787757873,0.7156111111111111,0.7147619047619047
3,0.0005625672472847833,0.000569758707568759,0.7359126984126985,0.7353809523809524
4,0.0005683491873362707,0.0005766998103686741,0.7406587301587302,0.7376666666666667
5,0.0005625785991312965,0.0005714731926009768,0.7376507936507937,0.732904761904762
6,0.0005617589326131912,0.0005705352964855376,0.7426507936507937,0.7419523809523809
7,0.0005582615879793015,0.0005667566202935718,0.7454761904761905,0.7431904761904762
8,0.0005597325218102289,0.0005681395871298654,0.7437063492063493,0.7421428571428571
9,0.0005630680658514537,0.0005717351266316005,0.7451587301587301,0.744904761904762
10,0.0005541705706762889,0.0005629143743287949,0.7478412698412699,0.7435714285714285
11,0.0005614562020415352,0.0005709761239233471,0.7447698412698412,0.742904761904762
12,0.0005527627539067041,0.0005622119619732812,0.7439365079365079,0.7382857142857143
13,0.0005598036992171454,0.000568738545690264,0.745515873015873,0.7457142857142857
14,0.0005607799201730698,0.0005695085184914726,0.7427936507936508,0.7404285714285714
15,0.0005592034875400482,0.0005679496555101304,0.7450714285714286,0.7430476190476191
16,0.0005601967497477456,0.0005688184613273257,0.7450476190476191,0.7453809523809524
17,0.0005622502508617583,0.000570800713130406,0.7438888888888889,0.7421904761904762
18,0.000555430556573565,0.0005646949949718657,0.752515873015873,0.7499523809523809
19,0.0005588556991683113,0.000568029679003216,0.7455952380952381,0.7428095238095238
20,0.0005541641239135985,0.0005634343198367527,0.7475714285714286,0.7475238095238095
21,0.0005600748383809649,0.0005693815549214681,0.7407539682539682,0.7411904761904762
22,0.00055724541157011,0.0005662852468944731,0.7464047619047619,0.7465238095238095
23,0.0005555439657635158,0.0005647408337820143,0.7494126984126984,0.7461428571428571
24,0.0005545845968382699,0.0005639942770912533,0.7530555555555556,0.7497619047619047
25,0.0005562453033432128,0.0005648823494002933,0.748968253968254,0.7473809523809524
