,loss/train,loss/valid,acc/train,acc/valid
0,0.0005655313323414515,0.0005761941018558684,0.7349126984126985,0.7321428571428571
1,0.0005817233638630973,0.0005941958824793497,0.7203412698412699,0.7176666666666667
2,0.0005763266971186986,0.0005872682134310405,0.7272063492063492,0.7255238095238096
3,0.0005742933210872469,0.0005852624348231724,0.7292380952380952,0.7274285714285714
4,0.0007784985403219859,0.0007852477431297303,0.520547619047619,0.5280476190476191
5,0.0005796299344963498,0.0005908459907486325,0.7240793650793651,0.7219047619047619
6,0.0005774484262579963,0.0005881510518846057,0.7264285714285714,0.7245238095238096
7,0.0005797411558173952,0.0005909267351740882,0.7239682539682539,0.7218095238095238
8,0.0005796083807945252,0.0005909267351740882,0.7239444444444444,0.7218095238095238
9,0.0005794353078282068,0.0005909267380124046,0.7239603174603174,0.7218095238095238
10,0.0005802387533679841,0.0005909267351740882,0.7239444444444444,0.7218095238095238
11,0.0008004504640897115,0.0008086290302730742,0.4992539682539682,0.5056666666666667
12,0.0007220614628186302,0.0007263012471653166,0.5792380952380952,0.5876666666666667
13,0.0006297025519704062,0.000636600463163285,0.6734603174603174,0.6763809523809524
14,0.0006420916427695562,0.0006489192219007583,0.6607619047619048,0.6646666666666666
15,0.0006075341812674961,0.0006163198209944226,0.6946031746031746,0.6963809523809524
