,loss/train,loss/valid,acc/train,acc/valid
0,0.0005704577077948858,0.0005820279036249434,0.7302619047619048,0.7274761904761905
1,0.0005756397299350254,0.000585763590676444,0.727579365079365,0.7257142857142858
2,0.0005764258924930815,0.0005862040718396504,0.727484126984127,0.7261428571428571
3,0.0005810935502014463,0.000592333904334477,0.7221825396825396,0.719047619047619
4,0.0005734866587888627,0.0005840631950469244,0.7297460317460317,0.7275238095238096
5,0.0005796933018025898,0.0005896933731578645,0.7232380952380952,0.722
6,0.0005738101696211195,0.0005839360526629857,0.7303253968253969,0.728047619047619
7,0.0005660327242480384,0.000575651935168675,0.7332142857142857,0.7321904761904762
8,0.0005682316029828692,0.0005777838513964698,0.7325158730158731,0.7315714285714285
9,0.0005735294038341159,0.0005846306880315145,0.7300396825396825,0.7274761904761905
10,0.0005696103426199111,0.0005806876562890552,0.7333253968253969,0.7310476190476191
11,0.0005773991313245562,0.0005886234045028686,0.7259126984126985,0.7240952380952381
12,0.0005775428002788907,0.0005889598897525243,0.725984126984127,0.7226190476190476
13,0.000569322844819417,0.000578995962937673,0.7336190476190476,0.732904761904762
14,0.0005702023264907655,0.0005812408328056335,0.7331984126984127,0.7308095238095238
15,0.0005996240174013471,0.0006065072956539336,0.7012857142857143,0.7043333333333334
16,0.0005709890051493569,0.0005817963452566237,0.7322142857142857,0.7307619047619047
17,0.0005760571441007039,0.0005874482109433129,0.7272936507936508,0.725047619047619
18,0.0005694242625955551,0.0005809991104262216,0.7341190476190477,0.7310952380952381
19,0.0005835512739325327,0.0005933217463039216,0.7192142857142857,0.7186666666666667
20,0.0005703657359357865,0.0005783105776423499,0.7336746031746032,0.734
21,0.0005680914951695336,0.0005781034373101734,0.7356428571428572,0.7343809523809524
22,0.0005699964960416158,0.0005803477735746474,0.7338412698412698,0.7318095238095238
