,loss/train,loss/valid,acc/train,acc/valid
0,0.0006420777454262688,0.0006568848888079326,0.6597936507936508,0.6554285714285715
1,0.0006117374163771433,0.0006235176920890808,0.690952380952381,0.6891904761904762
2,0.0006038532096242148,0.0006172831853230794,0.6993412698412699,0.6953333333333334
3,0.0007127169905200837,0.000722970255783626,0.5893412698412699,0.5904285714285714
4,0.0006034411073677124,0.0006091703545479547,0.699968253968254,0.703952380952381
5,0.0006139306582155681,0.0006246077219645182,0.6893333333333334,0.688952380952381
6,0.0006084755919282399,0.0006161023435138521,0.6958730158730159,0.6968571428571428
7,0.0005924937110098581,0.0006018128792444865,0.7109444444444445,0.7118571428571429
8,0.0005936800922666277,0.0006008044254212152,0.7103571428571429,0.7127142857142857
9,0.0006287980136417207,0.0006356964877673557,0.6742539682539682,0.6767142857142857
10,0.0006078128568709843,0.0006220491755576361,0.6955,0.6905238095238095
11,0.000628129042803295,0.0006322482171512786,0.6753015873015873,0.681952380952381
12,0.000611979320408806,0.0006267272744859967,0.6913492063492064,0.6861904761904762
13,0.0006013233306862059,0.0006056890799885704,0.7028888888888889,0.7075238095238096
14,0.0006287843854654403,0.0006403288301967439,0.6737142857142857,0.6734761904761905
15,0.0005977995121289814,0.0006053430551574343,0.7054603174603175,0.7077142857142857
16,0.0007129152573290325,0.0007174357885406131,0.5891587301587301,0.5960952380952381
17,0.0006219836832985046,0.0006301104710215614,0.680984126984127,0.6832380952380952
18,0.0006805589511280968,0.0006870196262995402,0.6222698412698413,0.6264285714285714
19,0.0005902628236346774,0.0005993990472384862,0.7134920634920635,0.7137619047619047
20,0.0006173297966283465,0.0006236703849974133,0.684968253968254,0.689952380952381
21,0.0006014037903339143,0.0006106730727922349,0.7015714285714286,0.7026190476190476
22,0.0006200668546888563,0.0006314275747253781,0.6826349206349206,0.6821904761904762
23,0.0006025775268910423,0.0006082070555005754,0.7011825396825396,0.7052380952380952
