,loss/train,loss/valid,acc/train,acc/valid
0,0.0006168738717124575,0.0006273896240052723,0.6949603174603175,0.6937619047619048
1,0.000595694172950018,0.0006070526015190852,0.7325555555555555,0.727047619047619
2,0.0005882580568866124,0.0005999684560866583,0.7316587301587302,0.7279047619047619
3,0.0005809243624172514,0.0005915733235222953,0.7316507936507937,0.7276666666666667
4,0.0005778261186584594,0.0005888485511144002,0.7362460317460318,0.7305714285714285
5,0.0005767024755477905,0.0005886118468784151,0.7319920634920635,0.7249047619047619
6,0.0005752610743991912,0.0005874657630920411,0.7308253968253968,0.7256190476190476
7,0.0005789081104218014,0.0005906236483937218,0.7372698412698413,0.7281904761904762
8,0.0005739928044023967,0.0005856749585696629,0.7372142857142857,0.7298095238095238
9,0.0005642461166495368,0.0005761526652744839,0.7376111111111111,0.7308095238095238
10,0.0005679388628119514,0.0005796316038994562,0.7363968253968254,0.7302857142857143
11,0.0005741653399808066,0.0005856945429529463,0.7371666666666666,0.7315238095238096
12,0.0005749165122471159,0.0005861209999947321,0.7334603174603175,0.7255714285714285
13,0.0005707576610739269,0.0005818737660135541,0.735015873015873,0.7311904761904762
14,0.0005703842909563155,0.0005817855397860209,0.7372777777777778,0.7324285714285714
15,0.000568204063744772,0.00057949755021504,0.7408809523809524,0.7334285714285714
16,0.0005681934200582051,0.0005796372351192292,0.7400555555555556,0.7340952380952381
17,0.0005679098698827956,0.0005805069577126276,0.7388412698412699,0.7315714285714285
18,0.0005684857917210412,0.0005804672837257385,0.7337380952380952,0.7250952380952381
19,0.0005707256231043074,0.0005825874635151454,0.7369682539682539,0.728
20,0.0005698404837222327,0.000581924060980479,0.7387142857142858,0.7302857142857143
21,0.0005715739022171686,0.0005837539122218177,0.7346190476190476,0.7267619047619047
22,0.000566817380606182,0.0005793917235873995,0.7376111111111111,0.7293333333333333
23,0.0005707160641276647,0.0005830427067620413,0.7389523809523809,0.7313809523809524
24,0.0005654374181278168,0.0005776312407993135,0.7401349206349206,0.7319523809523809
