,loss/train,loss/valid,acc/train,acc/valid
0,0.00063007266890435,0.0006401641908146086,0.6466428571428572,0.6462857142857142
1,0.0005878629637142968,0.0005991107395717076,0.7328968253968254,0.726
2,0.0005823212062555646,0.0005953909896668934,0.7107301587301588,0.7027142857142857
3,0.0005751071690566956,0.0005868975066003346,0.7344761904761905,0.729
4,0.0005713621311717564,0.0005832372988973345,0.7324761904761905,0.7261904761904762
5,0.0005710339631353106,0.0005830877621968587,0.733904761904762,0.7253333333333334
6,0.0005657392735519106,0.0005778726282573882,0.7392777777777778,0.7312857142857143
7,0.0005634367267290751,0.0005756148724328904,0.7386190476190476,0.7319523809523809
8,0.0005636462337440915,0.0005754275918006897,0.739984126984127,0.7338571428571429
9,0.0005674100579723479,0.0005793117171242123,0.7403412698412698,0.7348095238095238
10,0.0005716034471988678,0.000583621445156279,0.7382857142857143,0.732904761904762
11,0.0005758112446656303,0.0005879482201167516,0.7301746031746031,0.7233333333333334
12,0.0005715658045004284,0.0005838586943490165,0.7357222222222223,0.7296190476190476
13,0.0005689221369841742,0.000581248816989717,0.7412460317460318,0.732904761904762
14,0.0005663795040713416,0.0005789546484038943,0.7399523809523809,0.7316190476190476
15,0.0005645370175914159,0.0005770340590249924,0.742515873015873,0.7360476190476191
16,0.0005643413355426183,0.0005766389738945734,0.7427460317460317,0.7353809523809524
17,0.0005661855633296664,0.0005786465860548474,0.7406269841269841,0.7322380952380952
18,0.0005665857536452157,0.0005787442099480401,0.7419523809523809,0.7361904761904762
19,0.0005734276378911639,0.0005860187297775631,0.734452380952381,0.7272857142857143
20,0.0005704863066711123,0.0005826752214204697,0.7360952380952381,0.7311428571428571
21,0.000565778283372758,0.0005783581364722478,0.7434761904761905,0.7378571428571429
22,0.0005634637072918907,0.000576142118090675,0.7447460317460317,0.735
23,0.0005623099789732978,0.000574954697063991,0.7456984126984127,0.739
