,loss/train,loss/valid,acc/train,acc/valid
0,0.0006998217401523439,0.0007137250062965212,0.5989404761904762,0.6030952380952381
1,0.0006774857498350597,0.0006896489234197707,0.6215952380952381,0.6246666666666667
2,0.0006994038276256077,0.0007154489642097837,0.5994603174603175,0.6030238095238095
3,0.0006679572815459872,0.0006845488278638749,0.6316190476190476,0.6346190476190476
4,0.0006618521421674698,0.0006774589717388153,0.6378769841269841,0.6389761904761905
5,0.0006568915922017325,0.0006690375137896765,0.6428214285714285,0.6445714285714286
6,0.0007057507605779739,0.0007219356440362477,0.5932103174603175,0.5964761904761905
7,0.0006935348602987472,0.0007139651917275928,0.6060753968253968,0.6046428571428571
8,0.0007392539372519841,0.0007526046406655084,0.5590198412698413,0.5575714285714286
9,0.0007007884915385927,0.0007163994922524407,0.5985436507936508,0.5991428571428571
10,0.0006836815391268049,0.0007011317241759527,0.6161269841269841,0.6177857142857143
11,0.0006804507303805579,0.000694630238271895,0.6189444444444444,0.6199285714285714
12,0.0006733081118455009,0.0006873006323973338,0.6262738095238095,0.6289285714285714
13,0.000671091991284537,0.0006851860398337955,0.6286428571428572,0.6311190476190476
14,0.0006878834210690998,0.0007079940140247345,0.6113373015873016,0.6092380952380952
15,0.0007247237939210165,0.0007389055064746312,0.5739642857142857,0.5730714285714286
16,0.0007011216008473957,0.0007187905978588831,0.598202380952381,0.5967380952380953
17,0.0007094833382538387,0.000727036673398245,0.5891825396825396,0.5868095238095238
18,0.0006890929459579408,0.0007033649101143792,0.6103650793650793,0.6080238095238095
19,0.0007533542762200038,0.000769613300051008,0.5445079365079365,0.5461666666666667
20,0.0007131029998972302,0.0007322461079983484,0.5859087301587301,0.584452380952381
