,loss/train,loss/valid,acc/train,acc/valid
0,0.0007773847404926543,0.0007954005882853554,0.5200595238095238,0.5197380952380952
1,0.0007080144678789471,0.0007224678425561814,0.5907063492063492,0.5956428571428571
2,0.0007710462378131018,0.0007882465436345055,0.5261944444444444,0.5255
3,0.0006975251008120794,0.0007088647981484731,0.6018055555555556,0.6053809523809524
4,0.0007015250254245031,0.000716503742195311,0.5973452380952381,0.6005952380952381
5,0.0007020087152246445,0.0007146945212568556,0.5976269841269841,0.5994047619047619
6,0.0006907024759621848,0.0007060212961265019,0.6088253968253968,0.6127619047619047
7,0.0006814427316661865,0.0006922930195218041,0.6178333333333333,0.6253809523809524
8,0.0007157046674262909,0.0007275382777055105,0.5830595238095239,0.5892857142857143
9,0.0007113060054797975,0.0007270548414616358,0.587281746031746,0.5897857142857142
10,0.0007094144113953152,0.0007253625463871729,0.5894563492063493,0.59
11,0.0006846222496694989,0.0006990926194758643,0.6149642857142857,0.6168809523809524
12,0.0007313369074984202,0.0007478805879751841,0.566936507936508,0.563952380952381
13,0.0006954935308959749,0.0007105700501373836,0.6037460317460317,0.6066666666666667
14,0.0006802269747805974,0.0006938319773901077,0.6195039682539683,0.6237857142857143
15,0.0007048240656417513,0.0007215178949492319,0.5941626984126984,0.5984285714285714
16,0.0007080423730233359,0.0007242546464715685,0.5909087301587301,0.5941428571428572
17,0.0007329080275126866,0.0007484373194830759,0.5651230158730158,0.5663571428571429
18,0.0007428124388532033,0.0007602949497245607,0.5553055555555556,0.5557380952380953
19,0.0007591271547098008,0.0007804798696722303,0.5386349206349207,0.5365714285714286
20,0.0007526850428373094,0.000767383805343083,0.5454642857142857,0.5454761904761904
21,0.0007526459282352811,0.0007685956273760114,0.5451984126984127,0.5472380952380952
22,0.0007636387802305676,0.000780266006787618,0.5343293650793651,0.5352857142857143
