,loss/train,loss/valid,acc/train,acc/valid
0,0.0006252963949763586,0.0006370064403329577,0.6744603174603174,0.6737857142857143
1,0.0006281068814652307,0.0006443519081388201,0.6710119047619048,0.6658571428571428
2,0.0005826267491257379,0.0005968369103613354,0.7186111111111111,0.7171190476190477
3,0.0005828101826565607,0.0005968369103613354,0.7186150793650794,0.7171190476190477
4,0.0005827547907829285,0.0005968601618494306,0.7186309523809524,0.7170952380952381
5,0.0005829302952403114,0.0005968601618494306,0.7186071428571429,0.7170952380952381
6,0.0007895583058633502,0.0008044448423953284,0.5066666666666667,0.5076666666666667
7,0.0005831667038183364,0.0005968369103613354,0.7185952380952381,0.7171190476190477
8,0.0005827430089314779,0.0005967904073851449,0.7186071428571429,0.7171666666666666
9,0.0005825970418869503,0.0005968136588732401,0.7186031746031746,0.7171428571428572
10,0.0006146835065077221,0.0006285887076741174,0.686313492063492,0.681404761904762
11,0.0005829742319054074,0.0005970229222660973,0.7185238095238096,0.7169285714285715
12,0.0007922218200706301,0.00081028851157143,0.5050595238095238,0.5060476190476191
13,0.0005831834834719461,0.0005969066648256211,0.7184246031746032,0.717047619047619
14,0.0005828256801007286,0.0005967671558970497,0.7185992063492064,0.7171904761904762
15,0.000630434628043856,0.0006467565709636325,0.6702063492063493,0.6645
16,0.0005845978035340233,0.0005987631976604462,0.7165119047619047,0.7151428571428572
17,0.0005847762626787973,0.0005987666958854312,0.716563492063492,0.7151428571428572
18,0.0005826345003313489,0.0005968601618494306,0.7186031746031746,0.7170952380952381
19,0.0005826913357254059,0.0005968369103613354,0.7185833333333334,0.7171190476190477
20,0.0005827714266285063,0.0005968369103613354,0.7185396825396826,0.7171190476190477
21,0.0005831550757090251,0.0005968601618494306,0.7186071428571429,0.7170952380952381
22,0.0005826474167997874,0.0005968369103613354,0.7185515873015873,0.7171190476190477
