,loss/train,loss/valid,acc/train,acc/valid
0,0.0005811757185156383,0.0005908630064555577,0.7326984126984127,0.7300476190476191
1,0.0005698956364677066,0.0005795474875540961,0.7352222222222222,0.7307619047619047
2,0.0005694850446685912,0.0005787555149623326,0.7379523809523809,0.7346666666666667
3,0.0005696124666266971,0.0005785478154818217,0.7406111111111111,0.7371904761904762
4,0.0005680650898388454,0.0005763511033285232,0.7344206349206349,0.7324285714285714
5,0.0005639282668393756,0.0005731203981808253,0.7399920634920635,0.7369523809523809
6,0.0005620862486816588,0.0005709307988484701,0.7404047619047619,0.7356666666666667
7,0.0005596733249369121,0.0005683866909572057,0.7414444444444445,0.7386190476190476
8,0.0005593413034128764,0.0005684368326550438,0.7390079365079365,0.7384761904761905
9,0.0005577002650215512,0.0005662007189932323,0.741563492063492,0.7407142857142858
10,0.0005604214181029607,0.0005689980529603504,0.7400634920634921,0.7384761904761905
11,0.0005619113251330361,0.0005699446996053059,0.7429682539682539,0.7416666666666667
12,0.0005604717083393581,0.0005697447004772368,0.740984126984127,0.738904761904762
13,0.0005606277906705462,0.0005697901504380362,0.7415396825396825,0.7392857142857143
14,0.0005610684525398981,0.0005697416805085681,0.7423253968253968,0.7391428571428571
15,0.0005640552270980108,0.0005723910956155686,0.7412222222222222,0.7409523809523809
16,0.0005604832328501202,0.0005696067355927967,0.742547619047619,0.7410952380952381
17,0.0005609918610444144,0.000569897452990214,0.7422222222222222,0.7386666666666667
18,0.0005602966296294378,0.0005689968693824042,0.7400555555555556,0.7377619047619047
19,0.0005618188920475188,0.0005704319931211925,0.7431904761904762,0.7426666666666667
20,0.0005595697372678726,0.0005681011676788331,0.7428412698412699,0.7416190476190476
21,0.0005626000028754037,0.0005709197180611747,0.7432460317460318,0.7425238095238095
22,0.0005613585937590826,0.0005696152335121518,0.7409285714285714,0.7406666666666667
23,0.0005596980949242909,0.000568731685479482,0.743,0.7397619047619047
24,0.000562403538870433,0.0005706985252244132,0.7409365079365079,0.7391904761904762
