,loss/train,loss/valid,acc/train,acc/valid
0,0.0005761186948844365,0.0005854490257444836,0.7337063492063493,0.7314761904761905
1,0.0005700807457878476,0.0005786834529467992,0.7347063492063493,0.7349523809523809
2,0.0005657330931179107,0.000573822265579587,0.7365555555555555,0.7338095238095238
3,0.0005656874364330655,0.0005745441743305751,0.736547619047619,0.7337142857142858
4,0.0005763648535524096,0.0005858547744296846,0.7352460317460318,0.7330952380952381
5,0.0005665646342058031,0.0005757967574255808,0.7398571428571429,0.7365238095238095
6,0.0005653802733572703,0.0005742440223693848,0.7380793650793651,0.7366666666666667
7,0.000564020778451647,0.0005729089237394787,0.7403174603174603,0.7369523809523809
8,0.0005612826730523791,0.0005701052801949637,0.7412222222222222,0.7387142857142858
9,0.0005654109867792281,0.000573909702755156,0.7412619047619048,0.7377142857142858
10,0.0005578329425955576,0.0005672269406772796,0.7403492063492063,0.7373333333333333
11,0.0005602514838415479,0.0005692429060027713,0.741031746031746,0.737904761904762
12,0.0005568552494995178,0.0005656342080661229,0.7419126984126985,0.7398571428571429
13,0.0005578412512938181,0.0005666147754305885,0.7415238095238095,0.7380952380952381
14,0.0005654303374744597,0.0005739065351940336,0.7399206349206349,0.7367142857142858
15,0.0005609366872480938,0.0005703521711485726,0.7431507936507936,0.738904761904762
16,0.0005597754385736253,0.0005686378393854413,0.7430555555555556,0.741
17,0.0005589637008924333,0.0005677051629338945,0.7427619047619047,0.7390476190476191
18,0.0005610582426426902,0.0005698776216734023,0.7402460317460318,0.7375714285714285
19,0.0005641835067007277,0.0005730746729033334,0.741015873015873,0.7388571428571429
20,0.0005591713138042934,0.0005682856667609442,0.7428730158730159,0.7394761904761905
21,0.0005601634170327868,0.0005691778177306766,0.7417380952380952,0.7383809523809524
22,0.0005645260640553066,0.0005730646337781634,0.7432222222222222,0.7405238095238095
23,0.0005614917235715049,0.0005699179087366377,0.744468253968254,0.7379523809523809
24,0.0005576523154500931,0.0005666175456274123,0.7448253968253968,0.7410952380952381
25,0.0005573553613254002,0.0005661133215540932,0.7454444444444445,0.7426190476190476
26,0.0005613962000324612,0.0005699251180603391,0.7440634920634921,0.7392380952380952
27,0.0005598050890460847,0.0005689668882460821,0.746031746031746,0.7413333333333333
