,loss/train,loss/valid,acc/train,acc/valid
0,0.0006903626828912705,0.0007031493754613967,0.6119365079365079,0.6099523809523809
1,0.0006795246553799463,0.0006904507534844534,0.6221269841269841,0.6226666666666667
2,0.0006568953678721474,0.0006731808327493213,0.6447460317460317,0.6402857142857142
3,0.0006742958118991246,0.000690043480623336,0.6280079365079365,0.6230952380952381
4,0.0006724499511340308,0.000686092115583874,0.6301825396825397,0.6271904761904762
5,0.0006683726428993164,0.000685199152855646,0.6332380952380953,0.6279047619047619
6,0.0007088569738562145,0.0007193874518076578,0.5928968253968254,0.5945238095238096
7,0.0006720796449789925,0.0006867549504552568,0.6306428571428572,0.6264285714285714
8,0.0007157323975411673,0.0007335280548958551,0.5861111111111111,0.5796666666666667
9,0.0007029456794261932,0.0007238510818708511,0.5984444444444444,0.5893333333333334
10,0.0006955825714837937,0.0007112438792274112,0.6059682539682539,0.6018095238095238
11,0.0006722196841996813,0.0006863705856459481,0.6301904761904762,0.6266190476190476
12,0.0006919202989055997,0.0007027329092934018,0.6100634920634921,0.6111904761904762
13,0.0006922823356257544,0.0007089714464687166,0.6102936507936508,0.6040952380952381
14,0.0006899193842259665,0.00070506675470443,0.6120396825396826,0.6081904761904762
15,0.0007234783924761273,0.000742553194363912,0.5779603174603175,0.5702857142857143
16,0.0007341581743861001,0.0007491009859811692,0.5674126984126984,0.5637619047619048
17,0.000746739805690826,0.0007542012560935248,0.5535396825396826,0.5597619047619048
