,loss/train,loss/valid,acc/train,acc/valid
0,0.0005835383955448393,0.0005938754280408223,0.7136507936507936,0.711952380952381
1,0.0006608455687288254,0.0006756825191634041,0.6406507936507937,0.6354761904761905
2,0.0006307642592324151,0.0006361930966377259,0.6703968253968254,0.675
3,0.0005925160783623892,0.0006059916218121847,0.7096904761904762,0.7058095238095238
4,0.0007222378017410399,0.0007280420604206267,0.5796507936507936,0.5852380952380952
5,0.0006419143075980838,0.0006524925827980042,0.659968253968254,0.659952380952381
6,0.0006589508889213441,0.0006767257281712123,0.6425793650793651,0.6355238095238095
7,0.0006230559566664317,0.0006302483592714582,0.6801428571428572,0.6825714285714286
8,0.0006229759572990357,0.0006281347189630781,0.6793174603174603,0.6852857142857143
9,0.0006475095360998123,0.0006622479075477236,0.6551428571428571,0.6501904761904762
10,0.0005984066005737062,0.000610413324265253,0.704920634920635,0.7026190476190476
11,0.0007220787528961424,0.0007308678655397324,0.5792857142857143,0.5830952380952381
12,0.0006722146547029888,0.0006895572940508525,0.631031746031746,0.6233333333333333
13,0.0006622385396843865,0.0006745169985862005,0.6408571428571429,0.6389523809523809
14,0.0007029328298947168,0.0007158138553301493,0.598920634920635,0.5973333333333334
15,0.0006665680100993505,0.0006805570977074759,0.6355,0.6325238095238095
