,loss/train,loss/valid,acc/train,acc/valid
0,0.0006540186698474581,0.0006651638547579447,0.6483095238095238,0.6473809523809524
1,0.000777730385462443,0.0007846278065726871,0.523015873015873,0.5293809523809524
2,0.0006278014627714006,0.000632610939797901,0.6755396825396826,0.6802857142857143
3,0.0006139164614298987,0.0006233047076633999,0.6892698412698413,0.6895238095238095
4,0.0006102245487864056,0.000624918920653207,0.692968253968254,0.6881904761904762
5,0.0005973155630959405,0.0006111091744332086,0.7066111111111111,0.7014285714285714
6,0.000601941211356057,0.0006116152859869457,0.7009444444444445,0.7013333333333334
7,0.0006747475947652545,0.0006839457863853091,0.6278333333333334,0.6295714285714286
8,0.0006412986881203121,0.0006611895873433068,0.6606904761904762,0.6513333333333333
9,0.0006600596895293584,0.0006771545637221563,0.6427936507936508,0.6356666666666667
10,0.000611278004589535,0.0006271673128718421,0.6912142857142857,0.6854761904761905
11,0.0006379961111242809,0.0006540471059935433,0.6650952380952381,0.6588571428571428
12,0.0006368229630447569,0.0006459597519465855,0.6666984126984127,0.6671428571428571
13,0.0005993681412840646,0.0006090177922021776,0.7047222222222222,0.704047619047619
14,0.0007049946292998298,0.0007096775344439915,0.5972698412698413,0.6043809523809524
15,0.0006137564896591127,0.0006306586577778771,0.6892222222222222,0.6814285714285714
16,0.0006282523066278488,0.0006460709969202677,0.6750952380952381,0.666047619047619
17,0.0006015796926286485,0.000615254541238149,0.7022222222222222,0.6973809523809524
18,0.000763091744884612,0.0007694526882398696,0.5374761904761904,0.5443333333333333
19,0.0006370332756685832,0.0006537470931098575,0.6659047619047619,0.6593809523809524
20,0.0006682913180381533,0.0006766215988567898,0.6344047619047619,0.6365714285714286
21,0.00065053505556924,0.0006629332843280974,0.6532301587301588,0.6497619047619048
22,0.0007419469403842139,0.0007491450196220761,0.559484126984127,0.5643333333333334
23,0.0007550967477616809,0.0007685099102201915,0.5451825396825397,0.5449047619047619
24,0.000654726469327533,0.0006709373905545189,0.6479444444444444,0.6429047619047619
25,0.0007494747633971865,0.0007561895222890945,0.5511111111111111,0.5571428571428572
26,0.0006582031661555881,0.0006663511849585034,0.6451746031746032,0.6471428571428571
27,0.0006308329502741495,0.0006390830136480786,0.6722619047619047,0.6740952380952381
28,0.0006005323354213957,0.0006102963941437857,0.702920634920635,0.7024285714285714
