,loss/train,loss/valid,acc/train,acc/valid
0,0.0005743474128612376,0.0005913469899525791,0.713285600636436,0.7075417661097853
1,0.0005755700871597326,0.0005909967337132639,0.7217024661893398,0.7193794749403342
2,0.0005792279933877852,0.0005967765150320559,0.7091249005568815,0.7062052505966587
3,0.0005788744880551844,0.0005954941075855337,0.7063484486873508,0.7039618138424821
4,0.0006404252069377672,0.0006548108405884809,0.621527446300716,0.6235799522673031
5,0.0006156827237934182,0.0006305609227364843,0.6460143198090692,0.6472076372315035
6,0.0006284945577311914,0.0006430319613090279,0.633659506762132,0.6353221957040572
7,0.0006284252636567315,0.0006431627558068615,0.6324900556881464,0.6348448687350835
8,0.0006158288452676486,0.0006312412777493279,0.6494669848846459,0.6482100238663484
9,0.0006152916111069818,0.0006308806540004393,0.6514319809069212,0.6521718377088306
10,0.0006120572378451424,0.0006277887917930585,0.655497215592681,0.6551789976133652
11,0.0006087201411703227,0.0006245069941928108,0.6596022275258552,0.6587112171837709
12,0.0006029100231263215,0.0006188121132179206,0.6659347653142402,0.6660620525059666
13,0.0006201620621631898,0.0006356874912052564,0.6460859188544152,0.6474463007159904
14,0.0006279320961535688,0.0006433349634411796,0.6387112171837709,0.6389976133651551
15,0.0006388214408355567,0.0006539219148403705,0.6288782816229117,0.6315035799522674
16,0.000604325843502248,0.000619730946556765,0.6632856006364359,0.6643436754176612
