,loss/train,loss/valid,acc/train,acc/valid
0,0.0007891744892086979,0.0008132958952737594,0.5068257756563246,0.500763723150358
1,0.0006749694140638353,0.0006896440851944443,0.623277645186953,0.625346062052506
2,0.000698788318732663,0.0007125276455162249,0.5990294351630867,0.6030071599045346
3,0.0007083738243760054,0.0007235551819311975,0.5892124105011933,0.5926014319809069
4,0.0006228758099540037,0.0006460393129498976,0.6765473349244232,0.6676849642004773
5,0.0006382909277268792,0.0006512085065636828,0.6607319013524264,0.6639618138424821
6,0.0005951969388371531,0.0006160805020525803,0.7049403341288782,0.6980429594272076
7,0.0005883241847287878,0.0006074634173035906,0.7120525059665871,0.7068735083532219
8,0.0006220491575455039,0.0006407811277521539,0.6773826571201272,0.6730310262529833
9,0.0007741942572612656,0.0007857955953101839,0.5220684168655529,0.5297852028639618
10,0.0005893393101536668,0.0006091315763377916,0.7110421638822594,0.7052505966587113
11,0.0006724355305199027,0.0006896025867052465,0.6259665871121718,0.6242959427207637
12,0.0006569873366739035,0.0006795114947389589,0.6417581543357199,0.6345584725536992
13,0.0005881438889765228,0.0006074635055013944,0.7122354813046937,0.7068735083532219
14,0.0005881083855670695,0.0006074635055013944,0.7122354813046937,0.7068735083532219
15,0.0005881109214910175,0.0006074635055013944,0.7122354813046937,0.7068735083532219
16,0.0006972236498633167,0.0007100262960556868,0.6005807478122513,0.6056324582338902
17,0.0005919675165068657,0.0006120100453816052,0.7082895783611775,0.7023866348448687
18,0.0005897934818988579,0.0006096710168660967,0.7105091487669053,0.7047255369928401
19,0.0005911404781144293,0.0006099875445582133,0.7091885441527447,0.7043436754176611
20,0.0005880931676524731,0.0006074635055013944,0.7122354813046937,0.7068735083532219
21,0.0005881110836611727,0.0006075101194632082,0.7122275258552109,0.7068257756563245
22,0.000588078115227304,0.0006075101194632082,0.7122275258552109,0.7068257756563245
