,loss/train,loss/valid,acc/train,acc/valid
0,0.0007015309933395612,0.0007154272603137153,0.5012797619047619,0.4995
1,0.0007146905185211272,0.0007287821705852237,0.5012797619047619,0.4995
2,0.0007166803539508865,0.0007312036348240716,0.5012797619047619,0.4995
3,0.0007197927814863976,0.0007342841029167176,0.5012797619047619,0.4995
4,0.0007205147743225098,0.0007350606109414782,0.5012797619047619,0.4995
5,0.0007178880171406837,0.0007322778041873659,0.5012797619047619,0.4995
6,0.0007149951053517206,0.0007293473503419331,0.5012797619047619,0.4995
7,0.0007133878022432327,0.0007275869356734412,0.5012797619047619,0.4995
8,0.0007141401980604444,0.0007281932937247413,0.5012797619047619,0.4995
9,0.000709708788565227,0.0007236408080373492,0.5012797619047619,0.4995
10,0.0007084973681540717,0.0007225198256117956,0.5012797619047619,0.4995
11,0.0007071845605969429,0.0007211939437048776,0.5012797619047619,0.4995
12,0.0007068939467980748,0.0007209843524864742,0.5012797619047619,0.4995
13,0.0007062364692489306,0.0007201465666294098,0.5012797619047619,0.4995
14,0.000706254570257096,0.0007202859116452081,0.5012797619047619,0.4995
15,0.0007043663618110475,0.0007184670971972602,0.5012797619047619,0.4995
