,loss/train,loss/valid,acc/train,acc/valid
0,0.0005978657943861825,0.0006126984442983355,0.6615833333333333,0.6567857142857143
1,0.0005914685736809458,0.0006045909162078585,0.6927440476190476,0.6891785714285714
2,0.000663685244463739,0.0006795417347124645,0.583125,0.5791785714285714
3,0.0006785265154072216,0.0006933520649160657,0.6218214285714285,0.61825
4,0.0006401988494963873,0.0006566488125494548,0.6600297619047619,0.6541428571428571
5,0.0006990419931354976,0.0007113570209060396,0.5999404761904762,0.5996428571428571
6,0.0006755704993293399,0.0006916921521936144,0.6239404761904762,0.6199285714285714
7,0.0006348053263056846,0.0006530492731503078,0.6654285714285715,0.6588571428571428
8,0.0006127619402749197,0.000630514851638249,0.6881547619047619,0.6814642857142857
9,0.000655339557145323,0.000670233394418444,0.6456547619047619,0.6420357142857143
10,0.0006886440930621965,0.0007020119556358882,0.6115952380952381,0.6113571428571428
11,0.000650298382909525,0.0006669682817799704,0.6504761904761904,0.6459285714285714
12,0.0007982782285128321,0.0008113414836781365,0.49966666666666665,0.5018214285714285
13,0.0007913090008355322,0.0008047855475119182,0.5076845238095238,0.5086785714285714
14,0.0007123650220178423,0.0007289130049092429,0.5878392857142857,0.58375
15,0.0007008927556730452,0.0007147062740155629,0.5995297619047619,0.5981428571428572
16,0.0007430915463538396,0.0007582804475511824,0.556797619047619,0.5545714285714286
