,loss/train,loss/valid,acc/train,acc/valid
0,0.000684646708269914,0.0006977403100047793,0.4986607142857143,0.49425
1,0.0006838952643530709,0.0006969414587531771,0.5103571428571428,0.5085357142857143
2,0.0006860315271076702,0.0006995078048535755,0.5121130952380952,0.5096071428571428
3,0.0006930625750904991,0.0007065702357462474,0.5055178571428571,0.5041785714285715
4,0.0006999808652769951,0.0007135261871985027,0.5034642857142857,0.5012857142857143
5,0.0007036191083136059,0.0007174381762742997,0.5027321428571428,0.50075
6,0.0007056576730239959,0.0007197584850447519,0.5025059523809524,0.5005357142857143
7,0.0007070432394033387,0.0007212871781417301,0.5024583333333333,0.5005357142857143
8,0.0007097483575344086,0.0007239058166742325,0.5021190476190476,0.5005
9,0.0007097163672248522,0.0007238695898226329,0.5020595238095238,0.5005714285714286
10,0.0007123482890781902,0.0007266925637211118,0.5020416666666667,0.5004642857142857
11,0.0007133003366844994,0.0007271195309502738,0.5020119047619047,0.5003571428571428
12,0.0007158377897881327,0.0007297131908791406,0.5019940476190476,0.50025
13,0.0007169934514732588,0.0007311340634311949,0.5018571428571429,0.50025
14,0.0007177915012552625,0.0007319793041263308,0.5018095238095238,0.50025
15,0.0007180876568669365,0.0007324408739805222,0.5018392857142857,0.5002857142857143
16,0.0007169683302442233,0.0007314234418528421,0.5020119047619047,0.5003571428571428
