,loss/train,loss/valid,acc/train,acc/valid
0,0.000585464959698064,0.0005999039730855397,0.6928571428571428,0.68625
1,0.0006119532624170894,0.0006254356397049767,0.6556130952380952,0.6501428571428571
2,0.0006395033622781436,0.000652985047016825,0.6492321428571428,0.6466785714285714
3,0.0006985783410214243,0.0007114885726145335,0.5310952380952381,0.5321071428571429
4,0.0006927477972848075,0.000707344861967223,0.5687321428571429,0.5664285714285714
5,0.000596283037392866,0.0006096909940242767,0.6866309523809524,0.6829642857142857
6,0.000576950457124483,0.000590347334742546,0.6994761904761905,0.6965714285714286
7,0.000581575809490113,0.0005951536063637052,0.6913869047619048,0.6866428571428571
8,0.0005860204753421602,0.0005993161989109857,0.6986785714285715,0.6929285714285714
9,0.0006054603815788314,0.0006201666359390532,0.6606904761904762,0.6565357142857143
10,0.0005807012986569178,0.0005948421380349568,0.6995833333333333,0.6942142857142857
11,0.0006813701572162764,0.0006962193761553083,0.6163869047619047,0.6134642857142857
12,0.0006246442361956551,0.000642892741731235,0.6757083333333334,0.6685
13,0.0006489566809364728,0.0006612705779927118,0.649952380952381,0.6506428571428572
14,0.0006393587759562901,0.0006530123225280217,0.6614404761904762,0.6573571428571429
15,0.0006384963914752007,0.0006550481617450714,0.6616130952380952,0.6575714285714286
16,0.0006100639828613827,0.0006272424289158413,0.6904523809523809,0.6835357142857142
17,0.0006503470387487184,0.0006655887365341187,0.6503630952380952,0.6466428571428572
18,0.0006394839134244691,0.0006534750291279384,0.6616845238095238,0.6582142857142858
19,0.0006851051694580487,0.0006988878292696817,0.6154821428571429,0.6132142857142857
20,0.0006758781657332466,0.0006896738899605614,0.6253928571428572,0.6228928571428571
21,0.0006715148258067313,0.0006841768686260496,0.6290238095238095,0.62825
