,loss/train,loss/valid,acc/train,acc/valid
0,0.0006783249058893749,0.0006908618062734604,0.5326607142857143,0.5327142857142857
1,0.0006782066041514987,0.0006907889459814344,0.540625,0.5415357142857142
2,0.0006777665324154354,0.0006904012795005526,0.5456726190476191,0.544
3,0.0006775569571625618,0.0006902543838535036,0.5515952380952381,0.5476428571428571
4,0.000677312294287341,0.0006900319520916257,0.553172619047619,0.5474642857142857
5,0.0006772249919318017,0.0006899908078568322,0.549172619047619,0.5427857142857143
6,0.0006771451316419101,0.0006899522457803999,0.5434761904761904,0.53825
7,0.0006774559563824109,0.0006901908687182835,0.5370297619047619,0.5326428571428572
8,0.0006773686302559717,0.0006900829055479595,0.5446309523809524,0.5395
9,0.0006775710962357975,0.0006904089131525584,0.5322678571428572,0.5267142857142857
10,0.0006778064221143723,0.0006906772745507104,0.5213035714285714,0.51525
11,0.0006777611449360848,0.0006906042588608605,0.5205892857142858,0.5140714285714286
12,0.0006779858097434044,0.0006908828573567526,0.5134583333333333,0.5101428571428571
13,0.0006778577686775299,0.0006908695591347558,0.5130416666666666,0.5096428571428572
14,0.0006784871163822355,0.0006914047343390329,0.5071904761904762,0.5049642857142858
15,0.0006786896902180854,0.0006916151578937258,0.506172619047619,0.504
16,0.000678556913066478,0.0006915541163512638,0.5063214285714286,0.5044642857142857
17,0.0006783616965015729,0.000691366793853896,0.506625,0.5045357142857143
18,0.0006792296242146265,0.0006922736827816282,0.5038095238095238,0.5015
19,0.0006794230182256018,0.0006923379961933408,0.5031666666666667,0.5010357142857143
