,loss/train,loss/valid,acc/train,acc/valid
0,0.0007786256562149714,0.000787009182430449,0.5218333333333334,0.5271904761904762
1,0.0007851468750408717,0.000795561310790834,0.5158015873015873,0.5187619047619048
2,0.0008004184299045139,0.0008077391726630075,0.5004047619047619,0.5065714285714286
3,0.0008025924227540455,0.0008098846077919007,0.4981904761904762,0.5043809523809524
4,0.0008019387930158585,0.0008098381048157102,0.4982142857142857,0.5044285714285714
5,0.0008017889474119459,0.0008098846077919007,0.4982063492063492,0.5043809523809524
6,0.0007903429804340241,0.0008014153440793355,0.5093015873015873,0.511095238095238
7,0.0008004315873933217,0.00080821050348736,0.4995952380952381,0.506095238095238
8,0.0007998428112930722,0.0008082541397639683,0.5001984126984127,0.5061428571428571
9,0.000772361175408439,0.0007801196035884675,0.5281904761904762,0.5332380952380953
10,0.0007819843367924766,0.000789377076285226,0.5181111111111111,0.5250952380952381
11,0.0007637249836846004,0.0007703328700292678,0.5371269841269841,0.5430952380952381
12,0.0008013456137407394,0.0008098890213739305,0.49865873015873013,0.5044285714285714
13,0.0008021942684574733,0.0008097541956674485,0.49843650793650796,0.5045238095238095
14,0.0007864668038156297,0.0007956203846704392,0.5143174603174603,0.5187142857142857
15,0.0007983128646063426,0.0008076498877434504,0.5014444444444445,0.5067619047619047
16,0.0007989607510112581,0.0008075099331992013,0.5022301587301587,0.5069047619047619
17,0.0007994727355147165,0.0008085796634356181,0.5007380952380952,0.5058095238095238
18,0.0008022953153602661,0.0008098381048157102,0.49833333333333335,0.5044285714285714
19,0.0008020111298750318,0.0008098846077919007,0.4983015873015873,0.5043809523809524
20,0.0008023340607446337,0.0008098846077919007,0.4982936507936508,0.5043809523809524
21,0.0008021687292863452,0.0008098846077919007,0.4983015873015873,0.5043809523809524
22,0.0008020033784328945,0.0008098846077919007,0.4983095238095238,0.5043809523809524
23,0.0008021687240827651,0.0008098846077919007,0.4983015873015873,0.5043809523809524
24,0.0008021609674370478,0.0008098381048157102,0.4983095238095238,0.5044285714285714
25,0.0008030238600950393,0.0008099292232876732,0.4983968253968254,0.5043809523809524
26,0.0008017605188347045,0.0008099761889094399,0.4983968253968254,0.5043333333333333
