,loss/train,loss/valid,acc/train,acc/valid
0,0.0005423389178892923,0.0005570222224508013,0.7433690476190477,0.7390952380952381
1,0.0005414850077931844,0.0005544042516322363,0.7457738095238096,0.7436904761904762
2,0.0005444089850736043,0.0005596042587643578,0.7407420634920635,0.7368333333333333
3,0.0007615748672258286,0.0007785875783080146,0.5265396825396825,0.5223095238095238
4,0.0005844924762135461,0.0005983599310829526,0.7159444444444445,0.7147619047619047
5,0.0005938137788621206,0.000606085547379085,0.7075476190476191,0.7059761904761904
6,0.0005772608856833171,0.0005918453747317904,0.7241547619047619,0.7206666666666667
7,0.0005727257011901765,0.0005874555437337785,0.7287777777777777,0.726547619047619
8,0.0005791607536966838,0.0005937245133377256,0.7218373015873016,0.7200714285714286
9,0.0006004286678064437,0.0006168958374432155,0.7005396825396826,0.6979761904761905
10,0.0006321915371550454,0.0006511429392156146,0.6681825396825397,0.662952380952381
11,0.0005835161951799242,0.0005994298330375126,0.71775,0.7143571428571428
12,0.000579311418154883,0.0005928830703099569,0.7221825396825396,0.7196666666666667
13,0.0005782388964342693,0.0005913897256056467,0.7233571428571428,0.7211666666666666
14,0.0005802784673278294,0.0005949557537124271,0.7210277777777778,0.719
15,0.0005792469025131256,0.0005930248555682954,0.7221626984126984,0.7195
16,0.0005795176561389651,0.0005957963750475929,0.7221071428571428,0.7196904761904762
