,loss/train,loss/valid,acc/train,acc/valid
0,0.0007205124007804054,0.0007323194869926998,0.4987202380952381,0.5005
1,0.0007220356013803255,0.0007339317756039755,0.4987202380952381,0.5005
2,0.000723721933506784,0.000735475921205112,0.4987202380952381,0.5005
3,0.0007259799156870161,0.000737613531095641,0.4987202380952381,0.5005
4,0.000727536216378212,0.0007390772359711783,0.4987202380952381,0.5005
5,0.0007293846646235102,0.0007410992447819028,0.4987202380952381,0.5005
6,0.0007301673906899633,0.0007418443539312907,0.4987202380952381,0.5005
7,0.0007296229806684312,0.000741335398384503,0.4987202380952381,0.5005
8,0.0007313747945285979,0.000743216410279274,0.4987202380952381,0.5005
9,0.0007318111604877881,0.0007431218815701348,0.4987202380952381,0.5005
10,0.0007325597696361088,0.0007445089178425925,0.4987202380952381,0.5005
11,0.0007336859937225069,0.000745381908757346,0.4987202380952381,0.5005
12,0.0007359274945088795,0.0007469784361975534,0.4987202380952381,0.5005
13,0.0007347508448930014,0.000746669522353581,0.4987202380952381,0.5005
14,0.0007348743450073968,0.0007469858399459294,0.4987202380952381,0.5005
15,0.000735109449497291,0.0007472277581691742,0.4987202380952381,0.5005
