,loss/train,loss/valid,acc/train,acc/valid
0,0.0007121604319129672,0.0007239113684211458,0.4987202380952381,0.5005
1,0.0007188120615624246,0.0007304847197873252,0.4987202380952381,0.5005
2,0.0007249396109864825,0.0007370446899107524,0.4987202380952381,0.5005
3,0.0007296305781319028,0.0007413560556513922,0.4987202380952381,0.5005
4,0.0007333392607314246,0.0007453501181943076,0.4987202380952381,0.5005
5,0.0007363944674531619,0.0007481292124305453,0.4987202380952381,0.5005
6,0.0007393452691889944,0.0007511284691946847,0.4987202380952381,0.5005
7,0.0007397597425040745,0.0007520740223782404,0.4987202380952381,0.5005
8,0.0007447118890427408,0.0007566110300166266,0.4987202380952381,0.5005
9,0.0007430909868507158,0.0007550213571105685,0.4987202380952381,0.5005
10,0.0007463180011227017,0.0007580476232937404,0.4987202380952381,0.5005
11,0.0007460178115538188,0.000758256448166711,0.4987202380952381,0.5005
12,0.0007456983789092018,0.0007580734150750296,0.4987202380952381,0.5005
13,0.0007489555027513277,0.0007608926338808878,0.4987202380952381,0.5005
14,0.0007488941383503732,0.0007606965005397797,0.4987202380952381,0.5005
15,0.0007481329022418885,0.0007599931742463793,0.4987202380952381,0.5005
