,loss/train,loss/valid,acc/train,acc/valid
0,0.00065982690737361,0.0006697494323764529,0.6390595238095238,0.6414285714285715
1,0.0006815315201168969,0.0006919442691973277,0.619297619047619,0.6208214285714285
2,0.0007040414905973843,0.0007135324712310518,0.5956666666666667,0.5985357142857143
3,0.0007757191267751512,0.0007882792587791171,0.5227440476190476,0.52375
4,0.0006819235827951204,0.0006922502794436046,0.619172619047619,0.6206428571428572
5,0.0006502774964485849,0.0006602251103946141,0.6511011904761905,0.6530714285714285
6,0.0006829979150068192,0.0006936451877866472,0.618625,0.6193571428571428
7,0.0006765343099832535,0.0006859022804668972,0.6240892857142857,0.6275
8,0.0006847717801020259,0.0006942524526800428,0.6160595238095238,0.61875
9,0.0006843477696889923,0.0006938405952283314,0.6161785714285715,0.6188571428571429
10,0.0006795294703472229,0.0006895142197608948,0.6212083333333334,0.62325
11,0.0006751198839573633,0.0006857593974896839,0.6256547619047619,0.6265714285714286
12,0.0006511336068312328,0.0006615107357501983,0.6505059523809524,0.6518214285714286
13,0.0006674603798559734,0.0006770165456192834,0.6337202380952381,0.6365
14,0.0007414761210481326,0.0007521516659430096,0.5579404761904762,0.5603571428571429
15,0.0007849613403280577,0.000789411934358733,0.5139464285714286,0.5231428571428571
16,0.0007942611379992394,0.0008058836417538779,0.5046726190476191,0.50675
17,0.0008000700548291207,0.0008126780497176307,0.49863690476190475,0.5003928571428572
18,0.0008165867261233784,0.0008291737926857812,0.4825833333333333,0.4835714285714286
19,0.0007993199793355806,0.0008111523581402643,0.49949404761904764,0.5020357142857143
20,0.0008004966016326632,0.0008125385514327458,0.49873214285714285,0.5005357142857143
