,loss/train,loss/valid,acc/train,acc/valid
0,0.0006993585615640594,0.0007123711194310869,0.5009940476190476,0.49907142857142855
1,0.0006982248989599091,0.0007112480252981186,0.5009345238095239,0.499
2,0.0006984157803512755,0.0007113856226205826,0.5010059523809524,0.4989642857142857
3,0.0006978567121993927,0.0007109252938202449,0.5009166666666667,0.49889285714285714
4,0.0006954385808535984,0.0007085636407136917,0.5006071428571428,0.4988214285714286
5,0.0006987148558809643,0.0007115736497300012,0.500922619047619,0.49885714285714283
6,0.0006970033347606659,0.0007101018513951982,0.500827380952381,0.49885714285714283
7,0.0006981246627512433,0.0007113199702330998,0.5009880952380953,0.49892857142857144
8,0.000697145561731997,0.0007100544486727034,0.5008154761904762,0.49889285714285714
9,0.0006996043047734669,0.000712408708674567,0.5011130952380952,0.4992142857142857
10,0.0006959679353804815,0.0007091376909187861,0.5008571428571429,0.49889285714285714
11,0.0006999225364554496,0.0007131703815289906,0.501,0.49907142857142855
12,0.000697599623529684,0.0007104227713176182,0.5009285714285714,0.4989642857142857
13,0.0006926865528027217,0.0007056321097271783,0.5000892857142857,0.49785714285714283
14,0.0006955563873052598,0.0007084847560950688,0.5006547619047619,0.49875
15,0.0006948783337360337,0.0007077981297458921,0.5006607142857142,0.4987142857142857
16,0.0006958171941694759,0.0007086941429546901,0.5006964285714286,0.4987857142857143
17,0.0006958733878674961,0.0007085367015429905,0.5008154761904762,0.49885714285714283
18,0.0006953755585210663,0.0007082294097968511,0.5006904761904762,0.4987142857142857
19,0.0006951645346624511,0.000707911159311022,0.5007559523809524,0.4987857142857143
20,0.000695478214039689,0.0007083671518734523,0.5006845238095238,0.49864285714285717
21,0.0006950100859006246,0.0007077803462743759,0.5006369047619048,0.4985357142857143
22,0.0006959794922953561,0.0007091536670923233,0.5008869047619048,0.49889285714285714
23,0.0006957002537591116,0.0007089019077164787,0.5008095238095238,0.4987142857142857
24,0.0006951720412997972,0.0007080821927104678,0.5008214285714285,0.4988214285714286
25,0.000696760373810927,0.000709628843835422,0.5009523809523809,0.49892857142857144
26,0.0006957331938402993,0.0007087996240173068,0.5007976190476191,0.49885714285714283
27,0.0006947870588018781,0.0007075672405106681,0.5007202380952381,0.4986785714285714
28,0.0006960381730681374,0.0007090307303837367,0.5008392857142857,0.49875
