,loss/train,loss/valid,acc/train,acc/valid
0,0.0003454328087114152,0.0003494476271527154,0.4860833333333333,0.4878571428571429
1,0.0003451417262355487,0.00034910425330911363,0.4977142857142857,0.4998214285714286
2,0.0003447764271071979,0.0003486458574022566,0.49891071428571426,0.5001071428571429
3,0.00034433648061184654,0.0003483405581542424,0.4988214285714286,0.5005714285714286
4,0.0003447586556985265,0.0003485584131308964,0.49876190476190474,0.5005357142857143
5,0.00034489653365952626,0.00034876368727002825,0.49876785714285715,0.5005357142857143
6,0.0003453241302853539,0.00034911381559712544,0.49876190476190474,0.5005357142857143
7,0.0003455424571321124,0.0003493229384933199,0.4987738095238095,0.5005357142857143
8,0.00034539516270160677,0.00034928469785622186,0.49876190476190474,0.5005357142857143
9,0.00034580388133014954,0.00034954238150800975,0.49876190476190474,0.5005357142857143
10,0.00034629565512850173,0.00035023743765694756,0.4987797619047619,0.5005
11,0.0003471436699231466,0.00035112738396440233,0.4987857142857143,0.5005
12,0.00034836069423527943,0.0003519112574202674,0.4987738095238095,0.5005357142857143
13,0.00034898134569327034,0.00035238417983055113,0.49876190476190474,0.5005357142857143
14,0.0003489656579636392,0.00035259735797132767,0.49876785714285715,0.5005357142857143
15,0.00034956899001484823,0.00035305496411664145,0.4987738095238095,0.5005357142857143
16,0.00034875152224586126,0.00035287431946822573,0.49876785714285715,0.5005357142857143
17,0.00034985835069701785,0.00035329699729170117,0.4987738095238095,0.5005357142857143
18,0.0003499858904452551,0.0003536647685936519,0.4987738095238095,0.5005357142857143
