,loss/train,loss/valid,acc/train,acc/valid
0,0.0007977507242134639,0.0008139494700091226,0.5012797619047619,0.4995
1,0.0007973147527802558,0.0008139494700091226,0.5012797619047619,0.4995
2,0.0007972275596998987,0.0008139494700091226,0.5012797619047619,0.4995
3,0.0007968787909263656,0.0008139494700091226,0.5012797619047619,0.4995
4,0.000797053174603553,0.0008139494700091226,0.5012797619047619,0.4995
5,0.0007968787887976283,0.0008139494700091226,0.5012797619047619,0.4995
6,0.0007978379169390315,0.0008139494700091226,0.5012797619047619,0.4995
7,0.0007977507213751475,0.0008139494700091226,0.5012797619047619,0.4995
8,0.0007967915999747458,0.0008139494700091226,0.5012797619047619,0.4995
9,0.000797314754199414,0.0008139494700091226,0.5012797619047619,0.4995
10,0.0007973147556185722,0.0008139494700091226,0.5012797619047619,0.4995
11,0.0007983610740020161,0.0008139494700091226,0.5012797619047619,0.4995
12,0.000797140369457858,0.0008139494700091226,0.5012797619047619,0.4995
13,0.0007978379130363464,0.0008139494700091226,0.5012797619047619,0.4995
14,0.0007977507167628833,0.0008139494700091226,0.5012797619047619,0.4995
15,0.0007974019423127174,0.0008139494700091226,0.5012797619047619,0.4995
16,0.0007974891378766015,0.0008139494700091226,0.5012797619047619,0.4995
17,0.0007971403669743311,0.0008139494700091226,0.5012797619047619,0.4995
18,0.0007974891321999686,0.0008139494700091226,0.5012797619047619,0.4995
19,0.000797227557925951,0.0008139494700091226,0.5012797619047619,0.4995
20,0.0007980122967135338,0.0008139494700091226,0.5012797619047619,0.4995
21,0.0007974891439080238,0.0008139494700091226,0.5012797619047619,0.4995
22,0.0007977507199559893,0.0008139494700091226,0.5012797619047619,0.4995
23,0.0007973147552637826,0.0008139494700091226,0.5012797619047619,0.4995
24,0.0007976635300687381,0.0008139494700091226,0.5012797619047619,0.4995
25,0.0007980123006162189,0.0008139494700091226,0.5012797619047619,0.4995
26,0.0007974891431984447,0.0008139494700091226,0.5012797619047619,0.4995
