,loss/train,loss/valid,acc/train,acc/valid
0,0.0006821362518128895,0.0006941629222461155,0.5131904761904762,0.5173928571428571
1,0.0006815689809265591,0.0006935978638274329,0.5160119047619047,0.5196785714285714
2,0.0006829749750239508,0.0006949191497904913,0.5130357142857143,0.5155
3,0.0006843527044568743,0.0006962407380342484,0.5089107142857143,0.5111428571428571
4,0.000686459373150553,0.0006983556598424912,0.5041547619047619,0.5056071428571428
5,0.0006878679486967269,0.0006996430924960546,0.5028988095238095,0.5044285714285714
6,0.0006875757763073558,0.0006992464853184564,0.5033630952380952,0.5051428571428571
7,0.0006890129794677099,0.0007008479578154427,0.5018095238095238,0.5030714285714286
8,0.0006887360339363416,0.0007004507333040238,0.5022023809523809,0.5033928571428572
9,0.0006901172452739307,0.0007019801224981035,0.5008571428571429,0.5024642857142857
10,0.000691269750041621,0.000703036123088428,0.5003571428571428,0.5020357142857143
11,0.0006938050243826139,0.0007055359674351556,0.4995297619047619,0.5012142857142857
12,0.0006945083865097591,0.000706273404615266,0.4991904761904762,0.5010714285714286
13,0.000695508772063823,0.0007070083320140838,0.49910714285714286,0.5009285714285714
14,0.0006963750847748348,0.000708228485924857,0.49891071428571426,0.5007142857142857
15,0.0006958983246059645,0.0007076192562069212,0.49892857142857144,0.50075
16,0.0006980924975304376,0.0007099226989916393,0.4987916666666667,0.5006071428571428
