,loss/train,loss/valid,acc/train,acc/valid
0,0.00029375552776313965,0.0002968366060938154,0.7120297619047619,0.7133214285714286
1,0.0002943418923588026,0.00029730789363384245,0.7138630952380952,0.7148214285714286
2,0.0002958511390856334,0.0002982794429574694,0.7123511904761904,0.71425
3,0.00030689491367056254,0.00031073015076773505,0.688970238095238,0.6877857142857143
4,0.0003066192680881137,0.00030832664242812566,0.6926309523809524,0.6958214285714286
5,0.00030676633296977906,0.0003095584682055882,0.6916071428571429,0.6930714285714286
6,0.00029545524751856215,0.0002976744898727962,0.7147976190476191,0.7170357142857143
7,0.0002969261088541576,0.0002996373155287334,0.7130714285714286,0.7135
8,0.00029729829941477096,0.0003009216636419296,0.710952380952381,0.7106785714285714
9,0.0003065581839709055,0.0003102377291236605,0.6926369047619048,0.6926785714285715
10,0.00030710966140031816,0.00031059454381465913,0.6908511904761905,0.6916428571428571
11,0.0003243920480211576,0.00032764973384993417,0.6576666666666666,0.6576785714285714
12,0.00032220710601125444,0.0003241113977772849,0.6632738095238095,0.66475
13,0.0003220506395612444,0.0003259641847440175,0.6606369047619047,0.6609285714285714
14,0.00031104525781813124,0.0003141032840524401,0.683422619047619,0.6846428571428571
15,0.00031375472602390106,0.00031728827101843696,0.6787142857142857,0.6784285714285714
16,0.0003055947958713486,0.00030929497948714666,0.6941547619047619,0.6943928571428571
17,0.00029905522543759573,0.00030223141610622405,0.7086130952380952,0.7084285714285714
18,0.00029991505862701507,0.00030402090081146785,0.706375,0.7049285714285715
19,0.00032081478231009983,0.00032397562052522387,0.6637916666666667,0.665
20,0.00029621415904590063,0.0002989577395575387,0.7139642857142857,0.7150714285714286
21,0.000312435178174859,0.0003151753949267524,0.6815,0.6826071428571429
