,loss/train,loss/valid,acc/train,acc/valid
0,0.0006833853778384981,0.0006958201399871281,0.5089523809523809,0.5106071428571428
1,0.0006928886384481476,0.0007046611734798976,0.49939285714285714,0.501
2,0.0006956421239745049,0.0007071881230388369,0.49902380952380954,0.5008571428571429
3,0.0006976489190544401,0.0007090290061065129,0.49885714285714283,0.5007857142857143
4,0.0006940268217807725,0.0007055231290204185,0.5000714285714286,0.5018928571428571
5,0.0006887133156969434,0.000700547422681536,0.5036071428571428,0.5054642857142857
6,0.0006871131860784122,0.0006986848648105349,0.5077142857142857,0.51025
7,0.0006939092750350634,0.0007056487883840289,0.5036666666666667,0.5060714285714286
8,0.0006966372898646764,0.000708251770053591,0.5032321428571429,0.5054642857142857
9,0.000695142567512535,0.000706553897687367,0.5054642857142857,0.5082142857142857
10,0.0006958211330430848,0.000707349289740835,0.5060535714285714,0.5086785714285714
11,0.0006945957662094207,0.0007057493243898664,0.5090059523809524,0.5116071428571428
12,0.0006961036391911052,0.0007074347542864936,0.5093869047619047,0.5117857142857143
13,0.0006906283664561454,0.0007023222957338606,0.5148333333333334,0.5171785714285714
14,0.0006883201265618915,0.0007001164491687502,0.5196428571428572,0.5208214285714285
15,0.0006913592251283782,0.0007030988037586212,0.5176785714285714,0.5194285714285715
