,loss/train,loss/valid,acc/train,acc/valid
0,0.0006972777165827297,0.000709052364741053,0.505702380952381,0.50725
1,0.0007044664167222522,0.0007162242893661772,0.5016607142857142,0.5028571428571429
2,0.0007128527164459228,0.0007242350216422762,0.49949404761904764,0.5011785714285715
3,0.0007155907569187028,0.0007275786080530712,0.4991904761904762,0.5008214285714285
4,0.0007209522372909954,0.0007324416275535311,0.49899404761904764,0.5006071428571428
5,0.0007251337525390443,0.0007371616597686495,0.4988214285714286,0.5005357142857143
6,0.0007273240263263385,0.0007393845341035298,0.49876190476190474,0.5005357142857143
7,0.0007266913858197984,0.0007389660051890782,0.4987797619047619,0.5005357142857143
8,0.0007267081414659818,0.0007387880448784147,0.4987857142857143,0.5005
9,0.0007300235795832815,0.0007420520739895957,0.49873809523809526,0.5005
10,0.0007308898859080815,0.000742784497993333,0.49875,0.5005
11,0.0007311631909438542,0.0007429475486278534,0.49873809523809526,0.5005
12,0.000731146687198253,0.0007429975718259811,0.4987440476190476,0.5005
13,0.0007314283954245704,0.0007433520832232066,0.49875,0.5005
14,0.0007314897697596323,0.0007430751238550458,0.49875,0.5004642857142857
15,0.0007334897876495407,0.0007454224612031664,0.4987440476190476,0.5005
