,loss/train,loss/valid,acc/train,acc/valid
0,0.0006916652059271222,0.0007043206585305077,0.4988035714285714,0.5004642857142857
1,0.0006931338225092206,0.000705604606441089,0.49876190476190474,0.5005714285714286
2,0.0006929634738536109,0.0007053891611950738,0.49876190476190474,0.5006428571428572
3,0.0006932611227745102,0.0007058631607464381,0.49873214285714285,0.5005357142857143
4,0.0006945272914710499,0.0007067563810518809,0.4987440476190476,0.5005357142857143
5,0.0006935981242429642,0.0007062287500926427,0.4987261904761905,0.5005357142857143
6,0.0006938491378511701,0.0007064242937735148,0.4987261904761905,0.5005
7,0.0006934175310390336,0.0007059398016759327,0.4987261904761905,0.5005
8,0.0006947299061076981,0.000707281898174967,0.4987261904761905,0.5005
9,0.000695756834887323,0.0007078590116330555,0.4987261904761905,0.5005
10,0.0006956550134789376,0.0007081307406936373,0.4987261904761905,0.5005
11,0.0006946575038489841,0.0007071548381022045,0.4987261904761905,0.5005
12,0.0006949487949411074,0.0007075545915535518,0.4987261904761905,0.5005
13,0.0006946877038904598,0.0007071031395878111,0.4987202380952381,0.5005
14,0.0006950796008819626,0.0007075617355959756,0.4987202380952381,0.5005
15,0.0006948265007564,0.0007073217013052531,0.4987202380952381,0.5005
