,loss/train,loss/valid,acc/train,acc/valid
0,0.0007064659283274696,0.0007190808951854705,0.4987202380952381,0.5005
1,0.0007081057549942107,0.0007208347469568252,0.4987202380952381,0.5005
2,0.0007106665461545899,0.000723087585398129,0.4987202380952381,0.5005
3,0.0007144757502135777,0.0007269840793950217,0.4987202380952381,0.5005
4,0.000716877063825017,0.00072909229355199,0.4987202380952381,0.5005
5,0.0007190372798414458,0.00073139930835792,0.4987202380952381,0.5005
6,0.0007180305634226118,0.0007302808442286083,0.4987202380952381,0.5005
7,0.0007177004193266233,0.0007302264613764627,0.4987202380952381,0.5005
8,0.000719908343894141,0.000732681223324367,0.4987202380952381,0.5005
9,0.000720243364572525,0.0007326265530926841,0.4987202380952381,0.5005
10,0.0007208414166456177,0.000733340214405741,0.4987202380952381,0.5005
11,0.0007218025071280343,0.0007343451657465526,0.4987202380952381,0.5005
12,0.0007228051097620101,0.0007350643830639975,0.4987202380952381,0.5005
13,0.0007234198812927519,0.0007358126470020839,0.4987202380952381,0.5005
14,0.000722646897037824,0.0007351794008697782,0.4987202380952381,0.5005
15,0.0007235745191574097,0.0007357239850929805,0.4987202380952381,0.5005
