,loss/train,loss/valid,acc/train,acc/valid
0,0.0007194474360772542,0.0007336852529219219,0.5012797619047619,0.4995
1,0.0007081019594555809,0.0007220073427472795,0.5012797619047619,0.4995
2,0.0006911037106599126,0.0007045686777148928,0.5011904761904762,0.4995
3,0.0006787688863419351,0.0006914949651275362,0.5082738095238095,0.5066071428571428
4,0.000675463940061274,0.0006878612041473389,0.5492976190476191,0.5482142857142858
5,0.0006748917691764378,0.0006872503076280867,0.5601428571428572,0.5563214285714285
6,0.0006753758078529721,0.0006876731621367591,0.5498988095238095,0.5492142857142858
7,0.0006760131425800778,0.0006882115474769047,0.5393095238095238,0.5402857142857143
8,0.0006751526079717137,0.0006874105334281921,0.5493333333333333,0.5481428571428572
9,0.0006778714372998192,0.000689897494656699,0.5212916666666667,0.5211071428571429
10,0.0006794520421397118,0.0006914948225021362,0.5120178571428572,0.51325
11,0.0006824750999609629,0.0006943640921797072,0.5036071428571428,0.5051785714285715
12,0.0006837495143214861,0.0006956584709031242,0.5015714285714286,0.5033214285714286
13,0.0006857821852678344,0.0006976650697844369,0.5000357142857143,0.5022857142857143
14,0.000686331094730468,0.0006983536588294166,0.49976785714285715,0.502
15,0.0006886477101416815,0.0007005213711942946,0.4992738095238095,0.5011071428571429
16,0.000686799080598922,0.0006986149719783239,0.49981547619047617,0.5019285714285714
17,0.0006883916060129801,0.0007001455809388842,0.4993869047619048,0.5012857142857143
18,0.0006892908737063407,0.0007010320467608315,0.4991488095238095,0.5008214285714285
19,0.0006898284579316775,0.00070165040237563,0.4990297619047619,0.5008214285714285
20,0.0006918719751494272,0.0007035123131104878,0.49889285714285714,0.5005714285714286
