,loss/train,loss/valid,acc/train,acc/valid
0,0.0007992331846838906,0.0008117792797940118,0.49957738095238097,0.50125
1,0.0007936806199806077,0.000802845401423318,0.5054940476190476,0.5105714285714286
2,0.0008005990215710231,0.0008125734180212021,0.4987202380952381,0.5005
3,0.0007996399026541483,0.0008125734180212021,0.4987202380952381,0.5005
4,0.0007999014822500092,0.0008125734180212021,0.4987202380952381,0.5005
5,0.0008000816777348519,0.0008125734180212021,0.4987142857142857,0.5005
6,0.0007978379126815569,0.0008139494700091226,0.5012797619047619,0.4995
7,0.0007974077555395308,0.0008139843472412654,0.5012738095238095,0.4994642857142857
8,0.0007970589846372604,0.0008139843472412654,0.5012738095238095,0.4994642857142857
9,0.0007974135666376068,0.0008139494700091226,0.5012678571428572,0.4995
10,0.0007976635258112634,0.0008139843472412654,0.5012797619047619,0.4994642857142857
11,0.0007974019518920353,0.0008139494700091226,0.5012797619047619,0.4995
12,0.0007977507224395162,0.0008139494700091226,0.5012797619047619,0.4995
13,0.0007975821456029301,0.0008139843472412654,0.5012738095238095,0.4994642857142857
14,0.0007971461897804624,0.0008139494700091226,0.5012738095238095,0.4995
15,0.0007973205663618587,0.0008139843472412654,0.5012738095238095,0.4994642857142857
16,0.0007970491853498277,0.0008139494700091226,0.5012857142857143,0.4995
