,loss/train,loss/valid,acc/train,acc/valid
0,0.0006914707262601172,0.0007032990200178964,0.4976785714285714,0.5006071428571428
1,0.0006894396614460718,0.0007011521969522748,0.5099464285714286,0.5107142857142857
2,0.0006894457911451658,0.0007016369785581316,0.5188154761904762,0.5154285714285715
3,0.0006944714039564132,0.0007069582683699472,0.5132797619047619,0.5126071428571428
4,0.0006975815647414752,0.0007100119824920382,0.5106130952380953,0.5105
5,0.0006991079680266835,0.0007119015966142927,0.5090238095238095,0.5091071428571429
6,0.0007011437944713093,0.0007135783029454095,0.5079642857142858,0.5077142857142857
7,0.0007012373946961903,0.000713685616850853,0.5077559523809524,0.5078214285714285
8,0.0007004721256948653,0.0007131399107830865,0.5076607142857142,0.5073928571428571
9,0.0007047218336235909,0.0007172646543809345,0.5054702380952381,0.5053214285714286
10,0.000704891317657062,0.0007177432009152003,0.5048511904761904,0.505
11,0.00070681879562991,0.0007196078194039208,0.5045059523809524,0.5050357142857143
12,0.0007049836707966669,0.0007177729138306209,0.5049345238095239,0.50575
13,0.0007041104074035372,0.0007169777154922485,0.504922619047619,0.5057857142857143
14,0.0007055466309899375,0.0007181719946009772,0.50425,0.5049642857142858
15,0.0007059371673635074,0.0007188526839017868,0.5040238095238095,0.5046785714285714
16,0.0007050874176479521,0.0007177316610302244,0.5045,0.5050714285714286
