,loss/train,loss/valid,acc/train,acc/valid
0,0.0006953702923797425,0.0007072583373103823,0.4990654761904762,0.501
1,0.0006948149569687389,0.0007067121011870248,0.4991309523809524,0.5011071428571429
2,0.0006945790534927731,0.0007065528609922954,0.4991309523809524,0.5010357142857143
3,0.0006961207918467976,0.0007079874596425466,0.49905357142857143,0.5009642857142858
4,0.0006968637037844885,0.000708798342517444,0.49897619047619046,0.5009642857142858
5,0.0006962922999546641,0.0007082258952515466,0.49902380952380954,0.5009642857142858
6,0.0006978592439776375,0.0007097250712769372,0.49889285714285714,0.5008214285714285
7,0.0006986124795817193,0.0007106399578707559,0.4988511904761905,0.5007142857142857
8,0.000701089706094492,0.0007128210578645979,0.49886309523809524,0.5005357142857143
9,0.0007004963638527052,0.0007121585926839284,0.4988690476190476,0.5005
10,0.000697967542778878,0.0007100135002817427,0.4989345238095238,0.5009285714285714
11,0.0007009011106122108,0.0007125816345214844,0.49883333333333335,0.5004642857142857
12,0.0007015677115746907,0.0007136334436280387,0.49881547619047617,0.5004642857142857
13,0.0007022768191638447,0.0007143495359591076,0.49882738095238094,0.5005
14,0.0007041899831522079,0.0007162407253469739,0.4987857142857143,0.5004285714285714
15,0.0007029013729521206,0.0007151505414928708,0.4988214285714286,0.5005
16,0.0007020885969201724,0.0007143539147717612,0.49881547619047617,0.5004642857142857
17,0.0007039930518893968,0.0007160426101514272,0.4987857142857143,0.5004285714285714
