,loss/train,loss/valid,acc/train,acc/valid
0,0.0006868264139408157,0.000698386407324246,0.5010714285714286,0.5057857142857143
1,0.0006830607730717886,0.0006942814247948782,0.5183869047619047,0.5248571428571429
2,0.0006817997477593876,0.0006928383260965347,0.5283452380952381,0.5340714285714285
3,0.0006811940609699204,0.0006918478629418782,0.5328690476190476,0.5371785714285714
4,0.0006797372819412322,0.0006906591334513256,0.5354821428571429,0.5408571428571428
5,0.0006819805339688346,0.0006926081478595734,0.53,0.5338571428571428
6,0.0006833216778579212,0.0006939915695360728,0.5261428571428571,0.5287142857142857
7,0.0006823251850548244,0.0006930466230426515,0.5274880952380953,0.5288214285714286
8,0.0006829075504626547,0.0006935730150767736,0.5259464285714286,0.5264642857142857
9,0.0006859978008128348,0.0006963488289288112,0.5203988095238096,0.5214642857142857
10,0.0006857068982152712,0.0006965293224368776,0.5201071428571429,0.5214642857142857
11,0.0006872643253632954,0.0006977515348366329,0.5181964285714286,0.5198214285714285
12,0.0006865507059154056,0.0006969534690890993,0.518327380952381,0.52
13,0.0006870049291423389,0.0006974425762891769,0.5182738095238095,0.5198928571428572
14,0.0006885962127929642,0.00069915728696755,0.5156785714285714,0.5175714285714286
15,0.0006861746396337237,0.0006968156205756324,0.5188214285714285,0.5198571428571429
16,0.0006861204274353527,0.000696636717234339,0.5193095238095238,0.5201785714285714
17,0.0006870057103889329,0.0006974756270647049,0.518327380952381,0.5194285714285715
18,0.0006874798589519092,0.0006982955975191933,0.5173928571428571,0.5188571428571429
19,0.0006888588326317924,0.0006995299735239574,0.5163392857142857,0.5178214285714285
