,loss/train,loss/valid,acc/train,acc/valid
0,0.000681472724037511,0.0006939545422792434,0.5130357142857143,0.5146428571428572
1,0.000680647920639742,0.0006928691736289433,0.5274940476190476,0.5303928571428571
2,0.0006836935185960361,0.0006957268629755293,0.518375,0.5187857142857143
3,0.000694060623290993,0.0007059882985694068,0.5024761904761905,0.50275
4,0.0007048924444686799,0.0007161815145186015,0.49955357142857143,0.5010714285714286
5,0.0007106260494107292,0.0007224544371877398,0.4989702380952381,0.50075
6,0.0007166121062778291,0.0007283126818282263,0.49876785714285715,0.5006428571428572
7,0.0007167019627633549,0.0007286545059510639,0.4987797619047619,0.5006428571428572
8,0.0007166667183240255,0.0007282871923276356,0.49882738095238094,0.5006428571428572
9,0.0007187826172226951,0.0007308377091373716,0.49876190476190474,0.5006071428571428
10,0.0007210933168729146,0.0007327348738908767,0.4987559523809524,0.5005
11,0.0007292529560980343,0.0007410112768411637,0.4987202380952381,0.5005
12,0.0007283083001772563,0.0007404307041849409,0.4987261904761905,0.5005
13,0.0007302781166065306,0.0007420606740883419,0.4987202380952381,0.5005
14,0.0007321780739086015,0.0007436729456697192,0.4987202380952381,0.5005
15,0.0007274612145764487,0.0007392779099089758,0.4987261904761905,0.5005
16,0.0007317254823588189,0.0007435653401272638,0.4987202380952381,0.5005
