,loss/train,loss/valid,acc/train,acc/valid
0,0.00028617122166213536,0.0002891695329121181,0.7189761904761904,0.7201428571428572
1,0.00028401360873665126,0.000286600723862648,0.7246607142857143,0.7274285714285714
2,0.00028179919045595895,0.0002846012221915381,0.7276964285714286,0.7282857142857143
3,0.00029450199965919767,0.0002988596494708742,0.7147976190476191,0.713
4,0.00028889695838803334,0.0002913056548152651,0.7243511904761905,0.7258571428571429
5,0.00029846436104604177,0.00030181823032242913,0.7077142857142857,0.7079285714285715
6,0.000294774605404763,0.00029801782965660094,0.7138154761904761,0.71375
7,0.0003150830655580475,0.00031792880807604107,0.6736904761904762,0.6738214285714286
8,0.0002917522337465059,0.000293985515832901,0.7175892857142857,0.7202142857142857
9,0.0002883269836505254,0.00029265200878892625,0.7260059523809523,0.7243928571428572
10,0.00030832446543943315,0.00031004057824611666,0.6849880952380952,0.6898571428571428
11,0.00035315104041780745,0.0003555624932050705,0.5982142857142857,0.6018928571428571
12,0.00029763373022987727,0.0003002988610948835,0.7096488095238095,0.7121428571428572
13,0.00029472896527676354,0.00029612709368978226,0.7166071428571429,0.72025
14,0.0002924563040335973,0.0002957057761294501,0.7208869047619048,0.7211785714285714
15,0.0002944045900588944,0.00029608696486268724,0.7167202380952381,0.7203928571428572
16,0.00029225469132264457,0.00029599515880857194,0.7207857142857143,0.72075
17,0.00032805720432883215,0.0003292635977268219,0.649547619047619,0.6544285714285715
