,loss/train,loss/valid,acc/train,acc/valid
0,0.0006940782474620002,0.0007063370836632593,0.5030238095238095,0.5037857142857143
1,0.0007280682928505398,0.0007406764967100961,0.4987202380952381,0.5005357142857143
2,0.0007411234815205847,0.0007534317289079939,0.4987202380952381,0.5005
3,0.0007405025355872654,0.0007530217085565839,0.4987202380952381,0.5005
4,0.0007310627436354047,0.0007429267615079879,0.4987202380952381,0.5005
5,0.0007338983214327268,0.0007459418858800615,0.4987202380952381,0.5005
6,0.0007303966596013024,0.000742474513394492,0.4987202380952381,0.5005
7,0.0007286506220698357,0.0007406098800046103,0.4987202380952381,0.5005
8,0.0007274481703837712,0.0007401604780129024,0.4987202380952381,0.5005
9,0.0007269896620086261,0.0007390667157513755,0.4987202380952381,0.5005
10,0.0007216084485962278,0.0007340233219521387,0.4987261904761905,0.5005
11,0.0007227643824049405,0.0007351530428443636,0.4987202380952381,0.5005
12,0.0007171432283662614,0.000728956863284111,0.4987440476190476,0.5005
13,0.0007127139905378932,0.0007246416019541877,0.49875,0.5005
14,0.0007119284360891297,0.0007239493003913334,0.4987440476190476,0.5005
15,0.0007122575821621077,0.0007241417063134057,0.4987440476190476,0.5005
