,loss/train,loss/valid,acc/train,acc/valid
0,0.0006783088339226587,0.0006905276817934854,0.5312142857142857,0.53475
1,0.0006787894641359648,0.0006908975626741137,0.5284047619047619,0.5323571428571429
2,0.0006788594261521385,0.0006909146351473673,0.5284642857142857,0.5312142857142857
3,0.0006795730672421909,0.0006917835282427923,0.5229940476190477,0.5285714285714286
4,0.0006809331835025832,0.000692988966192518,0.516172619047619,0.5208928571428572
5,0.0006802485936454365,0.0006923621467181615,0.5194404761904762,0.5236785714285714
6,0.0006805421518427986,0.0006925684490374156,0.5186726190476191,0.5231785714285714
7,0.0006809758646857171,0.0006930802868945258,0.5159940476190477,0.52075
8,0.0006808314788199607,0.0006929199951035636,0.5167083333333333,0.5207857142857143
9,0.0006815425867126102,0.0006937423752886909,0.5133690476190477,0.5171428571428571
10,0.0006815931080352692,0.0006936644251857485,0.5137380952380952,0.5178928571428572
11,0.0006817301710446675,0.0006938939307417188,0.5122142857142857,0.5148214285714285
12,0.0006829160991169157,0.0006950356257813317,0.5083392857142857,0.5099642857142858
13,0.000682451952071417,0.0006946958771773747,0.5089761904761905,0.51125
14,0.0006825999025078047,0.0006947436119828905,0.5082202380952381,0.51025
15,0.0006826146127922194,0.0006947462196860995,0.5082321428571429,0.50975
