,loss/train,loss/valid,acc/train,acc/valid
0,0.000738974915373893,0.0007506710993392127,0.4987202380952381,0.5005
1,0.000746710244743597,0.0007584554531744548,0.4987202380952381,0.5005
2,0.0007520888830934252,0.0007639938167163304,0.4987202380952381,0.5005
3,0.0007569405202354704,0.0007689549050160817,0.4987202380952381,0.5005
4,0.000759350757868517,0.000771519130894116,0.4987202380952381,0.5005
5,0.0007626019677235967,0.0007741580541644777,0.4987202380952381,0.5005
6,0.0007651228720233554,0.0007774169721773693,0.4987202380952381,0.5005
7,0.0007673059581291108,0.0007794459760189056,0.4987202380952381,0.5005
8,0.0007696785444305057,0.0007813698457820074,0.4987202380952381,0.5005
9,0.0007714865686638014,0.0007835602653878075,0.4987202380952381,0.5005
10,0.0007719221210905484,0.0007845469500337328,0.4987202380952381,0.5005
11,0.0007726157981724966,0.0007849514441830771,0.4987202380952381,0.5005
12,0.0007733859920075961,0.0007859990426472255,0.4987202380952381,0.5005
13,0.0007747219797401201,0.0007869881221226284,0.4987202380952381,0.5005
14,0.0007761486389097713,0.0007884906956127711,0.4987202380952381,0.5005
15,0.0007762239160282272,0.0007881707038198198,0.4987202380952381,0.5005
