,loss/train,loss/valid,acc/train,acc/valid
0,0.0006474755126095953,0.0006595825169767652,0.651327380952381,0.6501428571428571
1,0.0006810835646021934,0.0006908571613686425,0.619827380952381,0.6216428571428572
2,0.0006490803133873713,0.000660324969461986,0.652172619047619,0.6521071428571429
3,0.0006492727303079196,0.000660324969461986,0.6521607142857143,0.6521071428571429
4,0.0006807770782283375,0.0006908299390758787,0.6198988095238095,0.6218928571428571
5,0.0006806040580073992,0.0006908298283815384,0.6198988095238095,0.6218928571428571
6,0.0006639797797515279,0.0006722561504159655,0.6365654761904762,0.6394285714285715
7,0.0006494235889542671,0.0006603244266339711,0.652172619047619,0.6521071428571429
8,0.0006718600690364838,0.0006798006040709359,0.6288452380952381,0.6328571428571429
9,0.0006781732315818469,0.0006886280072586877,0.6227678571428571,0.6241071428571429
10,0.0007705817878955886,0.0007842440860612052,0.5283511904761905,0.5285714285714286
11,0.0006802220337447666,0.000695477402635983,0.6199285714285714,0.61775
12,0.0006811155935838109,0.0006953353264502116,0.6200892857142857,0.6178928571428571
13,0.0006817314724127452,0.0006958313392741339,0.6195416666666667,0.6173928571428572
14,0.0006502549964047614,0.0006609876347439629,0.6516011904761905,0.6514285714285715
15,0.0006490983434376263,0.000660324969461986,0.6521607142857143,0.6521071428571429
16,0.0006490111492929004,0.000660324969461986,0.6520714285714285,0.6521071428571429
17,0.0006666836628601664,0.0006788400092295238,0.6350476190476191,0.6338928571428571
18,0.0006803251590047564,0.0006945960904870714,0.6209642857142857,0.6187857142857143
19,0.00068095613270998,0.000695280990430287,0.6198988095238095,0.6179642857142857
20,0.000681464369453135,0.0006953012560095106,0.6200892857142857,0.6179285714285714
21,0.0006624744456438791,0.0006747597519840513,0.6383928571428571,0.6376071428571428
22,0.0006617465356276149,0.0006742021973643984,0.6390178571428572,0.6381428571428571
