,loss/train,loss/valid,acc/train,acc/valid
0,0.0006755465957380476,0.0006876355601208551,0.5706904761904762,0.57525
1,0.0006751765452680133,0.0006872056701353618,0.5692738095238096,0.5725
2,0.0006752861926243419,0.0006873424798250199,0.566672619047619,0.5701785714285714
3,0.0006755577563529923,0.0006876229579959597,0.5570059523809524,0.5614285714285714
4,0.0006756546944379807,0.0006877014615706036,0.5600714285714286,0.56275
5,0.0006759395429066249,0.0006879436203411647,0.5504702380952381,0.5554285714285714
6,0.0006764485520266351,0.0006883224036012377,0.5279583333333333,0.5311785714285714
7,0.0006764993752752032,0.0006885503871100289,0.5252916666666667,0.5281428571428571
8,0.0006764895248980749,0.0006884163213627678,0.5231785714285714,0.526
9,0.0006765293227065177,0.0006885168041501727,0.5220595238095238,0.5245357142857143
10,0.0006766155433087122,0.000688645818403789,0.52075,0.5236071428571428
11,0.0006767924016430264,0.0006887490004301071,0.5185416666666667,0.5211071428571429
12,0.0006771211712842896,0.0006890531544174467,0.5126071428571428,0.5147142857142857
13,0.0006772452851846104,0.0006892645273889814,0.5093988095238096,0.5106428571428572
14,0.0006771625801920891,0.0006890937004770552,0.5140535714285714,0.5166428571428572
15,0.0006774011853904952,0.0006893182822636196,0.509125,0.5105357142857143
16,0.0006775706151411647,0.0006894565586532866,0.5068333333333334,0.5082142857142857
