,loss/train,loss/valid,acc/train,acc/valid
0,0.0005580984855455065,0.0005682042581694466,0.7317222222222223,0.7305238095238096
1,0.0005771429004177215,0.0005869241385232835,0.7260873015873016,0.7254285714285714
2,0.0005809506281973824,0.0005913859662555513,0.7221984126984127,0.7203809523809523
3,0.0005800082153744168,0.0005916787471090044,0.7226269841269841,0.7204761904761905
4,0.000580781948944879,0.000591413418451945,0.7236984126984127,0.7213809523809523
5,0.0007080882338304368,0.0007220689370518639,0.5912063492063492,0.5881428571428572
6,0.0005816745502608163,0.0005910191280501229,0.7239285714285715,0.7217142857142858
7,0.0005798436483693501,0.0005910443181083315,0.7236904761904762,0.7217142857142858
8,0.0005807319070611682,0.0005917938408397492,0.7230396825396825,0.7207619047619047
9,0.0005797008100956205,0.0005909267380124046,0.7240079365079365,0.7218095238095238
10,0.0006727322737375896,0.000681159482115791,0.6290079365079365,0.6313333333333333
11,0.0007156814185399858,0.0007274006661914644,0.5850714285714286,0.5854761904761905
12,0.0006254146094360048,0.0006339959019706362,0.6773015873015873,0.6792380952380952
13,0.0006606781340780713,0.0006656429398627508,0.6418412698412699,0.647952380952381
14,0.000580667834906351,0.0005906088380586534,0.7230952380952381,0.7222380952380952
15,0.000600546539775909,0.0006077770079885211,0.7031349206349207,0.705
