,loss/train,loss/valid,acc/train,acc/valid
0,0.0007612307085877373,0.0007763510346412659,0.5389365079365079,0.5357619047619048
1,0.0007983790896241627,0.0008166382568223136,0.5016984126984126,0.4956190476190476
2,0.0007902243861130306,0.0008083669571649461,0.5097222222222222,0.5038571428571429
3,0.0007707258117577386,0.000786909126100086,0.5294920634920635,0.5253809523809524
4,0.0007986784194196974,0.0008166382568223136,0.5017142857142857,0.4956190476190476
5,0.0007982211363694024,0.0008166382568223136,0.5016984126984126,0.4956190476190476
6,0.0007982288826079596,0.0008166382568223136,0.5016904761904762,0.4956190476190476
7,0.0007985285723966266,0.0008166382568223136,0.5017063492063492,0.4956190476190476
8,0.0007983787310501886,0.0008166382568223136,0.5016984126984126,0.4956190476190476
9,0.0007985440705503736,0.0008166382568223136,0.5016904761904762,0.4956190476190476
10,0.0007976062624227433,0.0008166382568223136,0.5016825396825397,0.4956190476190476
11,0.0007985208200083838,0.0008166382568223136,0.5017142857142857,0.4956190476190476
12,0.0007988515193500216,0.0008166382568223136,0.5016984126984126,0.4956190476190476
13,0.0007986861732270983,0.0008166382568223136,0.5017063492063492,0.4956190476190476
14,0.0007991744554232037,0.0008166382568223136,0.5016904761904762,0.4956190476190476
15,0.0007982133891847399,0.0008166382568223136,0.5017063492063492,0.4956190476190476
