,loss/train,loss/valid,acc/train,acc/valid
0,0.0007986513749947624,0.0008074521848133632,0.5013888888888889,0.5066666666666667
1,0.0008019878807522002,0.0008097465293748038,0.49832539682539684,0.5044761904761905
2,0.0006641261620180947,0.0006790035026414053,0.6392222222222222,0.6335238095238095
3,0.0006760686049385676,0.0006814709362529573,0.6261428571428571,0.6324285714285715
4,0.0005869707219184391,0.000599234402179718,0.7166746031746032,0.7132857142857143
5,0.0005883985573337192,0.0006005557917413257,0.7147539682539683,0.712
6,0.0007074675763410236,0.0007215520626022702,0.5940793650793651,0.5913333333333334
7,0.0006508950978990585,0.0006638614052817936,0.6524603174603174,0.6482380952380953
8,0.0007738024540363796,0.0007922345456622896,0.5260555555555556,0.5196666666666667
9,0.0006058727819768209,0.0006206782516979036,0.6966984126984127,0.6919047619047619
10,0.0005904039768945603,0.0006029199787548611,0.7136746031746032,0.7096666666666667
11,0.0006040420343005468,0.0006158224940299988,0.6993412698412699,0.6964285714285714
12,0.0006608145492417472,0.0006644174314680553,0.6426984126984127,0.6490476190476191
13,0.0007042821191606067,0.0007102540419215247,0.5964126984126984,0.6034285714285714
14,0.0005892935754760863,0.0006007018969172523,0.7145714285714285,0.7117142857142857
15,0.0006319793609399644,0.0006424654069400969,0.6716984126984127,0.6697142857142857
16,0.0007072725206140488,0.0007149457619303748,0.5941190476190477,0.5989523809523809
17,0.0006238615607458448,0.000632792109534854,0.6795476190476191,0.6806666666666666
18,0.0006802179983683994,0.0006926407672110058,0.6223333333333333,0.6194285714285714
19,0.0006979358622006007,0.0007130873203277588,0.6051666666666666,0.5988571428571429
