,loss/train,loss/valid,acc/train,acc/valid
0,0.0006349518630239699,0.0006512964708464486,0.6674920634920635,0.6606666666666666
1,0.0005871881397943648,0.000600310504436493,0.7164444444444444,0.7122857142857143
2,0.0005875700267534408,0.0005986453606968835,0.7162222222222222,0.7138095238095238
3,0.0006230246136112818,0.000638536030337924,0.6795952380952381,0.6738571428571428
4,0.0006543777958741264,0.0006629591215224493,0.6478650793650793,0.6496190476190477
5,0.0005975786419141861,0.0006108545291991461,0.7073888888888888,0.7016666666666667
6,0.0006073545226975092,0.000619965584505172,0.6967460317460318,0.6923809523809524
7,0.0006242497695816887,0.0006322116823423476,0.6797301587301587,0.6803333333333333
8,0.000645735355123641,0.0006591298778851827,0.6565555555555556,0.6535238095238095
9,0.0006212449144749415,0.0006350430079868862,0.6814206349206349,0.6782857142857143
10,0.0005996100472079383,0.0006113538174402146,0.7038968253968254,0.7012380952380952
11,0.0006354487590373508,0.0006422738063903082,0.6676587301587301,0.6705714285714286
12,0.0006986747871315669,0.0007199860726084028,0.6026587301587302,0.5925714285714285
13,0.0005861106604810745,0.0005984530704362051,0.7172857142857143,0.7141904761904762
14,0.000768929148950274,0.0007790835187548682,0.5311825396825397,0.5346666666666666
15,0.0006974905606300112,0.0007045001784960429,0.6041190476190477,0.6097619047619047
16,0.0007114044872541276,0.0007191331443332491,0.5892698412698413,0.5952857142857143
17,0.0006968561008809104,0.0007034500581877572,0.6057539682539682,0.6104761904761905
