,loss/train,loss/valid,acc/train,acc/valid
0,0.0008021880400086206,0.0008175076217878432,0.49485317460317463,0.49864285714285717
1,0.0007970891176235108,0.0008148657977581024,0.49996031746031744,0.5013571428571428
2,0.0007820172326432334,0.0007990249366987319,0.5151190476190476,0.5160714285714286
3,0.0007627158749198157,0.0007755309073697953,0.5352301587301588,0.534047619047619
4,0.000732107740782556,0.0007459738850593567,0.5663928571428571,0.5689047619047619
5,0.000697951827493925,0.0007158962999071393,0.6014007936507937,0.6011190476190477
6,0.0007209373679425981,0.0007308735662982577,0.5778968253968254,0.5813571428571429
7,0.0007464956754729862,0.0007651445879822686,0.5514444444444444,0.5507142857142857
8,0.0007970601126315102,0.0008115192538216,0.5001031746031745,0.4987857142857143
9,0.000796873398953014,0.0008113548258940379,0.5001428571428571,0.4989523809523809
10,0.0007974902765145377,0.0008118663572129749,0.49970238095238095,0.49842857142857144
11,0.0007969987032905457,0.0008112153155463083,0.5001666666666666,0.4990952380952381
12,0.0007878531482484605,0.0008022959856759934,0.509531746031746,0.5082142857142857
13,0.0007332623527636603,0.0007475446065266927,0.5651547619047619,0.5657857142857143
14,0.000751864316208022,0.0007656140299070449,0.5461071428571429,0.5457857142857143
15,0.0007709579314031298,0.0007831818390460242,0.52675,0.5262857142857142
16,0.0007842910930750862,0.0007991382295177097,0.5131785714285715,0.511452380952381
17,0.0007963554076259098,0.0008108432945751009,0.5006349206349207,0.49947619047619046
18,0.000797408177739098,0.0008151215598696754,0.49971031746031747,0.5010952380952381
19,0.0007952161726970521,0.0008095880136603401,0.5019563492063492,0.5007619047619047
20,0.0007954227720934247,0.0008103317632561639,0.501436507936508,0.5
