,loss/train,loss/valid,acc/train,acc/valid
0,0.0007040412579737012,0.0007188173078355335,0.5943412698412699,0.5930238095238095
1,0.0006869704065814851,0.0006979299059935979,0.6115357142857143,0.6143095238095239
2,0.0006965460957042755,0.0007098193537621271,0.6023015873015873,0.6026428571428571
3,0.0006599393037576524,0.0006660055745215643,0.6399325396825397,0.6445238095238095
4,0.0006921374478510448,0.0007047442126841772,0.6070396825396825,0.6095
5,0.0006660150552079791,0.0006788978193487439,0.6338730158730159,0.636
6,0.0007146621407970549,0.0007274194643611,0.5841706349206349,0.5878095238095238
7,0.0007198936979448985,0.0007323497093859173,0.578515873015873,0.5812619047619048
8,0.000683451644484959,0.000698763085263116,0.615984126984127,0.6186904761904762
9,0.00064970273086949,0.000658804619596118,0.6502023809523809,0.6535714285714286
10,0.0006698111125401088,0.0006840691452934628,0.6298055555555555,0.6321428571428571
11,0.0006595799324531404,0.0006718946099281311,0.6402539682539683,0.6447380952380952
12,0.0006772517408170397,0.0006894255124387287,0.6221666666666666,0.6267857142857143
13,0.0006795076368347046,0.0006863054235776265,0.6196269841269841,0.622452380952381
14,0.0006571656482087241,0.0006699792033150083,0.6426428571428572,0.6437142857142857
15,0.000674035003497487,0.0006860049934614272,0.6254087301587301,0.6288095238095238
16,0.00067943941080381,0.0006952952572277614,0.62025,0.6237619047619047
17,0.0006989498060374033,0.0007096861856324332,0.6002063492063492,0.603047619047619
18,0.0006640115283311359,0.0006775665198053632,0.6356269841269842,0.6389285714285714
19,0.0006874976818050657,0.0007003455885819026,0.6119682539682539,0.6141190476190476
20,0.0006651400195227729,0.0006768700565610613,0.6347460317460317,0.6365952380952381
21,0.0006572473839161888,0.0006695479580334254,0.6426349206349207,0.6456190476190476
22,0.0006635282626227727,0.0006747139493624369,0.636234126984127,0.6403571428571428
23,0.0006603591236330214,0.0006713464955488841,0.6391825396825397,0.6422857142857142
24,0.0006591614872690231,0.0006725631923902602,0.6408253968253969,0.6425714285714286
