,loss/train,loss/valid,acc/train,acc/valid
0,0.0006835187283300218,0.000696384867032369,0.6155753968253969,0.6176904761904762
1,0.000700727652462702,0.0007144408140863691,0.5983769841269841,0.5979047619047619
2,0.0007688003780822906,0.0007848627865314484,0.5284920634920635,0.526
3,0.0007111376259062026,0.0007226508586179642,0.587781746031746,0.5897142857142857
4,0.0007327367187965484,0.0007481350813593183,0.5656269841269841,0.5695714285714286
5,0.0006986949058279159,0.0007158287508147104,0.6002777777777778,0.6027142857142858
6,0.0006934451600388875,0.0007135193802061535,0.6055396825396825,0.6035714285714285
7,0.0006837590374643841,0.0007025709336712247,0.6158849206349206,0.6162619047619048
8,0.0006934491871368317,0.0007111534220831735,0.6058611111111111,0.6060238095238095
9,0.0006955580292713075,0.000705437760977518,0.6037460317460317,0.6073809523809524
10,0.0006886924912059117,0.0007038099453562782,0.6105277777777778,0.6090238095238095
11,0.0006681084907244122,0.00068207733971732,0.6316190476190476,0.6342857142857142
12,0.0006695654463200342,0.0006862032825038546,0.6302738095238095,0.6315952380952381
13,0.0007007363452797845,0.0007155376275380452,0.5982857142857143,0.5985714285714285
14,0.0007126490057460846,0.0007315650993869418,0.5858611111111112,0.5836190476190476
15,0.0006834144022256609,0.0006967129707336426,0.61625,0.6163333333333333
16,0.0006947525363592875,0.0007105194699196588,0.6043055555555555,0.6036666666666667
17,0.0006791897934107554,0.0006948747904527754,0.6202539682539683,0.6211904761904762
18,0.0007021824930395398,0.0007168472721463158,0.5967301587301588,0.5956904761904762
19,0.000716342013979715,0.0007332689889839718,0.5822619047619048,0.5804047619047619
20,0.0007333640680899696,0.0007453416188557943,0.5651785714285714,0.5665238095238095
21,0.0006791437708196186,0.0006948062820093972,0.6202103174603174,0.6212857142857143
22,0.0006744618912537893,0.0006915478536060879,0.625281746031746,0.6260952380952381
23,0.0007028510802321964,0.00071588572150185,0.5962420634920635,0.5981904761904762
24,0.000684496627913581,0.0007004325886567433,0.6146269841269841,0.6155
25,0.000702868751590214,0.0007176169965948377,0.5961230158730159,0.5994285714285714
26,0.0006865485473757699,0.0007021043314820244,0.6126746031746032,0.6138095238095238
