,loss/train,loss/valid,acc/train,acc/valid
0,0.0006241125492822557,0.0006372763486135574,0.6786904761904762,0.6765714285714286
1,0.000634112615907003,0.0006473498287655058,0.6681190476190476,0.6660952380952381
2,0.0006311162951446714,0.0006418278018633525,0.6724603174603174,0.6708571428571428
3,0.0006262810745882609,0.00064114834297271,0.6775793650793651,0.6719047619047619
4,0.0006416053686823164,0.0006512735202198937,0.662484126984127,0.6625238095238095
5,0.0006546797056992848,0.0006711019646553766,0.6477936507936508,0.6421904761904762
6,0.0006785763535234663,0.0006916046767007737,0.6229206349206349,0.622
7,0.0007594365624208299,0.0007691383163134257,0.5405714285714286,0.5447619047619048
8,0.0006116615836582487,0.0006244391997655233,0.6906666666666667,0.6890952380952381
9,0.0006445058475411128,0.0006579875832512265,0.6578492063492063,0.6557619047619048
10,0.0006502088033963763,0.0006685247563180469,0.6520396825396826,0.6455238095238095
11,0.0006314970231245435,0.0006450692585536411,0.6714761904761904,0.6688571428571428
12,0.0006702392739909036,0.0006821479456765311,0.6314206349206349,0.6317619047619047
13,0.0006486327648162842,0.0006603606712250482,0.653515873015873,0.6533333333333333
14,0.0006338552799489763,0.000643314384278797,0.6698095238095239,0.6707619047619048
15,0.0006208524831703731,0.0006328328961417789,0.6818412698412698,0.681047619047619
16,0.0006201962336661324,0.0006295305660792759,0.683484126984127,0.6841428571428572
17,0.0006808237878103105,0.0006955179061208452,0.6214285714285714,0.6176666666666667
18,0.0006510034189337776,0.000660858290536063,0.6520238095238096,0.6519047619047619
19,0.0006102334634652213,0.0006240139263016837,0.6938174603174603,0.6895238095238095
20,0.0006208431697081006,0.0006328960969334557,0.6825,0.6802380952380952
21,0.0006475008650431558,0.0006619517349061512,0.6551825396825397,0.6509047619047619
22,0.000625284948519298,0.0006358608376412165,0.6781031746031746,0.6771428571428572
23,0.0006464474196471865,0.0006602930227915446,0.6566031746031746,0.6525714285714286
