#parameters,chi2
-0.060759020556879345,0.01276481170787861,22.042037182340383
-0.01549246329985568,0.009690892709113365,3.0496725448499714e-05,1.9209282605614246
-0.024463256342029713,0.010479489067337599,1.5468629501563786e-05,7.45269389110008e-08,1.92350142938026
