,loss/train,loss/valid,acc/train,acc/valid
0,0.0005514540577691699,0.0005615941910516648,0.7446587301587302,0.739
1,0.0005490297310882144,0.0005598489074479966,0.7514126984126984,0.7482380952380953
2,0.0005372182244346255,0.0005490392418134781,0.7552619047619048,0.7499047619047619
3,0.0005762004932713887,0.0005854557128179641,0.699031746031746,0.7017142857142857
4,0.0005900409737276652,0.0005991572567394802,0.6893650793650794,0.6904761904761905
5,0.0005718486072525146,0.0005815579068093072,0.6987698412698413,0.6991904761904761
6,0.0005502468607728444,0.0005611268877983094,0.745968253968254,0.7440952380952381
7,0.000553447219114455,0.0005640724216188703,0.7517301587301587,0.7503809523809524
8,0.0005320136083496941,0.0005442815877142406,0.7651190476190476,0.7600476190476191
9,0.0005438163739348215,0.0005552381787981306,0.7482301587301587,0.7456666666666667
10,0.0005362900654001841,0.0005499692303793771,0.7513968253968254,0.744904761904762
11,0.0005635898633608742,0.00057172653788612,0.691531746031746,0.6936666666666667
12,0.0005476540213539487,0.00055850788241341,0.7522301587301587,0.7467142857142857
13,0.0005709596848677075,0.0005840842837379093,0.7316984126984127,0.7273333333333334
14,0.0005555088065919422,0.0005680826164427258,0.7426349206349206,0.7371428571428571
15,0.0005404049077677349,0.0005543985707419259,0.7543095238095238,0.7487142857142857
16,0.0005315224589809539,0.0005441672801971435,0.7699285714285714,0.7641428571428571
17,0.0005550620447075556,0.000568539369673956,0.7458412698412699,0.7417619047619047
18,0.000566452958281078,0.0005809914696784246,0.7357777777777778,0.7302380952380952
19,0.0005801622806087373,0.0005873016487984431,0.7224126984126984,0.7243809523809523
20,0.0005837129037531596,0.0005949732859929403,0.7191587301587301,0.7164761904761905
21,0.0005733926125935146,0.0005876084651265825,0.7295,0.7241904761904762
22,0.0005640530969415392,0.00057602649359476,0.7396269841269841,0.7364285714285714
23,0.0005724419232398744,0.0005837597478003729,0.7312698412698413,0.7287619047619047
