,loss/train,loss/valid,acc/train,acc/valid
0,0.0005561847488085429,0.0005672829207919893,0.7355396825396825,0.732
1,0.0005454413706348056,0.0005571227840014866,0.746984126984127,0.7440952380952381
2,0.0005391305670851753,0.0005503934366362436,0.7556190476190476,0.7522380952380953
3,0.0007115758799371265,0.000726749721027556,0.580936507936508,0.5772857142857143
4,0.0006473255166931758,0.0006630943105334328,0.6523095238095238,0.6460952380952381
5,0.0005687935972024524,0.0005804091521671841,0.7337777777777778,0.7311428571428571
6,0.0006518007786501022,0.0006589040131795974,0.6495,0.6534285714285715
7,0.0005650376909308964,0.0005784192652929397,0.7381349206349206,0.7342857142857143
8,0.000569211213834702,0.0005842797188531785,0.7337857142857143,0.7279523809523809
9,0.0005686595789969913,0.0005802329381306966,0.7354285714285714,0.7326190476190476
10,0.0005723308343735952,0.0005825739786738441,0.7317619047619047,0.7299523809523809
11,0.0005814588661231691,0.0005915673573811848,0.7231746031746031,0.7212857142857143
12,0.0007236533893479241,0.0007296015506698971,0.5782698412698413,0.584
13,0.000679191727013815,0.000688773995354062,0.6222380952380953,0.6245238095238095
14,0.0005743233277684166,0.0005849105545452663,0.7298095238095238,0.7276666666666667
15,0.0006391540273787483,0.0006456890475182306,0.6638174603174604,0.6676666666666666
16,0.0005806515964250716,0.0005916597899936494,0.722484126984127,0.7212380952380952
17,0.0005863771968417698,0.0005981831011318025,0.7177857142857142,0.7143809523809523
