,loss/train,loss/valid,acc/train,acc/valid
0,0.0005566928022437625,0.0005689992734364101,0.7357142857142858,0.7325238095238096
1,0.000545477299936234,0.0005577080136253721,0.7372222222222222,0.7319523809523809
2,0.0005806283260148669,0.0005907478815033322,0.708047619047619,0.7072857142857143
3,0.000579110564693572,0.000591276779061272,0.723579365079365,0.7207142857142858
4,0.000572355402603982,0.0005846016321863447,0.7295952380952381,0.7273809523809524
5,0.0006841593346898518,0.0006924641160737901,0.6113015873015873,0.614904761904762
6,0.0005674201164926801,0.0005795973397436596,0.7353333333333333,0.7327142857142858
7,0.0005705546661028786,0.0005831219184966314,0.7329761904761904,0.7291428571428571
8,0.0005684776963695647,0.0005807269130434308,0.7352460317460318,0.7313333333333333
9,0.000572907762395011,0.000582785705725352,0.7319365079365079,0.7295238095238096
10,0.0007415411245255243,0.0007470750922248477,0.5596984126984127,0.5667142857142857
11,0.0005985814323500982,0.000613025372936612,0.7048492063492063,0.700047619047619
12,0.0005711172251474289,0.0005827760582878477,0.7326190476190476,0.729904761904762
13,0.0005738407605224185,0.0005861889748346238,0.7298253968253968,0.7267619047619047
14,0.0005790539322391389,0.0005910825587454296,0.7246111111111111,0.7213809523809523
15,0.0005804326879599738,0.0005928516700154259,0.7229285714285715,0.7196666666666667
16,0.0005829506237355489,0.0005957821238608587,0.7203253968253969,0.7168571428571429
