,loss/train,loss/valid,acc/train,acc/valid
0,0.0005514943266198748,0.0005629539915493557,0.7336111111111111,0.7351428571428571
1,0.0005683923571828812,0.000580516095672335,0.7159722222222222,0.7171904761904762
2,0.0005468427595638094,0.000558342239686421,0.7386904761904762,0.7407380952380952
3,0.000550186866805667,0.0005641071512585595,0.7354484126984127,0.7352380952380952
4,0.0005441804790780657,0.0005566834225541069,0.7429880952380953,0.7442142857142857
5,0.0005615078149333833,0.0005735379301366352,0.7162460317460317,0.7181666666666666
6,0.0005758910451143507,0.0005892686588423592,0.6906507936507936,0.6905476190476191
7,0.0005447686591318675,0.0005581843895571572,0.7348611111111111,0.7350238095238095
8,0.0005326821406682333,0.0005451826140994117,0.7560833333333333,0.7555
9,0.0005440079813438749,0.0005556500667617435,0.7357936507936508,0.7360952380952381
10,0.0005362573450519925,0.0005491946765354701,0.7476349206349207,0.7474285714285714
11,0.0005395825202502902,0.0005526034973916554,0.7470555555555556,0.7456428571428572
12,0.0005411469250444382,0.0005532622536023458,0.7419603174603174,0.7438095238095238
13,0.0005378049254890472,0.0005492761475699288,0.7507619047619047,0.750547619047619
14,0.0005356545192854745,0.0005481434180623009,0.7534761904761905,0.7521904761904762
15,0.0005338707424345471,0.000545976194597426,0.7516230158730158,0.7511666666666666
16,0.0005323671797911326,0.0005456553896268209,0.7542103174603174,0.7519047619047619
17,0.000531069344234845,0.0005447427687190828,0.7578531746031746,0.7557857142857143
18,0.0005417257812288072,0.0005547301073869069,0.7378055555555556,0.7361666666666666
19,0.000532630289357806,0.0005455867988722665,0.7540992063492064,0.7529523809523809
20,0.0005350733680857553,0.000548076658021836,0.7522619047619048,0.7516666666666667
21,0.0005457991352156987,0.0005584616717838106,0.7275396825396825,0.7255238095238096
22,0.0005375169023634895,0.000550583100035077,0.7421111111111112,0.7408095238095238
23,0.0005351970027836542,0.0005477422788029625,0.7519047619047619,0.7516428571428572
