,loss/train,loss/valid,acc/train,acc/valid
0,0.6239644101006644,0.6226397318158831,0.6717738095238095,0.6735357142857142
1,0.8145411945751735,0.8127614430018834,0.4987202380952381,0.5005
2,0.8145411891028994,0.8127614430018834,0.4987202380952381,0.5005
3,0.814541190964835,0.8127614430018834,0.4987202380952381,0.5005
4,0.8145411906015305,0.8127614430018834,0.4987202380952381,0.5005
5,0.8145411935079665,0.8127614430018834,0.4987202380952381,0.5005
6,0.814541191646031,0.8127614430018834,0.4987202380952381,0.5005
7,0.814541189125606,0.8127614430018834,0.4987202380952381,0.5005
8,0.8145411945751735,0.8127614430018834,0.4987202380952381,0.5005
9,0.814541190964835,0.8127614430018834,0.4987202380952381,0.5005
10,0.8145411906015305,0.8127614430018834,0.4987202380952381,0.5005
11,0.8145411851065499,0.8127614430018834,0.4987202380952381,0.5005
12,0.8145411891483125,0.8127614430018834,0.4987202380952381,0.5005
13,0.8145411992981321,0.8127614430018834,0.4987202380952381,0.5005
14,0.8145411894662039,0.8127614430018834,0.4987202380952381,0.5005
15,0.81454118844441,0.8127614430018834,0.4987202380952381,0.5005
16,0.814541191646031,0.8127614430018834,0.4987202380952381,0.5005
17,0.8145411869230724,0.8127614430018834,0.4987202380952381,0.5005
18,0.8119816732860747,0.8137614277430943,0.5012797619047619,0.4995
19,0.8119816776911417,0.8137614277430943,0.5012797619047619,0.4995
20,0.8119816747619992,0.8137614277430943,0.5012797619047619,0.4995
