,loss/train,loss/valid,acc/train,acc/valid
0,0.8145411916687375,0.8127614430018834,0.4987202380952381,0.5005
1,0.81454119237264,0.8127614430018834,0.4987202380952381,0.5005
2,0.814541193825858,0.8127614430018834,0.4987202380952381,0.5005
3,0.8145411902155195,0.8127614430018834,0.4987202380952381,0.5005
4,0.8145411906015305,0.8127614430018834,0.4987202380952381,0.5005
5,0.8145411946205866,0.8127614430018834,0.4987202380952381,0.5005
6,0.814541191305433,0.8127614430018834,0.4987202380952381,0.5005
7,0.8145411869003659,0.8127614430018834,0.4987202380952381,0.5005
8,0.814541191646031,0.8127614430018834,0.4987202380952381,0.5005
9,0.814541188058399,0.8127614430018834,0.4987202380952381,0.5005
10,0.8145411880129859,0.8127614430018834,0.4987202380952381,0.5005
11,0.8145411934625535,0.8127614430018834,0.4987202380952381,0.5005
12,0.814541194211869,0.8127614430018834,0.4987202380952381,0.5005
13,0.8145411905561175,0.8127614430018834,0.4987202380952381,0.5005
14,0.8145411905561175,0.8127614430018834,0.4987202380952381,0.5005
15,0.8145411993208386,0.8127614430018834,0.4987202380952381,0.5005
16,0.8145411941891625,0.8127614430018834,0.4987202380952381,0.5005
17,0.8145411956423805,0.8127614430018834,0.4987202380952381,0.5005
18,0.814541191305433,0.8127614430018834,0.4987202380952381,0.5005
19,0.8145411880356925,0.8127614430018834,0.4987202380952381,0.5005
20,0.814541189125606,0.8127614430018834,0.4987202380952381,0.5005
