,loss/train,loss/valid,acc/train,acc/valid
0,0.8145411935079665,0.8127614430018834,0.4987202380952381,0.5005
1,0.8145411906015305,0.8127614430018834,0.4987202380952381,0.5005
2,0.8145411923953465,0.8127614430018834,0.4987202380952381,0.5005
3,0.8145411920093355,0.8127614430018834,0.4987202380952381,0.5005
4,0.8145411945751735,0.8127614430018834,0.4987202380952381,0.5005
5,0.8145411927813575,0.8127614430018834,0.4987202380952381,0.5005
6,0.8145411862191699,0.8127614430018834,0.4987202380952381,0.5005
7,0.8145411902155195,0.8127614430018834,0.4987202380952381,0.5005
8,0.814541194938478,0.8127614430018834,0.4987202380952381,0.5005
9,0.814541189852215,0.8127614430018834,0.4987202380952381,0.5005
10,0.8145411912827265,0.8127614430018834,0.4987202380952381,0.5005
11,0.8145411909421285,0.8127614430018834,0.4987202380952381,0.5005
12,0.814541190238226,0.8127614430018834,0.4987202380952381,0.5005
13,0.814541194211869,0.8127614430018834,0.4987202380952381,0.5005
14,0.8145411924407596,0.8127614430018834,0.4987202380952381,0.5005
15,0.814541192032042,0.8127614430018834,0.4987202380952381,0.5005
16,0.8145411887395949,0.8127614430018834,0.4987202380952381,0.5005
17,0.814541195665087,0.8127614430018834,0.4987202380952381,0.5005
18,0.8145411920093355,0.8127614430018834,0.4987202380952381,0.5005
19,0.8145411938939776,0.8127614430018834,0.4987202380952381,0.5005
20,0.8145411935079665,0.8127614430018834,0.4987202380952381,0.5005
