,loss/train,loss/valid,acc/train,acc/valid
0,0.8119816678819203,0.8137614277430943,0.5012797619047619,0.4995
1,0.8119816667920067,0.8137614277430943,0.5012797619047619,0.4995
2,0.8119816718782698,0.8137614277430943,0.5012797619047619,0.4995
3,0.8119816700617473,0.8137614277430943,0.5012797619047619,0.4995
4,0.8119816729454767,0.8137614277430943,0.5012797619047619,0.4995
5,0.8119816708110628,0.8137614277430943,0.5012797619047619,0.4995
6,0.8119816671553112,0.8137614277430943,0.5012797619047619,0.4995
7,0.8119816758292062,0.8137614277430943,0.5012797619047619,0.4995
8,0.8119816733087812,0.8137614277430943,0.5012797619047619,0.4995
9,0.8119816721961611,0.8137614277430943,0.5012797619047619,0.4995
10,0.8119816704023453,0.8137614277430943,0.5012797619047619,0.4995
11,0.8119816652933757,0.8137614277430943,0.5012797619047619,0.4995
12,0.8119816754886082,0.8137614277430943,0.5012797619047619,0.4995
13,0.8119816718555632,0.8137614277430943,0.5012797619047619,0.4995
14,0.8119816718782698,0.8137614277430943,0.5012797619047619,0.4995
15,0.8119816686085293,0.8137614277430943,0.5012797619047619,0.4995
16,0.8119816719009763,0.8137614277430943,0.5012797619047619,0.4995
17,0.8119816696757362,0.8137614277430943,0.5012797619047619,0.4995
18,0.8119816674732027,0.8137614277430943,0.5012797619047619,0.4995
19,0.8119816714922587,0.8137614277430943,0.5012797619047619,0.4995
20,0.8119816674959092,0.8137614277430943,0.5012797619047619,0.4995
21,0.8119816733087812,0.8137614277430943,0.5012797619047619,0.4995
22,0.8119816758292062,0.8137614277430943,0.5012797619047619,0.4995
23,0.8119816686085293,0.8137614277430943,0.5012797619047619,0.4995
24,0.8119816707202366,0.8137614277430943,0.5012797619047619,0.4995
25,0.8119816674504962,0.8137614277430943,0.5012797619047619,0.4995
26,0.8119816747619992,0.8137614277430943,0.5012797619047619,0.4995
27,0.8119816744214012,0.8137614277430943,0.5012797619047619,0.4995
