,loss/train,loss/valid,acc/train,acc/valid
0,0.6424002627418155,0.6444979531424386,0.6552916666666667,0.6546071428571428
1,0.5929673875399998,0.5939643374851772,0.7135238095238096,0.7119642857142857
2,0.5993173200743539,0.6020683234078543,0.7041369047619047,0.7011071428571428
3,0.5901227423122951,0.5918342437744141,0.71625,0.7146071428571429
4,0.5944974077315558,0.5970490068708147,0.713654761904762,0.7114642857142857
5,0.591713705607823,0.5937824238368443,0.7136011904761905,0.7113571428571429
6,0.5895988452321007,0.5907164677211216,0.7123869047619048,0.711
7,0.5898138754708426,0.5908768354143416,0.7138809523809524,0.71325
8,0.5936901958783468,0.5956320304870606,0.7120833333333333,0.7108571428571429
9,0.6177576090040661,0.6187060786655971,0.6935178571428572,0.6925
10,0.6302708654403687,0.6290561703273229,0.6824583333333333,0.68375
11,0.6140949906848726,0.6167568413870675,0.6844821428571428,0.68225
12,0.5967806485039847,0.5969758916582381,0.7043154761904762,0.7050357142857143
13,0.5952132638522557,0.5956259444100516,0.6951607142857142,0.6968571428571428
14,0.6129497118223282,0.6147337052481515,0.6901428571428572,0.6887142857142857
15,0.6079573060444423,0.6145262075151716,0.7008154761904762,0.6933928571428571
16,0.6495693729718526,0.6475104195731026,0.65475,0.6572857142857143
17,0.6228540794735863,0.62461693246024,0.6742559523809524,0.6734642857142857
18,0.6048551785378229,0.6077108404976981,0.6879583333333333,0.6860714285714286
19,0.5995991514750889,0.6009267529078892,0.6935654761904761,0.6929285714285714
20,0.5928629772095453,0.5964337517874582,0.6873452380952381,0.6827142857142857
21,0.6094588123730251,0.6140766378130231,0.6893690476190476,0.6836785714285715
22,0.6184880203292483,0.6194882632664271,0.6873988095238095,0.6863928571428571
23,0.616470691544669,0.6192834489004952,0.6888095238095238,0.6859285714285714
24,0.633158574785505,0.6342372856140137,0.6810416666666667,0.6797857142857143
25,0.6036169656344822,0.604511578151158,0.6909464285714285,0.691
26,0.611556116104126,0.6113526257106237,0.6993452380952381,0.6998214285714286
