,loss/train,loss/valid,acc/train,acc/valid
0,0.6905272495860145,0.6911924683707101,0.5415833333333333,0.5393928571428571
1,0.6899437495413281,0.6904836491176061,0.5414107142857143,0.5377142857142857
2,0.6906411082631065,0.6910680176871163,0.5398273809523809,0.5346071428571428
3,0.6923007417406355,0.6925999118259974,0.5356071428571428,0.5346071428571428
4,0.6947382980301267,0.6949246466500418,0.5320714285714285,0.5296428571428572
5,0.6973864058312915,0.6974662481035505,0.5274285714285715,0.5263214285714286
6,0.7001314882550921,0.7001155471801758,0.5242321428571428,0.5243214285714286
7,0.7031260018121629,0.7030216396876744,0.5199345238095238,0.5191071428571429
8,0.706122675600506,0.7059316869463239,0.5164166666666666,0.5171071428571429
9,0.708916639759427,0.7086568608965192,0.512922619047619,0.5144285714285715
10,0.7114337202253795,0.7111086006164551,0.5104761904761905,0.5124642857142857
11,0.7140096799078441,0.7136289209638323,0.5081369047619048,0.5106785714285714
12,0.7163695954368228,0.7159400520324707,0.5063095238095238,0.5085714285714286
13,0.7185273364157904,0.7180452733721052,0.5048511904761904,0.5070714285714286
14,0.7210557402656191,0.7205192004612514,0.5036190476190476,0.5056785714285714
15,0.7229406721478416,0.72236064856393,0.5026845238095238,0.50475
16,0.7247231835637774,0.7241064246041434,0.5019464285714286,0.5041785714285715
17,0.7264691390764145,0.7258252138410296,0.5013452380952381,0.5033571428571428
18,0.7281547578402928,0.7274782507760185,0.5008809523809524,0.5031428571428571
19,0.7296405834697541,0.7289348160879953,0.5005119047619048,0.5029285714285714
20,0.7311304207302275,0.7303963944571359,0.5002678571428572,0.5023928571428572
21,0.732431899638403,0.7316742662702288,0.5000119047619047,0.5021428571428571
