,loss/train,loss/valid,acc/train,acc/valid
0,0.0006869896948337555,0.0006987527523721967,0.4991547619047619,0.5013214285714286
1,0.000686927321766104,0.0006988068840333393,0.49910714285714286,0.50125
2,0.0006876582822629383,0.0006995295903512409,0.49898809523809523,0.5006785714285714
3,0.0006892060570064045,0.0007012992863144193,0.49881547619047617,0.5005714285714286
4,0.0006880949022514479,0.000700047567486763,0.49889880952380955,0.5006428571428572
5,0.0006883622230518431,0.0007002514664615903,0.49888095238095237,0.5005714285714286
6,0.0006894103366704215,0.0007013140618801117,0.49882738095238094,0.5005714285714286
7,0.000690120381968362,0.0007019697278738022,0.4987797619047619,0.5005
8,0.0006871364102477119,0.0006990808099508286,0.49897619047619046,0.5006428571428572
9,0.0006883566209248134,0.000700240507721901,0.4988452380952381,0.5005714285714286
10,0.0006894692551522028,0.0007013188302516937,0.4988035714285714,0.5005357142857143
11,0.0006888756993271056,0.0007007046129022326,0.49881547619047617,0.5005714285714286
12,0.0006893950853319395,0.0007012734647308077,0.4987738095238095,0.5005
13,0.0006883059555575961,0.000700325893504279,0.4988392857142857,0.5005714285714286
14,0.0006875854489349183,0.0006993859048400607,0.49889285714285714,0.5006071428571428
15,0.0006891523081631887,0.0007009616558040891,0.4987916666666667,0.5005357142857143
