,loss/train,loss/valid,acc/train,acc/valid
0,0.000684382092385065,0.0006963842745338168,0.4921845238095238,0.4885357142857143
1,0.0006836414241365024,0.0006957205470119204,0.4936845238095238,0.48946428571428574
2,0.0006827287720072837,0.0006947347181183952,0.4957559523809524,0.49242857142857144
3,0.0006811491297114463,0.0006930108900581087,0.5043452380952381,0.5067142857142857
4,0.0006808100605294818,0.0006926194791282926,0.5063690476190477,0.5085357142857143
5,0.0006801736840889568,0.0006919832974672318,0.5134583333333333,0.5183928571428571
6,0.0006799783557653427,0.0006917902742113386,0.5193809523809524,0.5261785714285714
7,0.0006797491606502306,0.0006916338120188032,0.5175238095238095,0.5221428571428571
8,0.0006797098024260431,0.0006914938965014049,0.5186845238095238,0.5245357142857143
9,0.0006796548249466079,0.000691457450389862,0.5206547619047619,0.5268571428571428
10,0.0006795177796766872,0.0006913162916898728,0.5242619047619047,0.5343571428571429
11,0.0006788926259392783,0.0006907306377376828,0.5280714285714285,0.5352857142857143
12,0.000678989932295822,0.0006908031191144671,0.5294583333333334,0.5388928571428572
13,0.0006787937432527542,0.0006904150801045554,0.5330952380952381,0.5404285714285715
14,0.0006786424205416725,0.0006903929391077586,0.5342142857142858,0.5429285714285714
15,0.0006793822064286186,0.0006910095278705869,0.5259702380952381,0.5323571428571429
16,0.0006789546520227478,0.0006905420486416136,0.5303035714285714,0.5375714285714286
17,0.0006793945612651962,0.0006911068814141409,0.5246428571428572,0.5283214285714286
18,0.0006790546650687853,0.0006906083268778665,0.52675,0.5310357142857143
19,0.0006789734863809177,0.0006905957183667592,0.5257261904761905,0.5306785714285714
20,0.000679867840948559,0.0006914808345692498,0.5157321428571429,0.5181428571428571
21,0.0006791877409531957,0.00069089147235666,0.5198154761904762,0.5233214285714286
22,0.0006799677003707205,0.0006915804318019322,0.5131369047619048,0.5153571428571428
23,0.0006794115673928034,0.0006910675019025802,0.5176011904761905,0.5201428571428571
24,0.0006788907100756963,0.0006904850900173187,0.5255059523809524,0.5296785714285714
25,0.0006795258667497408,0.0006911056914499828,0.5155714285714286,0.5175
26,0.0006794963567739441,0.0006911383696964809,0.5161666666666667,0.5184285714285715
27,0.0006792949168455033,0.0006909775137901306,0.5140654761904762,0.5163928571428571
28,0.0006800759814324833,0.0006916995942592621,0.5092440476190476,0.5109642857142858
