,loss/train,loss/valid,acc/train,acc/valid
0,0.0007141034776965777,0.0007267978319099971,0.4987202380952381,0.5005
1,0.0007174340358802251,0.0007299371851342065,0.4987202380952381,0.5005
2,0.0007207402019273667,0.0007333169409206935,0.4987202380952381,0.5005
3,0.0007279166394755954,0.0007409745114190238,0.4987202380952381,0.5005
4,0.0007380302835788045,0.0007504526036126273,0.4987202380952381,0.5005
5,0.000737928444076152,0.0007508251411574228,0.4987202380952381,0.5005
6,0.000741119038491022,0.0007538163300071444,0.4987202380952381,0.5005
7,0.0007449074568493026,0.0007570034989288875,0.4987202380952381,0.5005
8,0.0007436896175855681,0.0007559390451226916,0.4987202380952381,0.5005
9,0.000747234970331192,0.0007593426321234022,0.4987202380952381,0.5005
10,0.0007490954012388275,0.0007616305415119443,0.4987202380952381,0.5005
11,0.0007516051112186342,0.0007640576383897236,0.4987202380952381,0.5005
12,0.0007529682155166354,0.0007649724781513214,0.4987202380952381,0.5005
13,0.0007558473767269226,0.0007686961974416461,0.4987202380952381,0.5005
14,0.0007568800509685562,0.0007685208490916661,0.4987202380952381,0.5005
15,0.0007574577246393477,0.0007695678046771459,0.4987202380952381,0.5005
