,loss/train,loss/valid,acc/train,acc/valid
0,0.0006829227283596992,0.000695966546024595,0.5020714285714286,0.5003214285714286
1,0.0006785528138279915,0.0006913177009139742,0.5243928571428571,0.5223571428571429
2,0.0006771330428974969,0.0006897265187331608,0.5531071428571429,0.5508928571428572
3,0.0006766884404988516,0.0006891442920480456,0.549952380952381,0.5464642857142857
4,0.0006768223696521351,0.0006891861749546869,0.5275357142857143,0.5275
5,0.0006771169663185165,0.000689411780663899,0.5136785714285714,0.5151785714285714
6,0.0006781676958004634,0.000690502153975623,0.5033095238095238,0.5061428571428571
7,0.0006795551947184972,0.0006917682226215091,0.5001190476190476,0.5020357142857143
8,0.0006802486763114021,0.0006923203085150038,0.4995297619047619,0.5014642857142857
9,0.0006801247919599215,0.0006923509197575706,0.49929761904761905,0.5011428571428571
10,0.0006808129659011251,0.0006929468895707811,0.4990178571428571,0.5008928571428571
11,0.0006817093778933797,0.0006937144568988255,0.498875,0.5006428571428572
12,0.0006824585192260288,0.00069436371752194,0.49881547619047617,0.5006071428571428
13,0.0006837851681879589,0.0006957181117364338,0.4987261904761905,0.5005357142857143
14,0.0006836258414245788,0.0006956722757646015,0.4987202380952381,0.5005357142857143
15,0.0006839596671717507,0.0006959460228681564,0.4987202380952381,0.5005
16,0.0006848879566504842,0.0006970219484397343,0.4987202380952381,0.5005
17,0.0006850606767194612,0.000697204772915159,0.4987202380952381,0.5005
18,0.0006862206352608544,0.0006981069615909031,0.4987202380952381,0.5005
19,0.000685627920286996,0.0006976240192140852,0.4987202380952381,0.5005
