,loss/train,loss/valid,acc/train,acc/valid
0,0.0006825734419482095,0.0006948635109833308,0.5009285714285714,0.5030714285714286
1,0.000682258159276985,0.0006945859491825104,0.5012083333333334,0.5031071428571429
2,0.000682778679898807,0.0006951171926089696,0.49988095238095237,0.5023571428571428
3,0.0006824430564329738,0.0006948051857096809,0.500172619047619,0.5021071428571429
4,0.0006823579243251255,0.0006946156961577279,0.4999523809523809,0.5015357142857143
5,0.0006827035691766512,0.0006949619799852371,0.4995595238095238,0.5013214285714286
6,0.000682755199216661,0.0006950585395097733,0.4993452380952381,0.5011785714285715
7,0.0006829154846214112,0.000695130929350853,0.4991130952380952,0.5008928571428571
8,0.0006826896522016753,0.0006949597788708551,0.49926190476190474,0.5010714285714286
9,0.0006826111660117195,0.0006948293298482895,0.49935714285714283,0.5013214285714286
10,0.0006826315699588685,0.0006949685513973237,0.4991011904761905,0.5010357142857143
11,0.0006830629128075781,0.00069533757013934,0.4988392857142857,0.5005714285714286
12,0.000683160455099174,0.000695463878767831,0.49883333333333335,0.5004285714285714
13,0.0006831522034037681,0.0006954862028360366,0.49876785714285715,0.5004285714285714
14,0.0006833074202849752,0.0006955163244690214,0.4987916666666667,0.5005
15,0.0006833647202168192,0.0006955519318580627,0.49876190476190474,0.5004642857142857
16,0.0006832226830578986,0.0006955092591898782,0.49876785714285715,0.5005
17,0.000683147080952213,0.0006953896411827633,0.4987916666666667,0.5004285714285714
18,0.0006838931647085008,0.0006960920287030083,0.49875,0.5005
19,0.0006835110325898443,0.0006957799877439227,0.49876785714285715,0.5005
