,loss/train,loss/valid,acc/train,acc/valid
0,0.0006890453426610856,0.0007000282832554408,0.5037857142857143,0.5066428571428572
1,0.0006914012222772553,0.0007023434170654842,0.5022678571428572,0.5053571428571428
2,0.0006955195158010437,0.0007064087731497628,0.5007559523809524,0.5036071428571428
3,0.0006946822819965227,0.0007052459035600935,0.5005952380952381,0.50375
4,0.0006972201494943528,0.0007081046594040734,0.5000357142857143,0.5026071428571428
5,0.0006960492847221238,0.0007069660872220993,0.500125,0.5026428571428572
6,0.0006974251004202025,0.0007083689357553209,0.5000357142857143,0.5025
7,0.0007002446027029128,0.0007109892134155546,0.499625,0.5019285714285714
8,0.0006987386817733447,0.0007094539765800748,0.49973809523809526,0.5022857142857143
9,0.0006974506158204305,0.0007086241394281388,0.49988095238095237,0.5025
10,0.000701096762858686,0.000711746871471405,0.4994642857142857,0.5016428571428572
11,0.0007011699616199448,0.000711735372032438,0.4994345238095238,0.5014642857142857
12,0.0006992575171447936,0.000710304605109351,0.4994345238095238,0.5014285714285714
13,0.0007021095252462795,0.0007131013870239258,0.49914285714285717,0.5011428571428571
14,0.0007025720459364709,0.0007135865326438631,0.4990833333333333,0.5011071428571429
15,0.0007042287318479448,0.0007148895668131964,0.49907142857142855,0.5008928571428571
