,loss/train,loss/valid,acc/train,acc/valid
0,0.0006817232214269184,0.0006945212462118694,0.5049404761904762,0.5013214285714286
1,0.0006798124618473507,0.0006922252454927989,0.5190059523809524,0.5174642857142857
2,0.0006813972741365433,0.0006935561916657857,0.5076607142857142,0.5095714285714286
3,0.0006856162725459962,0.0006974719251905168,0.49989285714285714,0.5009642857142858
4,0.0006875825261785871,0.0006996969218764986,0.4988869047619048,0.5007857142857143
5,0.000687669218650886,0.0006997281972851072,0.49876785714285715,0.50075
6,0.000690626863567602,0.000702652381999152,0.4987142857142857,0.5005
7,0.0006926419898158028,0.0007046144413096565,0.4987202380952381,0.5005
8,0.0006945328794064976,0.0007062507037605559,0.4987261904761905,0.5005
9,0.0006927618050859088,0.0007049228378704616,0.4987261904761905,0.5005
10,0.0006951389628506843,0.0007069952189922333,0.4987202380952381,0.5005
11,0.0006953783989662216,0.0007073081540209906,0.4987202380952381,0.5005
12,0.0006959770069945426,0.0007078763161386762,0.4987202380952381,0.5005
13,0.0006980002863066537,0.0007099922533546176,0.4987202380952381,0.5005
14,0.0006978500038385392,0.0007094266095331737,0.4987202380952381,0.5005
15,0.0006980282011486235,0.0007098435887268611,0.4987202380952381,0.5005
16,0.0006988264386143003,0.0007104640432766506,0.4987202380952381,0.5005
