,loss/train,loss/valid,acc/train,acc/valid
0,0.0007968787873784701,0.0008139494700091226,0.5012797619047619,0.4995
1,0.0007977507263422012,0.0008139494700091226,0.5012797619047619,0.4995
2,0.0007976635282947904,0.0008139494700091226,0.5012797619047619,0.4995
3,0.0007976635258112634,0.0008139494700091226,0.5012797619047619,0.4995
4,0.0007974891371670224,0.0008139494700091226,0.5012797619047619,0.4995
5,0.0007974891396505492,0.0008139494700091226,0.5012797619047619,0.4995
6,0.000797401946570192,0.0008139494700091226,0.5012797619047619,0.4995
7,0.000797489147810709,0.0008139494700091226,0.5012797619047619,0.4995
8,0.0007969659790396691,0.0008139494700091226,0.5012797619047619,0.4995
9,0.0007972275582807405,0.0008139494700091226,0.5012797619047619,0.4995
10,0.0007978379165842419,0.0008139494700091226,0.5012797619047619,0.4995
11,0.0007973147506515185,0.0008139494700091226,0.5012797619047619,0.4995
12,0.0007972275628930046,0.0008139494700091226,0.5012797619047619,0.4995
13,0.0007975763309569586,0.0008139494700091226,0.5012797619047619,0.4995
14,0.000797489138231391,0.0008139494700091226,0.5012797619047619,0.4995
15,0.0007975763302473795,0.0008139494700091226,0.5012797619047619,0.4995
16,0.000797053170700868,0.0008139494700091226,0.5012797619047619,0.4995
17,0.0007975763348596436,0.0008139494700091226,0.5012797619047619,0.4995
18,0.0007978379137459255,0.0008139494700091226,0.5012797619047619,0.4995
19,0.0007973147534898349,0.0008139494700091226,0.5012797619047619,0.4995
20,0.0007976635297139486,0.0008139494700091226,0.5012797619047619,0.4995
21,0.0007973147563281513,0.0008139494700091226,0.5012797619047619,0.4995
22,0.0007975763362788018,0.0008139494700091226,0.5012797619047619,0.4995
23,0.0007974891371670224,0.0008139494700091226,0.5012797619047619,0.4995
24,0.000797401946570192,0.0008139494700091226,0.5012797619047619,0.4995
25,0.0007976635226181575,0.0008139494700091226,0.5012797619047619,0.4995
