,loss/train,loss/valid,acc/train,acc/valid
0,0.0006844862869807652,0.0006968374529055187,0.49460714285714286,0.4954642857142857
1,0.0006849581177035967,0.0006971804606063025,0.501375,0.5036428571428572
2,0.0006872008471261888,0.000699294171163014,0.5004404761904762,0.5015357142857143
3,0.0006934586028967584,0.0007054346948862076,0.49873214285714285,0.5005357142857143
4,0.0006966086810543424,0.0007083438847746168,0.4987261904761905,0.5004642857142857
5,0.00070206661096641,0.0007140134551695415,0.4987202380952381,0.5005
6,0.0007012584667120661,0.000713221469095775,0.4987202380952381,0.5005
7,0.000705620978204977,0.0007174004444054195,0.4987202380952381,0.5005
8,0.0007053343298889342,0.0007169625418526785,0.4987202380952381,0.5005
9,0.0007062851829188211,0.0007180462500878743,0.4987202380952381,0.5005
10,0.0007100201376846858,0.0007216981862272535,0.4987202380952381,0.5005
11,0.0007127620173352106,0.0007244832473141807,0.4987202380952381,0.5005
12,0.0007120961543349993,0.000723825427038329,0.4987202380952381,0.5005
13,0.0007164153673109554,0.0007282997284616743,0.4987202380952381,0.5005
14,0.0007145481077688081,0.0007265160296644484,0.4987202380952381,0.5005
15,0.0007147385169352804,0.0007264357336929867,0.4987202380952381,0.5005
