,loss/train,loss/valid,acc/train,acc/valid
0,0.0006894222689526421,0.0007017233222723008,0.4991011904761905,0.5006785714285714
1,0.0006884419669707616,0.0007009001544543676,0.4992797619047619,0.50075
2,0.0006896323572312083,0.0007019601549421038,0.49897619047619046,0.5007142857142857
3,0.0006897213051006907,0.0007020318231412343,0.49899404761904764,0.5007142857142857
4,0.0006889965005573772,0.0007013798419918333,0.49904166666666666,0.5007857142857143
5,0.0006887169185848463,0.0007011932390076774,0.49904166666666666,0.50075
6,0.0006891428980798949,0.00070142562687397,0.4991309523809524,0.50075
7,0.0006890617190372377,0.0007015693081276757,0.4990297619047619,0.5007142857142857
8,0.0006886755763774827,0.0007010213966880525,0.49916666666666665,0.5007857142857143
9,0.0006888297863659404,0.0007011441630976541,0.49910714285714286,0.5008214285714285
10,0.000688804662653378,0.0007011447506291526,0.4991309523809524,0.5008571428571429
11,0.0006892959695486795,0.0007016843663794653,0.49898809523809523,0.5007857142857143
12,0.0006892727893732843,0.0007015795856714249,0.49900595238095236,0.5007857142857143
13,0.0006892656439117023,0.0007016785506691252,0.4990952380952381,0.5008214285714285
14,0.0006899031329722631,0.0007021571461643492,0.49892857142857144,0.5007142857142857
15,0.0006893378130736805,0.0007017286994627544,0.4989345238095238,0.5008214285714285
16,0.0006891156921074504,0.0007015507008348192,0.49902380952380954,0.5007142857142857
