,loss/train,loss/valid,acc/train,acc/valid
0,0.0006817714007837432,0.0006938512793609074,0.49985714285714283,0.5017857142857143
1,0.0006874924177924792,0.0006995484786374228,0.4987261904761905,0.5005357142857143
2,0.000692020948444094,0.0007037933043071202,0.4987202380952381,0.5005
3,0.0006925626989631425,0.0007044178588049752,0.4987202380952381,0.5005
4,0.0006949849416102682,0.0007067737685782569,0.4987202380952381,0.5005
5,0.0006967785152651015,0.0007084639072418213,0.4987202380952381,0.5005
6,0.0006967690154200508,0.000708493132676397,0.4987202380952381,0.5005
7,0.0006980986552579063,0.0007096716782876424,0.4987202380952381,0.5005
8,0.0006978620641997882,0.0007087416521140507,0.4987202380952381,0.5005
9,0.0006970402059100923,0.000708702911223684,0.4987202380952381,0.5005
10,0.0006990657246538571,0.0007106614304440362,0.4987202380952381,0.5005
11,0.0007008663344950903,0.0007125494884593146,0.4987202380952381,0.5005
12,0.0007021034622476214,0.0007136463693210057,0.4987202380952381,0.5005
13,0.0007042055676380793,0.0007156945850167955,0.4987202380952381,0.5005
14,0.0007062798429812704,0.0007176785618066788,0.4987202380952381,0.5005
15,0.0007073519421475275,0.0007190507671662739,0.4987202380952381,0.5005
