,loss/train,loss/valid,acc/train,acc/valid
0,0.0003384927145781971,0.00034106662656579697,0.6265119047619048,0.6286071428571428
1,0.0003946804805170922,0.0003985145602907453,0.5147678571428571,0.51575
2,0.00039177847369795756,0.00039623488060065677,0.5182797619047619,0.52
3,0.0003907549615417208,0.0003948355231966291,0.5211130952380952,0.5225714285714286
4,0.0002994307144766762,0.00030159727377550944,0.7067321428571428,0.7097142857142857
5,0.00029797766960802533,0.00029963952941553933,0.7107619047619048,0.7138571428571429
6,0.0003040503639550436,0.0003064728443111692,0.6979404761904762,0.7001785714285714
7,0.0002977900373793784,0.0002998075293643134,0.7103988095238095,0.7135
8,0.00029904085184846604,0.0002998212767498834,0.7102142857142857,0.7134642857142857
9,0.0002980954430642582,0.0002997966855764389,0.7103154761904762,0.7135357142857143
10,0.00029742579623347236,0.00029970284019197735,0.7105952380952381,0.71375
11,0.0002985207683273724,0.00029970060288906096,0.7105595238095238,0.71375
12,0.00036577728674525305,0.0003691502468926566,0.5716964285714285,0.5737857142857142
13,0.0002975809400280317,0.00029981060538973126,0.710654761904762,0.7135357142857143
14,0.00029793741695937655,0.0002997955424445016,0.7104761904761905,0.7136071428571429
15,0.00029831092059612275,0.0003005713905606951,0.7091309523809524,0.7120357142857143
16,0.00029714658572560265,0.0002996286026069096,0.7118511904761905,0.7137142857142857
17,0.00029762041959024613,0.00029966236863817485,0.7107559523809523,0.7138214285714286
18,0.0003419997071226438,0.00034483695030212405,0.6206011904761904,0.6232857142857143
19,0.00034988007978314445,0.00035233522100108013,0.6045952380952381,0.6079642857142857
20,0.00029800049463907875,0.00029987977232251846,0.7103511904761904,0.7133928571428572
21,0.0002972420226959955,0.0002999602598803384,0.7102380952380952,0.7132142857142857
22,0.00029802786133119037,0.00029988015762397223,0.7102916666666667,0.7133928571428572
23,0.0002975342401436397,0.0002998023522751672,0.7105654761904762,0.7135357142857143
