,loss/train,loss/valid,acc/train,acc/valid
0,0.0006787476337381771,0.0006907377860375813,0.530702380952381,0.5348571428571428
1,0.0006784193132604872,0.0006904189075742449,0.5368571428571428,0.5406428571428571
2,0.000678844886876288,0.000690809068935258,0.5257083333333333,0.5293928571428571
3,0.0006796279648939768,0.0006915046657834734,0.5099404761904762,0.5133928571428571
4,0.0006796856263563746,0.0006915708205529621,0.5123690476190477,0.5160357142857143
5,0.0006799315341881343,0.0006918496042490006,0.5096904761904761,0.5131071428571429
6,0.0006797670292712394,0.0006916772595473698,0.5140892857142857,0.5179642857142858
7,0.0006800131776503154,0.0006918806327240808,0.5090119047619047,0.5115
8,0.0006799540321032207,0.0006918740187372481,0.507797619047619,0.5110357142857143
9,0.0006797810693581899,0.0006916573877845492,0.5128869047619048,0.5153214285714286
10,0.0006798724244747843,0.000691787315266473,0.5115535714285714,0.5140357142857143
11,0.0006796861840855507,0.0006916564255952835,0.5153154761904762,0.5171428571428571
12,0.0006796419216053826,0.0006915747118847711,0.5182380952380953,0.5211428571428571
13,0.0006792135380563281,0.0006911361621958869,0.5249345238095238,0.5280714285714285
14,0.0006787233938063894,0.0006906100830861501,0.5344285714285715,0.5375357142857143
15,0.0006789709074156625,0.0006908454384122576,0.5280535714285715,0.5311428571428571
16,0.0006789667333165805,0.0006908397227525711,0.5275178571428571,0.5311428571428571
