,loss/train,loss/valid,acc/train,acc/valid
0,0.0006765476482964698,0.0006878066169364111,0.5212976190476191,0.5226071428571428
1,0.0006281323805451393,0.0006368788033723832,0.6538869047619048,0.6595357142857143
2,0.0006294772046662512,0.0006384029196841376,0.6065595238095238,0.6123214285714286
3,0.0006122374587825367,0.0006217302871601922,0.665577380952381,0.66675
4,0.0006425839094888596,0.0006518175665821348,0.5556666666666666,0.5595714285714286
5,0.0006257073946651958,0.0006367214577538626,0.6401785714285714,0.6425
6,0.0006030196976803598,0.0006109519068683897,0.6693809523809524,0.6724642857142857
7,0.0006363493658247448,0.0006450429218155997,0.6270476190476191,0.6309285714285714
8,0.0005939492632945378,0.0006022710033825466,0.6924345238095239,0.6954642857142858
9,0.0005897236927634193,0.0005972560963460377,0.6839761904761905,0.6855357142857142
10,0.0005919255617828596,0.0006005530506372451,0.6881964285714286,0.6896785714285715
11,0.0005991181717032478,0.0006080767576183591,0.6656011904761905,0.6704642857142857
12,0.0006921717336490041,0.0007060863631112235,0.5426309523809524,0.5423214285714286
13,0.0006074436484348206,0.0006167344472237995,0.6836904761904762,0.6884642857142858
14,0.0005905946219960848,0.0005985062271356582,0.6928333333333333,0.6967857142857142
15,0.0005981457233428955,0.0006061185726097652,0.6866845238095238,0.6917142857142857
16,0.0005957269086724236,0.0006040568351745605,0.6924821428571428,0.6992142857142857
17,0.0006015951303499085,0.0006092590178762164,0.6625059523809523,0.6660714285714285
18,0.0005954742875127566,0.0006034190995352609,0.6788928571428572,0.6814285714285714
19,0.000620419438750971,0.0006283543535641261,0.6592023809523809,0.6662142857142858
20,0.0006393918277961867,0.0006477130736623492,0.6173333333333333,0.6191428571428571
21,0.0005974004687297912,0.0006055841786520822,0.6750416666666667,0.67775
22,0.0006399280134411085,0.0006495078887258257,0.597297619047619,0.5992142857142857
23,0.000594910985657147,0.0006025279739073345,0.6914166666666667,0.6961785714285714
24,0.000588975805966627,0.0005971989631652832,0.6962857142857143,0.6979642857142857
