,loss/train,loss/valid,acc/train,acc/valid
0,0.0006836558076597396,0.0006967121341398784,0.4888095238095238,0.4846785714285714
1,0.0006827980904352098,0.0006956248623984201,0.49157142857142855,0.48592857142857143
2,0.0006819486618041993,0.0006946840137243271,0.5009702380952381,0.4995357142857143
3,0.0006815743953699157,0.0006942593774625233,0.5031904761904762,0.5035
4,0.0006813192559140069,0.0006940013042518071,0.5044821428571429,0.5017142857142857
5,0.0006812588029674121,0.0006939270049333572,0.5030476190476191,0.50125
6,0.0006812172340495246,0.0006939313922609602,0.5013035714285714,0.49892857142857144
7,0.0006812869406172207,0.0006939971979175295,0.4998511904761905,0.49564285714285716
8,0.0006812033756148247,0.0006939133277961186,0.5011369047619048,0.4972142857142857
9,0.0006811538338661194,0.0006938043960503169,0.5022142857142857,0.4980357142857143
10,0.0006814195535012654,0.0006941353125231607,0.4940178571428571,0.491
11,0.0006811727555025191,0.0006938374617270061,0.498452380952381,0.4945357142857143
12,0.0006814185178705624,0.0006941341076578413,0.4926607142857143,0.48807142857142854
13,0.0006812883526796386,0.0006939827884946551,0.49282738095238093,0.48775
14,0.0006815497484945115,0.0006942190187317985,0.49176785714285715,0.4878571428571429
15,0.0006814287127483459,0.0006940729447773525,0.49154166666666665,0.48792857142857143
16,0.0006812138731280963,0.0006938733862979072,0.4942797619047619,0.4891785714285714
17,0.0006813705591928391,0.0006940530623708453,0.4920059523809524,0.48814285714285716
18,0.0006814254451365698,0.0006940769574471882,0.49064285714285716,0.4871785714285714
19,0.0006812405412395795,0.0006938738950661251,0.4925535714285714,0.48910714285714285
20,0.000681290199359258,0.0006939149413790022,0.4916607142857143,0.48839285714285713
21,0.0006813405847975186,0.000693972796201706,0.489875,0.48778571428571427
22,0.000681362543787275,0.0006939617650849479,0.4891964285714286,0.4870357142857143
23,0.0006814155372835341,0.0006939957759210042,0.4899404761904762,0.48778571428571427
24,0.0006812505204053152,0.000693866668002946,0.4911845238095238,0.48810714285714285
