,loss/train,loss/valid,acc/train,acc/valid
0,0.0006831445583984965,0.0006949553915432522,0.5033988095238096,0.5053571428571428
1,0.0006826632445057233,0.0006945426038333348,0.5043869047619047,0.5077142857142857
2,0.000683202621837457,0.0006950780940907342,0.5028214285714285,0.5053571428571428
3,0.0006830372466217904,0.0006949506253004074,0.5034821428571429,0.5063214285714286
4,0.0006831623588999113,0.0006950469613075256,0.5029166666666667,0.5056428571428572
5,0.0006831281131931714,0.0006950390189886093,0.5028214285714285,0.5055
6,0.0006832702880104382,0.0006951681481940406,0.5028035714285715,0.5057142857142857
7,0.000683296107110523,0.0006951079964637757,0.5026488095238095,0.5050714285714286
8,0.0006831467815098308,0.000695077508687973,0.5028035714285715,0.5053928571428571
9,0.0006831136501970745,0.0006949505763394492,0.5029464285714286,0.5056071428571428
10,0.0006833956897968337,0.0006953601773296084,0.5021011904761905,0.5041428571428571
11,0.0006832279573593821,0.0006951122794832502,0.5028154761904762,0.5054285714285714
12,0.0006838234638174375,0.0006956800584282194,0.5016130952380953,0.5038214285714285
13,0.0006830128033955892,0.0006949683087212699,0.5035357142857143,0.5061785714285715
14,0.0006832573232906206,0.0006951172011239188,0.5028035714285715,0.5050357142857143
15,0.0006828550401897658,0.0006947710024459022,0.5035119047619048,0.5053571428571428
16,0.0006831620211402575,0.0006951044201850891,0.503077380952381,0.505
