,loss/train,loss/valid,acc/train,acc/valid
0,0.0006059070158572424,0.0006148816687720162,0.6729047619047619,0.6748214285714286
1,0.0006014925032144501,0.0006103115805557795,0.688797619047619,0.6934285714285714
2,0.0005971400510697138,0.000605336246745927,0.6889285714285714,0.6911428571428572
3,0.0005953368253651119,0.0006020904502698353,0.6798154761904762,0.6878214285714286
4,0.0005902261357931864,0.0005978963992425374,0.6848273809523809,0.6863928571428571
5,0.0005933543805565153,0.0006014430033309119,0.6890833333333334,0.6890714285714286
6,0.0005956104362294788,0.0006041674486228398,0.6938035714285714,0.6981428571428572
7,0.0005932789207214401,0.0006020563542842865,0.6946130952380952,0.6959285714285715
8,0.0006058867172825905,0.0006150183847972325,0.6900357142857143,0.6925
9,0.0005859070193199884,0.0005940583859171186,0.6967142857142857,0.6994285714285714
10,0.0005868746482190632,0.000594875801886831,0.6954107142857143,0.69875
11,0.0005879011587018059,0.0005965453152145658,0.6991190476190476,0.7007142857142857
12,0.0005912918664869808,0.0005996002980640956,0.6946547619047619,0.6966428571428571
13,0.000582051429720152,0.0005903721494334085,0.697827380952381,0.6988214285714286
14,0.0005930971293931916,0.000601853962455477,0.7007619047619048,0.7017857142857142
15,0.0005885772974718185,0.0005964306869677135,0.6946130952380952,0.6998214285714286
16,0.0005926935257656234,0.0006000074063028608,0.6874464285714286,0.6929285714285714
17,0.0005883260280603454,0.0005967924403292792,0.6947202380952381,0.6977857142857142
18,0.000587992780265354,0.0005961201254810606,0.6986785714285715,0.7004285714285714
19,0.0005866182332947141,0.0005946725713355201,0.7025119047619047,0.7043571428571429
20,0.0005980292267742611,0.0006061917628560747,0.691,0.6915
21,0.0005961565442738079,0.0006041264363697597,0.6971666666666667,0.702
22,0.000590893179887817,0.0005990168750286102,0.7018809523809524,0.7047857142857142
23,0.0005863315934936205,0.0005943956822156906,0.7035892857142857,0.7054285714285714
24,0.000583625119356882,0.0005916429523910795,0.7037083333333334,0.706
25,0.0005908436995177041,0.0005991895177534649,0.7034464285714286,0.7072857142857143
26,0.0005861825059567179,0.0005945670178958348,0.6920952380952381,0.695
27,0.0005855358218153318,0.0005935819170304707,0.7037440476190476,0.7060357142857143
28,0.0005839904961841447,0.0005922727478402002,0.7033690476190476,0.7071428571428572
