,loss/train,loss/valid,acc/train,acc/valid
0,0.0007974019483441399,0.0008139494700091226,0.5012797619047619,0.4995
1,0.0007976635290043695,0.0008139494700091226,0.5012797619047619,0.4995
2,0.000797227561828636,0.0008139494700091226,0.5012797619047619,0.4995
3,0.0007972275572163719,0.0008139494700091226,0.5012797619047619,0.4995
4,0.0007976635318426859,0.0008139494700091226,0.5012797619047619,0.4995
5,0.000797750724923043,0.0008139494700091226,0.5012797619047619,0.4995
6,0.0007973147517158872,0.0008139494700091226,0.5012797619047619,0.4995
7,0.0007977507181820416,0.0008139494700091226,0.5012797619047619,0.4995
8,0.0007972275611190569,0.0008139494700091226,0.5012797619047619,0.4995
9,0.0007967915946529025,0.0008139494700091226,0.5012797619047619,0.4995
10,0.0007974019486989294,0.0008139494700091226,0.5012797619047619,0.4995
11,0.0007794471219891594,0.0007924942970275879,0.5192023809523809,0.5204285714285715
12,0.00077237157559111,0.0007871614673307963,0.5267678571428571,0.5255714285714286
13,0.0007771999087362062,0.0007905290552548,0.5222083333333334,0.5223571428571429
14,0.0007972040854039646,0.0008101482625518527,0.5014047619047619,0.5026428571428572
15,0.0008000758606053534,0.0008125734180212021,0.4987202380952381,0.5005
16,0.0007995701499638103,0.0008125385407890593,0.4987916666666667,0.5005357142857143
17,0.0007997735969367481,0.0008125734180212021,0.49876190476190474,0.5005
18,0.00079995960884151,0.0008125734180212021,0.49875,0.5005
19,0.0007995875850319862,0.0008125385407890593,0.4987738095238095,0.5005357142857143
20,0.0007996922160188357,0.0008125385407890593,0.4987559523809524,0.5005357142857143
21,0.0007999712306828726,0.0008125385407890593,0.49873809523809526,0.5005357142857143
22,0.0008004013895988464,0.0008125036635569163,0.4987440476190476,0.5005714285714286
23,0.0008003374455230577,0.0008125734180212021,0.4987202380952381,0.5005
24,0.0008001630611362911,0.0008125385407890593,0.4987202380952381,0.5005357142857143
25,0.0007993376311801729,0.0008125385407890593,0.49876190476190474,0.5005357142857143
26,0.0008007443483386721,0.0008125734180212021,0.49875,0.5005
27,0.000799331820791676,0.0008125036635569163,0.49876785714285715,0.5005714285714286
