,loss/train,loss/valid,acc/train,acc/valid
0,0.000690383463033608,0.0007028940128428595,0.5004880952380952,0.5020714285714286
1,0.0006926061468464987,0.0007047630165304456,0.4998214285714286,0.5008928571428571
2,0.000692892353449549,0.0007050420535462243,0.49951190476190477,0.5006785714285714
3,0.0006942630332140696,0.0007065266711371286,0.4990178571428571,0.5007142857142857
4,0.0006947590265245665,0.000706863494856017,0.4989047619047619,0.5006071428571428
5,0.0006960649710325968,0.0007081830373832158,0.49881547619047617,0.5005
6,0.000696172075966994,0.0007084192314318248,0.4987857142857143,0.5005714285714286
7,0.0006972517051867076,0.0007092824535710471,0.49875,0.5006071428571428
8,0.0006961050242895172,0.0007083970031567982,0.4987916666666667,0.5005714285714286
9,0.000695972509327389,0.0007080525074686323,0.4987440476190476,0.5005714285714286
10,0.0006975456735207921,0.0007096352470772607,0.4987440476190476,0.5005357142857143
11,0.000697131342121533,0.0007093637521777835,0.4987440476190476,0.5005357142857143
12,0.0006958204404938789,0.0007077271597726004,0.49875,0.5005357142857143
13,0.0006968989978943552,0.0007089625000953674,0.49873809523809526,0.5005
14,0.0006954302613933881,0.0007074940609080451,0.49873214285714285,0.5005
15,0.0006977838707112131,0.0007096528240612575,0.4987440476190476,0.5005
