,loss/train,loss/valid,acc/train,acc/valid
0,0.0006145295380126862,0.0006261396429368428,0.6615238095238095,0.6608928571428572
1,0.0006201681267647516,0.0006320368966885975,0.646625,0.6465357142857143
2,0.0006681036069279625,0.0006814045395169939,0.6347380952380952,0.6345357142857143
3,0.0006088192381319545,0.0006191775160176413,0.6637857142857143,0.6657857142857143
4,0.0006728872404921623,0.0006852795439107077,0.5773392857142857,0.5773214285714285
5,0.0005973838039097332,0.0006090044932706016,0.6861130952380953,0.6837142857142857
6,0.0006078490121733574,0.0006189092078379223,0.6675476190476191,0.6670714285714285
7,0.0005949234859574409,0.0006058882006577083,0.6761428571428572,0.6794642857142857
8,0.0006035469962017877,0.0006143312262637275,0.6767440476190476,0.6782142857142858
9,0.0005936967666660037,0.0006052668243646622,0.6870714285714286,0.6876428571428571
10,0.0006251825558997336,0.0006372541316917964,0.6438035714285715,0.6439642857142858
11,0.0006634420670923733,0.0006775717650141035,0.6370059523809524,0.6346428571428572
12,0.0007357895707800274,0.0007489610250507082,0.5610833333333334,0.5616428571428571
13,0.0007143262993721735,0.000727028672184263,0.5842440476190476,0.58375
14,0.0006614852732136136,0.0006757872572966984,0.6391845238095238,0.6369285714285714
15,0.0006442835469331061,0.0006542466942753111,0.6557142857142857,0.6577857142857143
16,0.0006321160690415473,0.0006438672180686678,0.6681845238095238,0.6680357142857143
17,0.0006394780207247961,0.0006510655752250126,0.6611428571428571,0.6605357142857143
18,0.0006502721636068254,0.0006612829736300877,0.650452380952381,0.651
19,0.0007510600572540647,0.0007660589005265917,0.548125,0.5471071428571429
20,0.0007991167399145308,0.0008126082952533449,0.4987202380952381,0.5004642857142857
21,0.0007996805856625239,0.0008125734180212021,0.49876785714285715,0.5005
22,0.0007997063554468609,0.0008125385407890593,0.49873809523809526,0.5005357142857143
23,0.0007999421744829132,0.0008126082952533449,0.49876785714285715,0.5004642857142857
24,0.0008001572425876345,0.0008126082952533449,0.4987261904761905,0.5004642857142857
