,loss/train,loss/valid,acc/train,acc/valid
0,0.0007980123023901667,0.0008139494700091226,0.5012797619047619,0.4995
1,0.0007974891442628134,0.0008139494700091226,0.5012797619047619,0.4995
2,0.000797401946570192,0.0008139494700091226,0.5012797619047619,0.4995
3,0.0007973147506515185,0.0008139494700091226,0.5012797619047619,0.4995
4,0.0007976635240373157,0.0008139494700091226,0.5012797619047619,0.4995
5,0.0007976635236825262,0.0008139494700091226,0.5012797619047619,0.4995
6,0.0007976635229729471,0.0008139494700091226,0.5012797619047619,0.4995
7,0.0007978379116171882,0.0008139494700091226,0.5012797619047619,0.4995
8,0.0007980994894391015,0.0008139494700091226,0.5012797619047619,0.4995
9,0.00079775071144104,0.0008139494700091226,0.5012797619047619,0.4995
10,0.000797675154038838,0.0008139843472412654,0.5012678571428572,0.4994642857142857
11,0.0007977507206655684,0.0008139494700091226,0.5012797619047619,0.4995
12,0.0007970531792158172,0.0008139494700091226,0.5012797619047619,0.4995
13,0.0007972391889918419,0.0008139494700091226,0.5012678571428572,0.4995
14,0.000798273873825868,0.0008139494700091226,0.5012797619047619,0.4995
15,0.0007974019494085085,0.0008139494700091226,0.5012797619047619,0.4995
16,0.0007976635290043695,0.0008139494700091226,0.5012797619047619,0.4995
17,0.0007979251107289678,0.0008139494700091226,0.5012797619047619,0.4995
18,0.0007969659804588273,0.0008139494700091226,0.5012797619047619,0.4995
19,0.0007973147467488335,0.0008139494700091226,0.5012797619047619,0.4995
20,0.0007977507227943057,0.0008139494700091226,0.5012797619047619,0.4995
21,0.0007979250997304917,0.0008139494700091226,0.5012797619047619,0.4995
22,0.0007969659832971436,0.0008139494700091226,0.5012797619047619,0.4995
23,0.0007977507270517804,0.0008139494700091226,0.5012797619047619,0.4995
24,0.0007976635290043695,0.0008139494700091226,0.5012797619047619,0.4995
25,0.0007974019476345608,0.0008139494700091226,0.5012797619047619,0.4995
26,0.0007977507149889355,0.0008139494700091226,0.5012797619047619,0.4995
27,0.000797925101859229,0.0008139494700091226,0.5012797619047619,0.4995
28,0.0007976635300687381,0.0008139494700091226,0.5012797619047619,0.4995
29,0.0007980123052284831,0.0008139494700091226,0.5012797619047619,0.4995
