,loss/train,loss/valid,acc/train,acc/valid
0,0.0008003302606798354,0.0008131307576383863,0.497875,0.4997142857142857
1,0.0007991167402693203,0.0008125734180212021,0.4987202380952381,0.5005
2,0.000800424643925258,0.0008125734180212021,0.4987202380952381,0.5005
3,0.0008004246407321521,0.0008125734180212021,0.4987202380952381,0.5005
4,0.0007999886728468395,0.0008125734180212021,0.4987202380952381,0.5005
5,0.0007997270879291353,0.0008125734180212021,0.4987202380952381,0.5005
6,0.0007996398952035677,0.0008125734180212021,0.4987202380952381,0.5005
7,0.0008001630582979747,0.0008125734180212021,0.4987202380952381,0.5005
8,0.0008002502506687528,0.0008125734180212021,0.4987202380952381,0.5005
9,0.0007999014765733765,0.0008125734180212021,0.4987202380952381,0.5005
10,0.0008005118313289824,0.0008125734180212021,0.4987202380952381,0.5005
11,0.0008000758701846713,0.0008125734180212021,0.4987202380952381,0.5005
12,0.0008005118309741928,0.0008125734180212021,0.4987202380952381,0.5005
13,0.0008003374426847412,0.0008125734180212021,0.4987202380952381,0.5005
14,0.0008005118352316675,0.0008125734180212021,0.4987202380952381,0.5005
15,0.0008001630572336061,0.0008125734180212021,0.4987202380952381,0.5005
16,0.0007996399026541483,0.0008125734180212021,0.4987202380952381,0.5005
17,0.0007999886685893649,0.0008125734180212021,0.4987202380952381,0.5005
18,0.0008002502545714378,0.0008125734180212021,0.4987202380952381,0.5005
19,0.00079998867249205,0.0008125734180212021,0.4987202380952381,0.5005
20,0.000800163060426712,0.0008125734180212021,0.4987202380952381,0.5005
21,0.0007993783237678664,0.0008125734180212021,0.4987202380952381,0.5005
22,0.0007998142898792312,0.0008125734180212021,0.4987202380952381,0.5005
23,0.0007999014818952197,0.0008125734180212021,0.4987202380952381,0.5005
24,0.0007998142870409148,0.0008125734180212021,0.4987202380952381,0.5005
25,0.0007999886753303665,0.0008125734180212021,0.4987202380952381,0.5005
26,0.0008001630614910807,0.0008125734180212021,0.4987202380952381,0.5005
27,0.000799901480121272,0.0008125734180212021,0.4987202380952381,0.5005
28,0.0007997270950249264,0.0008125734180212021,0.4987202380952381,0.5005
29,0.0008002502481852259,0.0008125734180212021,0.4987202380952381,0.5005
