,loss/train,loss/valid,acc/train,acc/valid
0,0.0006063204638305165,0.0006160777679511479,0.6828333333333333,0.6849642857142857
1,0.0006071828543430283,0.0006165373900106975,0.6695357142857142,0.6693214285714286
2,0.0005913952330038661,0.0006025003152234213,0.6979107142857143,0.6979642857142857
3,0.0005878081442344756,0.0005985425455229623,0.7046428571428571,0.7037142857142857
4,0.0005927666063819612,0.0006037427144391196,0.7047142857142857,0.7033571428571429
5,0.000599804556795529,0.0006109555959701538,0.6713809523809524,0.6701785714285714
6,0.0005779351152124859,0.0005889942603451865,0.7176666666666667,0.7158928571428571
7,0.0005748030564614705,0.0005853323489427567,0.718125,0.7165357142857143
8,0.0005782086256714094,0.0005902734356267111,0.706595238095238,0.7029285714285715
9,0.0005706713458611852,0.0005822124630212784,0.7158392857142857,0.7153214285714286
10,0.0005756476038978214,0.0005874012304203851,0.723547619047619,0.7226785714285714
11,0.0005676886680580321,0.0005793216015611376,0.725845238095238,0.7228928571428571
12,0.0005934388924922262,0.000604117384978703,0.6705059523809523,0.6721071428571429
13,0.0005621940674526351,0.0005736107868807656,0.727077380952381,0.7262142857142857
14,0.0005680168469746908,0.0005801127978733607,0.7295059523809524,0.7278571428571429
15,0.0005695758071683702,0.00058139311841556,0.7315416666666666,0.731
16,0.0005684069739211173,0.0005801236182451248,0.7287738095238095,0.7251428571428571
17,0.0005726367948310716,0.0005838875940867833,0.7193809523809523,0.7157142857142857
18,0.0005727182988609586,0.0005845636001655034,0.7252559523809524,0.7228928571428571
19,0.0005649848658414114,0.0005766309691326959,0.7313928571428572,0.73075
20,0.0005626789913291023,0.0005750807481152671,0.7348095238095238,0.7308571428571429
21,0.0005650979837491398,0.0005764383247920445,0.7313214285714286,0.7304642857142857
22,0.0005633199725832258,0.0005759110493319375,0.7331726190476191,0.7276071428571429
23,0.0005657119811290787,0.000578240869300706,0.7296190476190476,0.7263928571428572
24,0.0005685513690114021,0.000579986606325422,0.7251309523809524,0.7241428571428571
25,0.0005684919279246103,0.0005820753702095577,0.7145238095238096,0.7096785714285714
26,0.0005657946240334283,0.0005782443710735866,0.7306190476190476,0.7256785714285714
27,0.0005624063270432608,0.0005744060128927231,0.7361309523809524,0.7323214285714286
28,0.0005647429337813741,0.0005778341335909707,0.7249940476190476,0.7215714285714285
