,loss/train,loss/valid,acc/train,acc/valid
0,0.00068672918847629,0.0006995575534445899,0.5064642857142857,0.5049285714285714
1,0.0006863332483030501,0.0006990829088858195,0.5066011904761905,0.5053214285714286
2,0.000685962123175462,0.0006988875418901443,0.5068869047619048,0.5046785714285714
3,0.000686348513123535,0.0006991671855960574,0.5069880952380953,0.5063214285714286
4,0.0006861628723286447,0.0006989814234631402,0.5068154761904762,0.5045714285714286
5,0.000686272056329818,0.0006990578749350139,0.5071488095238095,0.5056428571428572
6,0.0006869987717696599,0.0006998068221977779,0.506452380952381,0.5061428571428571
7,0.0006861398110077495,0.0006989053317478724,0.5067916666666666,0.5050714285714286
8,0.000686502619158654,0.000699220814875194,0.5068392857142857,0.5057857142857143
9,0.0006866104397035781,0.000699213370680809,0.5075714285714286,0.5072857142857143
10,0.0006862544715404511,0.0006991876895938601,0.5074642857142857,0.5070714285714286
11,0.000686813710700898,0.0006995126945631844,0.5070892857142857,0.5067142857142857
12,0.0006875663690623783,0.0007000812930720193,0.5077857142857143,0.50925
13,0.0006872541240993,0.000699907409293311,0.5078988095238095,0.5099285714285714
14,0.0006873650029301644,0.0006997294553688594,0.5083214285714286,0.5096428571428572
15,0.0006870207829134805,0.0006997284591197968,0.5080535714285714,0.5094642857142857
16,0.0006863126655419667,0.0006990143273557936,0.5074642857142857,0.5079642857142858
17,0.0006873678110894703,0.0007002197993653161,0.5081488095238095,0.50825
18,0.000687871675051394,0.000700564369559288,0.5082261904761904,0.5086428571428572
19,0.0006881394982337952,0.000700870714017323,0.5080059523809524,0.5094642857142857
20,0.0006871101788821674,0.0006996919981070928,0.5078571428571429,0.5096785714285714
21,0.0006875997859807242,0.0007001536914280483,0.5084464285714285,0.5088214285714285
22,0.0006887601390480995,0.000701312352504049,0.5082083333333334,0.5095
