,loss/train,loss/valid,acc/train,acc/valid
0,0.00028352257928677965,0.00028556240243571144,0.7272321428571429,0.7321428571428571
1,0.0002858079930856114,0.0002873846356357847,0.73275,0.7379642857142857
2,0.00027735225217682973,0.00027906202631337304,0.7318928571428571,0.7348214285714286
3,0.00031069001661879675,0.0003127902022429875,0.6795595238095238,0.6870357142857143
4,0.0002861433316554342,0.0002879425563982555,0.7193214285714286,0.7222857142857143
5,0.0002786682886736734,0.0002801398060151509,0.7253809523809523,0.7327857142857143
6,0.0002857089954472723,0.000287275778395789,0.7317261904761905,0.7362142857142857
7,0.0002830558848522958,0.0002845863252878189,0.7226964285714286,0.7267142857142858
8,0.000283102908659549,0.000285102482352938,0.7339285714285714,0.7392857142857143
9,0.000289557206488791,0.0002917434786047254,0.6844345238095239,0.6890357142857143
10,0.0002726920403185345,0.0002735955332006727,0.7439345238095239,0.7486785714285714
11,0.00028756579543863026,0.00028942303572382247,0.6990952380952381,0.7036428571428571
12,0.0003504294231534004,0.0003543224611452648,0.5024821428571429,0.5036785714285714
13,0.00030562493666296914,0.0003064430973359517,0.6824940476190476,0.6895
14,0.0002848156548681713,0.00028615352724279677,0.7304404761904761,0.7338214285714286
15,0.0002828998597604888,0.00028328792325087957,0.7379166666666667,0.7432142857142857
16,0.0003013887277671269,0.0003021462389401027,0.6957857142857143,0.7013571428571429
17,0.00027540086600042526,0.00027651475157056533,0.7403988095238095,0.7448214285714285
18,0.0002829624322198686,0.00028412836151463645,0.7348988095238095,0.7394285714285714
19,0.0003355790837889626,0.0003378922321966716,0.6297916666666666,0.6347142857142857
20,0.00030121195564667384,0.0003033610773938043,0.7020535714285714,0.7058571428571428
21,0.0002963827273675374,0.0002987364083528519,0.7127261904761905,0.7151785714285714
22,0.00029217068354288735,0.0002946444707257407,0.7205,0.7233571428571428
23,0.0002936139117394175,0.00029566732687609536,0.7189523809523809,0.72175
24,0.00028385220645439055,0.00028397853459630694,0.7380297619047619,0.744
25,0.00028515937214805965,0.0002862342149019241,0.7354285714285714,0.7398214285714285
