,loss/train,loss/valid,acc/train,acc/valid
0,0.0002895723038486072,0.0002921419526849474,0.727202380952381,0.7288928571428571
1,0.00029264843321981886,0.0002934332021645137,0.7207380952380953,0.7262142857142857
2,0.0002977657516797384,0.00029966236863817485,0.710827380952381,0.7138214285714286
3,0.0003831398089726766,0.0003879178166389465,0.5365357142857143,0.5370714285714285
4,0.0003970556291086333,0.00040276455879211426,0.5084047619047619,0.5075
5,0.00034203081258705684,0.0003444909900426865,0.6207261904761905,0.6240357142857142
6,0.00036775908441770644,0.0003721430493252618,0.5687738095238095,0.5693928571428571
7,0.0003251644326817422,0.00032707791456154417,0.6552678571428572,0.659
8,0.0003424319153030713,0.00034540148079395294,0.6191666666666666,0.6226071428571428
9,0.0003465328922583943,0.0003492683938571385,0.6115059523809524,0.6150714285714286
10,0.00029893123039177483,0.00030058621295860836,0.708625,0.7119642857142857
11,0.0002974518601383482,0.000300472657595362,0.7103630952380953,0.7122142857142857
12,0.00029747510985249565,0.00029961005278996057,0.7108690476190476,0.7139285714285715
13,0.0002983639666012355,0.00029964493002210344,0.7108928571428571,0.7138571428571429
14,0.0002982191535688582,0.0002994356666292463,0.7110059523809524,0.7142857142857143
15,0.00029747801557892845,0.0002995492198637554,0.7112321428571429,0.7140357142857143
16,0.0002982336853941282,0.00029980106438909257,0.7107916666666667,0.7136071428571429
