,loss/train,loss/valid,acc/train,acc/valid
0,0.0004011566255773817,0.0004067134005682809,0.501297619047619,0.4995
1,0.00040143566010963347,0.0004067134005682809,0.5012797619047619,0.4995
2,0.0004009851593346823,0.0004067134005682809,0.5012797619047619,0.4995
3,0.000401075256722314,0.0004067134005682809,0.5012797619047619,0.4995
4,0.0004008950505937849,0.0004067134005682809,0.5012797619047619,0.4995
5,0.0004014356452084723,0.0004067134005682809,0.5012797619047619,0.4995
6,0.00040089505662520725,0.0004067134005682809,0.5012797619047619,0.4995
7,0.00040161585204658056,0.0004067134005682809,0.5012797619047619,0.4995
8,0.00040188613392057874,0.0004067134005682809,0.5012797619047619,0.4995
9,0.00040143564911115736,0.0004067134005682809,0.5012797619047619,0.4995
10,0.0004009851504649435,0.0004067134005682809,0.5012797619047619,0.4995
11,0.0004017960446931067,0.0004067134005682809,0.5012797619047619,0.4995
12,0.00040080495852799644,0.0004067134005682809,0.5012797619047619,0.4995
13,0.0004012554522071566,0.0004067134005682809,0.5012797619047619,0.4995
14,0.0004013455357579958,0.0004067134005682809,0.5012797619047619,0.4995
15,0.00040125545185236704,0.0004067134005682809,0.5012797619047619,0.4995
16,0.0004005346564309938,0.0004067134005682809,0.5012797619047619,0.4995
17,0.00040125545043320885,0.0004067134005682809,0.5012797619047619,0.4995
18,0.000401705954401266,0.0004067134005682809,0.5012797619047619,0.4995
19,0.00040161585488489695,0.0004067134005682809,0.5012797619047619,0.4995
20,0.0004013455467564719,0.0004067134005682809,0.5012797619047619,0.4995
21,0.0004012554554002626,0.0004067134005682809,0.5012797619047619,0.4995
22,0.00040116534594978606,0.0004067134005682809,0.5012797619047619,0.4995
23,0.00040152575146584286,0.0004067134005682809,0.5012797619047619,0.4995
