,loss/train,loss/valid,acc/train,acc/valid
0,0.0003814205772110394,0.00038501237758568354,0.5411130952380953,0.543
1,0.00031051501844610486,0.00031032787050519673,0.6842380952380952,0.6921071428571428
2,0.0003354327572243554,0.00033724475971290044,0.6336726190476191,0.6385
3,0.0003002807391541345,0.00030262903443404606,0.7057619047619048,0.7077857142857142
4,0.00029769744794993174,0.00029966153417314805,0.7107797619047619,0.7138214285714286
5,0.0002978908096750577,0.0002996116536004203,0.7107559523809523,0.7139285714285715
6,0.0002981495853690874,0.00029964492789336615,0.7107797619047619,0.7138571428571429
7,0.00029809368756555373,0.0003001756944826671,0.7099702380952381,0.7127142857142857
8,0.00029875376643169493,0.0002997844389506749,0.7106488095238095,0.7135714285714285
9,0.0002970828094652721,0.0002996798072542463,0.71075,0.7137857142857142
10,0.00029748690234763283,0.00029976700033460343,0.7106607142857143,0.7136071428571429
11,0.0002971059435180255,0.00029974091691630227,0.7108869047619047,0.7136428571428571
12,0.00029771641003234044,0.0002996077473674502,0.7107440476190476,0.7139285714285715
13,0.00029709146278245107,0.00029961005278996057,0.7107321428571428,0.7139285714285715
14,0.0002972745608006205,0.00029961005278996057,0.7107261904761905,0.7139285714285715
15,0.0002977221572682971,0.00029961005278996057,0.7107321428571428,0.7139285714285715
16,0.0002981726520118259,0.00029961005278996057,0.7107321428571428,0.7139285714285715
17,0.00029762915025154747,0.00029961005278996057,0.7107380952380953,0.7139285714285715
18,0.00029709692973466144,0.00029961005278996057,0.7107202380952381,0.7139285714285715
19,0.0002979866408166431,0.00029961005278996057,0.7107440476190476,0.7139285714285715
20,0.000297541955042453,0.00029961005278996057,0.7107321428571428,0.7139285714285715
21,0.0002973646649292537,0.00029961005278996057,0.7107261904761905,0.7139285714285715
22,0.00029744604442800797,0.00029961005278996057,0.7107440476190476,0.7139285714285715
23,0.0002977192479939688,0.00029961005278996057,0.7107380952380953,0.7139285714285715
