,loss/train,loss/valid,acc/train,acc/valid
0,0.0007952708797085853,0.0008081249786274774,0.5035416666666667,0.5051428571428571
1,0.0007966657021925563,0.0008093654087611607,0.501797619047619,0.5038214285714285
2,0.0008001572457807405,0.0008126431724854879,0.4987261904761905,0.5004285714285714
3,0.0007996457126878556,0.000812608316540718,0.4987142857142857,0.5004642857142857
4,0.0007999014755090078,0.0008127129269497735,0.4987202380952381,0.5003571428571428
5,0.0008001339864872751,0.0008126082952533449,0.49875,0.5004642857142857
6,0.0007997852194876898,0.0008126780497176307,0.49875,0.5003928571428572
7,0.0008008606047147796,0.0008125734180212021,0.4987202380952381,0.5005
8,0.0007997038367958296,0.0008125734180212021,0.4987440476190476,0.5005
9,0.0008001456193271137,0.0008125734180212021,0.49873809523809526,0.5005
10,0.0007999189144798687,0.0008125734180212021,0.49870238095238095,0.5005
11,0.0007996457137522243,0.0008126082952533449,0.4987142857142857,0.5004642857142857
12,0.0007997270939605576,0.0008126082952533449,0.4987202380952381,0.5004642857142857
13,0.0007997329121544247,0.0008126082952533449,0.4987142857142857,0.5004642857142857
14,0.0007996399069116229,0.0008125734180212021,0.4987202380952381,0.5005
15,0.0008002735099622182,0.0008125734180212021,0.4986964285714286,0.5005
