,loss/train,loss/valid,acc/train,acc/valid
0,0.0007247944992213022,0.0007369078376463481,0.5000476190476191,0.501
1,0.000726022163317317,0.0007381872002567563,0.500077380952381,0.5008214285714285
2,0.0007268699765914963,0.0007387059884411948,0.5000714285714286,0.5010714285714286
3,0.0007263241985014507,0.0007387601775782448,0.49989880952380955,0.5010357142857143
4,0.0007297158138383003,0.0007418496161699295,0.49973214285714285,0.5009285714285714
5,0.0007330692513358026,0.0007451657887016024,0.4994166666666667,0.50125
6,0.0007306183565940176,0.0007428185322454998,0.4995178571428571,0.5011428571428571
7,0.000731557924477827,0.0007432046085596084,0.4996964285714286,0.5011071428571429
8,0.0007336885932655562,0.0007458452028887612,0.49935714285714283,0.5010714285714286
9,0.0007326576500421479,0.0007444904574326107,0.4995476190476191,0.5010714285714286
10,0.0007323855484525363,0.0007449476633753096,0.49947619047619046,0.5011428571428571
11,0.0007335872235042708,0.0007457692239965712,0.4994821428571429,0.5010714285714286
12,0.0007332764629806791,0.0007449691082750048,0.4994702380952381,0.5010714285714286
13,0.0007321681178041867,0.0007441042278494153,0.49950595238095236,0.5012857142857143
14,0.0007316177136131696,0.0007432549340384348,0.49960714285714286,0.5011071428571429
15,0.0007313392573878878,0.0007433562065873828,0.49960119047619045,0.5012142857142857
