,loss/train,loss/valid,acc/train,acc/valid
0,0.0006038691600163778,0.0006144670397043228,0.6798035714285714,0.6793214285714285
1,0.0006442274206451007,0.0006550409985440118,0.5636666666666666,0.5663928571428571
2,0.0006572123709179107,0.000667958778994424,0.5802619047619048,0.5801071428571428
3,0.0007584011281530062,0.0007737787514925003,0.48335119047619046,0.482
4,0.0006172486043402127,0.0006283848072801318,0.6281369047619048,0.6282142857142857
5,0.0006035458083663668,0.0006155334881373815,0.6704523809523809,0.6681071428571429
6,0.0006107436223399071,0.0006223656684160232,0.6706607142857143,0.6700357142857143
7,0.0006017199080614817,0.0006138620014701571,0.6767619047619048,0.6733214285714286
8,0.0005967009997084027,0.0006089932450226375,0.6930535714285714,0.6901071428571428
9,0.000628367563798314,0.000640544450708798,0.5675119047619047,0.5681785714285714
10,0.0006207648093501727,0.000632556261760848,0.6506130952380952,0.6509642857142857
11,0.0006395189361203284,0.000649692382131304,0.6547916666666667,0.6556785714285714
12,0.000640697330236435,0.0006519549233572824,0.6590952380952381,0.6589642857142857
13,0.0006446570019636835,0.0006536781042814255,0.6549940476190477,0.658
14,0.0006189227799574534,0.0006296207628079823,0.6790773809523809,0.6787857142857143
15,0.0006679146541726022,0.0006784472784825734,0.6311011904761905,0.6317857142857143
16,0.0006304380723408291,0.0006421213320323399,0.6704166666666667,0.6695714285714286
17,0.0006611670567875816,0.0006729561111756733,0.6396904761904761,0.6391428571428571
18,0.0006496890158880325,0.0006605943696839469,0.6511309523809524,0.6519642857142857
19,0.0006531359021152769,0.0006690197948898588,0.6478333333333334,0.6443214285714286
20,0.0006480311644928796,0.0006595798198665891,0.6541011904761905,0.6538571428571428
21,0.0008000126576849393,0.0008127714076212474,0.4986904761904762,0.5002142857142857
22,0.0008001514375209808,0.0008123567146914346,0.49891071428571426,0.5007142857142857
23,0.0007990031125290053,0.0008118092949901309,0.4995476190476191,0.5012142857142857
