,loss/train,loss/valid,acc/train,acc/valid
0,0.00029861289936871754,0.0003003299917493548,0.709422619047619,0.7124285714285714
1,0.00029735014942430316,0.000299624821969441,0.7107559523809523,0.7138928571428571
2,0.0002975334801844188,0.00029961319054876053,0.71075,0.7139285714285715
3,0.00029801511161384127,0.00029992296227387017,0.7101547619047619,0.7131428571428572
4,0.0003278322432722364,0.00032947999238967893,0.6475,0.6523571428571429
5,0.0002980680199606078,0.00029961005278996057,0.7107619047619048,0.7139285714285715
6,0.0002973530398947852,0.00029961005278996057,0.71075,0.7139285714285715
7,0.00029708273779778256,0.00029961005278996057,0.71075,0.7139285714285715
8,0.0002974373222816558,0.00029961005278996057,0.7107619047619048,0.7139285714285715
9,0.0002976175266362372,0.00029961005278996057,0.7107619047619048,0.7139285714285715
10,0.00029734722524881363,0.00029961005278996057,0.7107619047619048,0.7139285714285715
11,0.0002977105290407226,0.00029961005278996057,0.7107559523809523,0.7139285714285715
12,0.0002982511240101996,0.00029961005278996057,0.7107559523809523,0.7139285714285715
13,0.0002972600335876147,0.00029961005278996057,0.7107559523809523,0.7139285714285715
14,0.00029797791689634324,0.00029961005278996057,0.7107619047619048,0.7139285714285715
15,0.0002981610248486201,0.00029961005278996057,0.7107559523809523,0.7139285714285715
16,0.00029771052797635396,0.00029961005278996057,0.7107559523809523,0.7139285714285715
17,0.0002980680192510287,0.00029961005278996057,0.7107619047619048,0.7139285714285715
18,0.00029753323502483824,0.00029961005278996057,0.71075,0.7139285714285715
19,0.00029770762154034206,0.00029961005278996057,0.7107619047619048,0.7139285714285715
20,0.00029708273779778256,0.00029961005278996057,0.71075,0.7139285714285715
21,0.0002979837350902103,0.00029961005278996057,0.71075,0.7139285714285715
22,0.0002971670244421278,0.00029961005278996057,0.7107619047619048,0.7139285714285715
23,0.00029806801570313315,0.00029961005278996057,0.7107619047619048,0.7139285714285715
24,0.0002976175234431312,0.00029961005278996057,0.7107619047619048,0.7139285714285715
25,0.0002974489469613348,0.00029961005278996057,0.7107380952380953,0.7139285714285715
26,0.0002974375301883334,0.00029961005278996057,0.7107619047619048,0.7139285714285715
27,0.0002974402280080886,0.00029961005278996057,0.7107559523809523,0.7139285714285715
