,loss/train,loss/valid,acc/train,acc/valid
0,0.0006261056384869985,0.0006346162280866078,0.6567261904761905,0.6613571428571429
1,0.0006041128145796912,0.0006127966812678746,0.6824583333333333,0.6851785714285714
2,0.0005987897603994324,0.0006060901497091566,0.6880059523809524,0.69275
3,0.0006051396809163547,0.0006134914734533855,0.6820238095238095,0.6879285714285714
4,0.0005966668086392539,0.0006041084783417838,0.684,0.6903571428571429
5,0.0005989377275109291,0.0006062737639461245,0.6837202380952381,0.6867142857142857
6,0.0005926342563969748,0.000600214096052306,0.6903988095238095,0.69325
7,0.0005934091756741206,0.0006015787592955998,0.6940357142857143,0.6968928571428571
8,0.000593829000989596,0.0006021499016455242,0.6964821428571428,0.6995714285714286
9,0.0005925266146659851,0.0006002489434821265,0.6969464285714285,0.70125
10,0.0005879340434358233,0.0005956955126353672,0.6991547619047619,0.7045357142857143
11,0.000586160601959342,0.0005947072399514062,0.6987559523809523,0.7024642857142858
12,0.0005901697600881259,0.0005981632385935103,0.700327380952381,0.7045
13,0.0005829821917272749,0.0005903695481164115,0.6963392857142857,0.69875
14,0.000592204892209598,0.0005998411625623703,0.6890654761904762,0.6933928571428571
15,0.0005855316509093557,0.0005938565156289509,0.6935892857142857,0.6948214285714286
16,0.0005884575013603483,0.0005960961495126997,0.6995714285714286,0.7028214285714286
17,0.0005932338450636182,0.0006015368359429496,0.6930595238095238,0.69625
18,0.0005926759392023087,0.0006005208705152784,0.7023154761904762,0.7093214285714285
19,0.0005907527392818814,0.0005984382033348084,0.7004940476190477,0.7058571428571428
20,0.0005977251831264723,0.0006047003333057677,0.6782678571428571,0.6839642857142857
21,0.0005941879298715365,0.0006020133197307587,0.6924940476190476,0.6978571428571428
22,0.0005869608996879487,0.0005953109817845481,0.7013035714285715,0.705
23,0.000585411266556808,0.0005936097694294794,0.703125,0.7062142857142857
24,0.0005859619102307729,0.0005944906941481999,0.694827380952381,0.6973928571428571
25,0.0005870197191834449,0.0005939889741795404,0.6923928571428571,0.6948571428571428
26,0.0005916743416871344,0.0005998114496469498,0.7011845238095238,0.7056071428571429
27,0.0005824457744047756,0.000590770321232932,0.7026369047619048,0.7062142857142857
28,0.0005825440273398445,0.0005910107833998544,0.7038690476190477,0.7069642857142857
