,loss/train,loss/valid,acc/train,acc/valid
0,0.0006799720603795279,0.0006926851400307247,0.5220595238095238,0.5185357142857143
1,0.0006803252963083131,0.0006931015636239733,0.5207797619047619,0.51775
2,0.000680213369783901,0.0006930089380059924,0.5207083333333333,0.51725
3,0.0006807368986663364,0.0006932960557086127,0.5199880952380952,0.5176428571428572
4,0.0006810890233942441,0.0006935697666236333,0.5185595238095239,0.5180357142857143
5,0.0006817693284579685,0.0006942579639809472,0.5140892857142857,0.5137142857142857
6,0.0006819340427006993,0.0006945014276674815,0.5129880952380952,0.5127142857142857
7,0.0006809346285604295,0.0006935209802218846,0.5166011904761905,0.5151071428571429
8,0.0006819361721475919,0.0006944433088813509,0.5129642857142858,0.5130714285714286
9,0.0006815137504821732,0.0006941645379577365,0.5131309523809524,0.5131785714285715
10,0.0006816468895191238,0.000694212773016521,0.5128452380952381,0.5133214285714286
11,0.0006833791381546429,0.0006956715477364404,0.5071071428571429,0.509
12,0.0006825565060689336,0.0006949609369039535,0.5087440476190476,0.5107142857142857
13,0.0006835350951268559,0.0006958045342138836,0.5054107142857143,0.5075357142857143
14,0.0006824074135649772,0.0006947499002729143,0.5082380952380953,0.5103571428571428
15,0.0006826562448626473,0.0006950954283986773,0.5070654761904761,0.5084642857142857
