,loss/train,loss/valid,acc/train,acc/valid
0,0.0007700752452725456,0.0007834166096789497,0.5290654761904762,0.5298214285714286
1,0.0008089067985614141,0.0008211411216429302,0.4897142857142857,0.4913214285714286
2,0.0007916203549220448,0.0008090304625885828,0.5065714285714286,0.5040714285714286
3,0.0007830183718885694,0.0007948927261999675,0.5170714285714286,0.5183928571428571
4,0.0008000758694750922,0.0008125036635569163,0.4987202380952381,0.5005714285714286
5,0.0008001688683316821,0.0008125036635569163,0.4987142857142857,0.5005714285714286
6,0.0007999886739112082,0.0008125036635569163,0.4987202380952381,0.5005714285714286
7,0.0007998142866861253,0.0008125036635569163,0.4987202380952381,0.5005714285714286
8,0.0008005060156186422,0.0008123673264469419,0.4987261904761905,0.5006428571428572
9,0.0007999886732016291,0.0008125036635569163,0.4987202380952381,0.5005714285714286
10,0.0007999014772829556,0.0008124687863247735,0.4987202380952381,0.5006071428571428
11,0.0007995468906703449,0.0008123673264469419,0.4987261904761905,0.5006428571428572
12,0.0008000758659271967,0.0008125036635569163,0.4987202380952381,0.5005714285714286
13,0.0008000293643701644,0.0008123324492147991,0.49876785714285715,0.5006785714285714
14,0.0007998956661848795,0.0008123673264469419,0.4987261904761905,0.5006428571428572
15,0.000800256069572199,0.0008125036635569163,0.4987142857142857,0.5005714285714286
