,loss/train,loss/valid,acc/train,acc/valid
0,0.0006349231987482026,0.0006446992925235204,0.6541547619047619,0.6585357142857143
1,0.0006122542325229872,0.0006200429775885173,0.6666607142857143,0.6710357142857143
2,0.0006464363953896931,0.0006529140642711095,0.6058333333333333,0.611
3,0.0007999382877633685,0.0008123857464109148,0.49885714285714283,0.5006785714285714
4,0.0007363543474958056,0.0007397247574159078,0.5623095238095238,0.5708571428571428
5,0.0006662409333955673,0.0006762553048985345,0.6344583333333333,0.6365357142857143
6,0.0006726551740652038,0.0006808072541441237,0.6288214285714285,0.6315357142857143
7,0.0007972228150992166,0.0008111938663891384,0.5015119047619048,0.5018214285714285
8,0.0006558615568847884,0.0006648957622902734,0.6450357142857143,0.6475714285714286
9,0.0006616015345567749,0.0006712293284279959,0.6390595238095238,0.64175
10,0.0006775213277765683,0.000685247819338526,0.6239047619047619,0.6272142857142857
11,0.0007572205300842012,0.0007691112714154379,0.5423869047619048,0.5445357142857142
12,0.0007420211686264901,0.0007529886939695904,0.5572857142857143,0.5591785714285714
13,0.0007901987092835562,0.000802267889891352,0.5090119047619047,0.5108928571428571
14,0.0007273153070183028,0.0007400579154491425,0.5724464285714286,0.5717142857142857
15,0.00075951505842663,0.0007689958406346185,0.5402321428571428,0.5436785714285715
16,0.0007560225462629682,0.0007676362927470889,0.543,0.5451428571428572
