,loss/train,loss/valid,acc/train,acc/valid
0,0.0006854019608526003,0.0006974347808531352,0.4871190476190476,0.4900357142857143
1,0.000684932522830509,0.0006969487454210009,0.4882440476190476,0.4907142857142857
2,0.0006849582418799401,0.0006969809361866543,0.4891845238095238,0.49239285714285713
3,0.0006847123603026072,0.000696733683347702,0.4901904761904762,0.4937142857142857
4,0.0006844667533323878,0.0006965075667415346,0.4937440476190476,0.49642857142857144
5,0.0006846041459412802,0.0006964803380625588,0.4960654761904762,0.49789285714285714
6,0.0006844614002676238,0.000696440162403243,0.4984642857142857,0.5018571428571429
7,0.0006845215516430991,0.0006964277454784938,0.4981130952380952,0.5012142857142857
8,0.0006847413168067024,0.0006966095311301096,0.5005535714285714,0.5028571428571429
9,0.000684672073948951,0.0006965560934373311,0.5015,0.5032857142857143
10,0.0006849101026143346,0.0006968509491000857,0.5022440476190476,0.50375
11,0.0006852622461460886,0.0006971280085189002,0.5028511904761904,0.5049642857142858
12,0.00068552848448356,0.0006973404458590916,0.5032916666666667,0.5058214285714285
13,0.0006855134545337586,0.0006973311283758708,0.5034107142857143,0.5059285714285714
14,0.0006853260607236907,0.0006971341754708971,0.5044464285714285,0.5065714285714286
15,0.0006858608371445111,0.0006975841841527394,0.5035892857142857,0.5059642857142858
16,0.0006863901210682733,0.0006982589278902326,0.5038928571428571,0.5052857142857143
17,0.0006858784499622527,0.0006977411253111703,0.5040654761904761,0.5055
18,0.0006865753520812307,0.0006985277810267039,0.5033869047619047,0.5055
19,0.0006869330143644696,0.0006986730375460215,0.5032797619047619,0.5052142857142857
20,0.0006867250832063811,0.0006986026018857956,0.5034107142857143,0.5052142857142857
21,0.0006867106383045515,0.0006985490087951932,0.5038869047619048,0.5062142857142857
22,0.0006868926045440492,0.0006986335239240101,0.5033333333333333,0.5058928571428571
