,loss/train,loss/valid,acc/train,acc/valid
0,0.0006087580867229946,0.0006199734338692256,0.6921984126984126,0.6918571428571428
1,0.0006084043071383522,0.0006190227241743178,0.6921865079365079,0.6910238095238095
2,0.0006012503859542665,0.0006099828396524702,0.6995119047619047,0.7005476190476191
3,0.0005994910389658005,0.000608623199519657,0.7016626984126985,0.7017142857142857
4,0.0006221831431464543,0.0006362292766571045,0.6785515873015873,0.6782619047619047
5,0.0006173731138308843,0.000632375412044071,0.6834404761904762,0.6807142857142857
6,0.0006070862183022121,0.0006185513961882818,0.6936825396825397,0.6933095238095238
7,0.0006023501654465993,0.0006132052455629621,0.6988174603174603,0.7003571428571429
8,0.0006881531195508109,0.0007014337834857759,0.6113690476190476,0.6129285714285714
9,0.0006004522319823976,0.0006102394915762402,0.7007738095238095,0.7003571428571429
10,0.0006051749986788584,0.0006238696163608915,0.6958650793650794,0.6939047619047619
11,0.0005989769550542983,0.0006083779079573495,0.7022380952380952,0.7022857142857143
12,0.0006009738185102977,0.0006102225936594464,0.700015873015873,0.7003809523809523
13,0.0006051515712151451,0.0006151852962516603,0.6958253968253968,0.6938095238095238
14,0.0006054626199461164,0.0006219915846983592,0.6957460317460318,0.6943571428571429
15,0.0006586235562960307,0.0006748286116690863,0.6414325396825397,0.6417142857142857
16,0.0006209142165524619,0.0006345096897511255,0.6798809523809524,0.68
17,0.0006052989290347175,0.0006152761805625189,0.6956904761904762,0.6952380952380952
18,0.0006213871420375884,0.0006313294612226032,0.6790436507936508,0.6773095238095238
