,loss/train,loss/valid,acc/train,acc/valid
0,0.0005946661288303043,0.0006043237589654468,0.706313492063492,0.7093571428571429
1,0.0006933724213214148,0.0007054266418729509,0.6056230158730159,0.6073571428571428
2,0.0006054111023743947,0.0006150160162221818,0.6956388888888889,0.6984047619047619
3,0.0006284774865895983,0.0006390170625277928,0.6721190476190476,0.675404761904762
4,0.0007872271892570314,0.0008015860716501872,0.5103095238095238,0.5089285714285714
5,0.0006292762290390711,0.0006444531948793502,0.6713095238095238,0.6698571428571428
6,0.0006823738905645553,0.0006989554393859136,0.6170238095238095,0.6170238095238095
7,0.0006134468622150875,0.0006258892587253026,0.6874523809523809,0.6888571428571428
8,0.0006193536706860103,0.000628939824444907,0.6815238095238095,0.6842380952380952
9,0.0006089425869877376,0.0006210451097715469,0.6919563492063492,0.6953095238095238
10,0.0006128478816577366,0.0006241346938269479,0.6878293650793651,0.6921190476190476
11,0.000636566674188962,0.0006494237113566626,0.6634007936507936,0.6632619047619047
12,0.000669109875247592,0.0006827762510095323,0.6303968253968254,0.6306190476190476
13,0.000615267408509103,0.0006282562939893631,0.6854404761904762,0.6864285714285714
14,0.0006133837108574217,0.0006227841292108809,0.6876031746031745,0.6890238095238095
15,0.0006251512389807474,0.0006373157430262792,0.6757896825396825,0.6771666666666667
