,loss/train,loss/valid,acc/train,acc/valid
0,0.0006067787489247701,0.0006132477862494332,0.6823888888888889,0.6872380952380952
1,0.0005844214407224504,0.0005906783030146644,0.716952380952381,0.7192857142857143
2,0.0006145981782012516,0.0006208748051098415,0.6874285714285714,0.6907619047619048
3,0.000601319256282988,0.0006077840810730343,0.7011825396825396,0.7036666666666667
4,0.0006475714246431986,0.0006552748339516776,0.6542460317460318,0.6577619047619048
5,0.0006203455565467714,0.0006263615971519833,0.6815952380952381,0.6862380952380952
6,0.0006056181698564499,0.0006103517753737313,0.6972301587301587,0.7018571428571428
7,0.0006047152394340152,0.0006105452690805707,0.6985555555555556,0.7010952380952381
8,0.0006077520908817412,0.0006121013022604443,0.6957460317460318,0.7007142857142857
9,0.0006782599384822543,0.0006845983295213608,0.6232857142857143,0.6286190476190476
10,0.0006371976080394926,0.0006424059498877753,0.6662222222222223,0.6711428571428572
11,0.0007603910726214212,0.000768950947693416,0.5411428571428571,0.5452380952380952
12,0.000778106777440934,0.0007865766059784662,0.5219365079365079,0.5276190476190477
13,0.0006752103169759114,0.0006813291112581889,0.6269523809523809,0.6316190476190476
14,0.0006256072842885578,0.0006311812741415841,0.6782539682539682,0.6817142857142857
15,0.000718811819004634,0.0007283743449619838,0.5839444444444445,0.5838095238095238
16,0.0007072752671582358,0.0007168111829530626,0.5946428571428571,0.5958571428571429
