,loss/train,loss/valid,acc/train,acc/valid
0,0.0005997427517459507,0.0006066518227259318,0.6998730158730159,0.7043809523809523
1,0.0005899148157664707,0.0005975146293640136,0.704968253968254,0.7097142857142857
2,0.0005974582007953099,0.0006050121670677549,0.7047063492063492,0.7053333333333334
3,0.0005994078535882253,0.0006075439453125,0.6907063492063492,0.6926666666666667
4,0.0005975823255758437,0.0006056154171625773,0.700031746031746,0.7028095238095238
5,0.0005889363610555255,0.0005966716210047404,0.7102142857142857,0.7121904761904762
6,0.0005893826948271858,0.0005968919595082601,0.7057460317460318,0.7092857142857143
7,0.0005845088107245309,0.0005917764589900062,0.7090873015873016,0.7121428571428572
8,0.0005817460734692831,0.0005892777641614279,0.7154761904761905,0.7177142857142857
9,0.000584057903479016,0.0005914766618183681,0.7132857142857143,0.7151904761904762
10,0.0005884343608031197,0.0005958867924554008,0.7053412698412699,0.7088095238095238
11,0.0005890205573467982,0.0005964515095665342,0.7085952380952381,0.710047619047619
12,0.0005896872868613591,0.0005971286495526631,0.708468253968254,0.7135714285714285
13,0.0005959888654095786,0.0006033000577063787,0.7014761904761905,0.7057619047619048
14,0.0005874114258894845,0.0005943501449766613,0.710031746031746,0.7130952380952381
15,0.0005904252917047531,0.0005980338397480193,0.7081349206349207,0.7079047619047619
16,0.0005881420520562975,0.0005953228842644464,0.708468253968254,0.7102380952380952
17,0.0005850078004693228,0.000592461747782571,0.7165714285714285,0.7178571428571429
18,0.0005851690390753368,0.0005926941888672965,0.7167936507936508,0.7182857142857143
19,0.0005866116564425211,0.0005936952290080843,0.7075079365079365,0.7106666666666667
20,0.0005849709870323302,0.0005923177855355399,0.7102777777777778,0.7128571428571429
21,0.0005825412524124933,0.0005900491220610483,0.7175476190476191,0.7172857142857143
22,0.0005837904413541158,0.0005911322888873873,0.7126190476190476,0.7131904761904762
23,0.0005865327171863072,0.0005942363483565195,0.7063730158730158,0.7071428571428572
