,loss/train,loss/valid,acc/train,acc/valid
0,0.7060526436397008,0.7045266020638602,0.542404761904762,0.5460714285714285
1,0.6769610375222705,0.6763858173915318,0.5587142857142857,0.5599642857142857
2,0.7080631774720691,0.708498774937221,0.5113095238095238,0.5087857142857143
3,0.7490844819659278,0.7502339837210519,0.5027202380952381,0.5008214285714285
4,0.7674246812093826,0.7687941436767578,0.5016964285714286,0.4998214285714286
5,0.7741088049298241,0.7755452325003488,0.5016130952380953,0.49975
6,0.7776073490324474,0.7790724367414202,0.501625,0.4998214285714286
7,0.7793055716923305,0.7807777677263532,0.5016488095238095,0.4998214285714286
8,0.7798490404174442,0.7813221642630441,0.5016547619047619,0.49989285714285714
9,0.7812087921415056,0.7826753910609654,0.5017559523809524,0.4999642857142857
10,0.7820495525768825,0.7834788578578404,0.5022142857142857,0.5003928571428572
11,0.781593615600041,0.7829111862182617,0.5033035714285714,0.5018928571428571
12,0.778696400256384,0.7798626142229352,0.5054642857142857,0.50375
13,0.7754578701200939,0.7764746954781668,0.5083333333333333,0.5064285714285715
14,0.7728628479185559,0.773755008152553,0.5110297619047619,0.50975
15,0.7709834522292728,0.7717911126273019,0.5130595238095238,0.5118928571428571
16,0.7702906801359994,0.7710666166033063,0.513797619047619,0.5126428571428572
17,0.7667794013704572,0.7674209725516183,0.5175892857142858,0.5172142857142857
18,0.7597608231135777,0.7601374893188476,0.526327380952381,0.5265357142857143
19,0.7482773014477321,0.74822265625,0.5411547619047619,0.5423928571428571
20,0.7386752089772906,0.738316177368164,0.5550714285714285,0.5550714285714285
21,0.7307352375530062,0.7301658096313477,0.5649821428571429,0.5653571428571429
