,loss/train,loss/valid,acc/train,acc/valid
0,0.6363629818870907,0.6344650410243443,0.6706726190476191,0.6729642857142857
1,0.6093135192507789,0.6090692231314523,0.6962916666666666,0.6962142857142857
2,0.5525953283537002,0.551716746194022,0.7557857142857143,0.75675
3,0.545945502621787,0.5438955110822405,0.7598214285714285,0.7625
4,0.5453871509688241,0.544323061806815,0.7597380952380952,0.7615357142857143
5,0.5514800491787138,0.5504047066824777,0.7521011904761905,0.7527142857142857
6,0.5588612800779796,0.5585477055140904,0.7513928571428572,0.7516428571428572
7,0.5411519518125625,0.539711071559361,0.7650833333333333,0.7657857142857143
8,0.5465477171398344,0.5443929405212402,0.7636369047619047,0.7653928571428571
9,0.5591277654738653,0.5584141115461076,0.7473988095238095,0.7473214285714286
10,0.5466470603715806,0.5432852810450962,0.7619702380952381,0.7649642857142858
11,0.5459340537162054,0.5441128943307059,0.7604880952380952,0.7616071428571428
12,0.5662484541620527,0.5649615963527135,0.7452380952380953,0.7465714285714286
13,0.562121907620203,0.5621010796683176,0.7488392857142857,0.749
14,0.6876295304525466,0.6854855673653739,0.6256011904761904,0.62775
15,0.7072438880148388,0.7101591698782784,0.6060178571428572,0.6031071428571428
16,0.8119816703796386,0.8137614277430943,0.5012797619047619,0.4995
17,0.8119816656793867,0.8137614277430943,0.5012797619047619,0.4995
18,0.8119816725821722,0.8137614277430943,0.5012797619047619,0.4995
19,0.8119816700163341,0.8137614277430943,0.5012797619047619,0.4995
20,0.8192078507060097,0.8181900057111468,0.4940535714285714,0.49507142857142855
21,0.8145411898749215,0.8127614430018834,0.4987202380952381,0.5005
22,0.8145411960283915,0.8127614430018834,0.4987202380952381,0.5005
23,0.8145411884217035,0.8127614430018834,0.4987202380952381,0.5005
24,0.8145411923953465,0.8127614430018834,0.4987202380952381,0.5005
25,0.8145411993208386,0.8127614430018834,0.4987202380952381,0.5005
26,0.814541197118305,0.8127614430018834,0.4987202380952381,0.5005
27,0.814541190192813,0.8127614430018834,0.4987202380952381,0.5005
