,loss/train,loss/valid,acc/train,acc/valid
0,0.814541193871271,0.8127614430018834,0.4987202380952381,0.5005
1,0.814541186605181,0.8127614430018834,0.4987202380952381,0.5005
2,0.8145411967777071,0.8127614430018834,0.4987202380952381,0.5005
3,0.8145411978676206,0.8127614430018834,0.4987202380952381,0.5005
4,0.814541197118305,0.8127614430018834,0.4987202380952381,0.5005
5,0.8145411887395949,0.8127614430018834,0.4987202380952381,0.5005
6,0.8145411894889105,0.8127614430018834,0.4987202380952381,0.5005
7,0.8145411887395949,0.8127614430018834,0.4987202380952381,0.5005
8,0.8145411923953465,0.8127614430018834,0.4987202380952381,0.5005
9,0.814541192418053,0.8127614430018834,0.4987202380952381,0.5005
10,0.8145411869457789,0.8127614430018834,0.4987202380952381,0.5005
11,0.814541192032042,0.8127614430018834,0.4987202380952381,0.5005
12,0.814541187672388,0.8127614430018834,0.4987202380952381,0.5005
13,0.8145411938485645,0.8127614430018834,0.4987202380952381,0.5005
14,0.814541190964835,0.8127614430018834,0.4987202380952381,0.5005
15,0.8145411902155195,0.8127614430018834,0.4987202380952381,0.5005
16,0.8145411985715231,0.8127614430018834,0.4987202380952381,0.5005
17,0.814541190964835,0.8127614430018834,0.4987202380952381,0.5005
18,0.8145411978449141,0.8127614430018834,0.4987202380952381,0.5005
19,0.8145411967777071,0.8127614430018834,0.4987202380952381,0.5005
20,0.8145411916687375,0.8127614430018834,0.4987202380952381,0.5005
