,loss/train,loss/valid,acc/train,acc/valid
0,0.8145411913281395,0.8127614430018834,0.4987202380952381,0.5005
1,0.8145411850838434,0.8127614430018834,0.4987202380952381,0.5005
2,0.814541188785008,0.8127614430018834,0.4987202380952381,0.5005
3,0.8145411902155195,0.8127614430018834,0.4987202380952381,0.5005
4,0.8145411938485645,0.8127614430018834,0.4987202380952381,0.5005
5,0.8145411894889105,0.8127614430018834,0.4987202380952381,0.5005
6,0.8145411938485645,0.8127614430018834,0.4987202380952381,0.5005
7,0.8145411927359445,0.8127614430018834,0.4987202380952381,0.5005
8,0.814541183653332,0.8127614430018834,0.4987202380952381,0.5005
9,0.8145411970955985,0.8127614430018834,0.4987202380952381,0.5005
10,0.8145411924407596,0.8127614430018834,0.4987202380952381,0.5005
11,0.8145411945751735,0.8127614430018834,0.4987202380952381,0.5005
12,0.8145411938485645,0.8127614430018834,0.4987202380952381,0.5005
13,0.8145411927359445,0.8127614430018834,0.4987202380952381,0.5005
14,0.814541195665087,0.8127614430018834,0.4987202380952381,0.5005
15,0.8145411952563695,0.8127614430018834,0.4987202380952381,0.5005
16,0.8145411916687375,0.8127614430018834,0.4987202380952381,0.5005
17,0.814541189125606,0.8127614430018834,0.4987202380952381,0.5005
18,0.814541193825858,0.8127614430018834,0.4987202380952381,0.5005
19,0.8145411906015305,0.8127614430018834,0.4987202380952381,0.5005
20,0.8145411876950945,0.8127614430018834,0.4987202380952381,0.5005
