,loss/train,loss/valid,acc/train,acc/valid
0,0.6267228914442516,0.6265441840035575,0.6739642857142857,0.6751071428571429
1,0.5659334489277431,0.5649138559613909,0.7419404761904762,0.74225
2,0.5625384863898868,0.5590628073556082,0.7438690476190476,0.7480357142857142
3,0.5725698686100188,0.5725461109706333,0.7345,0.7344642857142857
4,0.6048806831269037,0.6054567418779646,0.7034761904761905,0.7026785714285714
5,0.5600466845376151,0.5570949347359794,0.7497916666666666,0.7526785714285714
6,0.5670138320695787,0.5649270095825195,0.7426011904761904,0.7444285714285714
7,0.5548237979071481,0.5537711737496512,0.7508690476190476,0.7525357142857143
8,0.5514646849178133,0.5493850359235491,0.7549345238095239,0.75725
9,0.5563386499768211,0.5537279782976423,0.7513333333333333,0.7545
10,0.5513522686731248,0.5504378689357212,0.7527380952380952,0.7536785714285714
11,0.5670101255008153,0.5643181958879744,0.739875,0.7435714285714285
12,0.6726864728700547,0.6732442207336425,0.6400535714285714,0.6393928571428571
13,0.6556364788782029,0.6492755557468959,0.6572261904761905,0.6637857142857143
14,0.6208719101406279,0.6176038981846401,0.6929642857142857,0.6962142857142857
15,0.5868112023671468,0.5855132152012417,0.7086309523809524,0.7103571428571429
16,0.5777208636828831,0.5758410704476493,0.7262857142857143,0.7285357142857143
17,0.5734640871910822,0.5714371185302735,0.7323214285714286,0.7345
18,0.5780620739573524,0.5788906745910645,0.7251309523809524,0.7239285714285715
19,0.6171281999179296,0.6158146629333496,0.695047619047619,0.6965357142857143
20,0.5877167950130644,0.5873717738560268,0.7217678571428572,0.7218571428571429
21,0.5794916232881092,0.5771055145263672,0.7308630952380952,0.7332857142857143
22,0.5757119577725728,0.5755049258640834,0.7321607142857143,0.7325357142857143
23,0.5664190056437538,0.5657477564130511,0.7381666666666666,0.7378571428571429
24,0.582735043275924,0.582973265511649,0.7244642857142857,0.7242142857142857
25,0.6154184537615095,0.6164526977539062,0.6976309523809524,0.6965
26,0.8119757253101894,0.8137614277430943,0.5012857142857143,0.4995
27,0.8119816707656498,0.8137614277430943,0.5012797619047619,0.4995
28,0.8119816692897251,0.8137614277430943,0.5012797619047619,0.4995
