,loss/train,loss/valid,acc/train,acc/valid
0,0.0006292226092209891,0.0006425840457280477,0.6733968253968254,0.6695238095238095
1,0.0005845446917745802,0.0005960904416583833,0.7196746031746032,0.7166666666666667
2,0.0005949305329057906,0.0006057854294776917,0.708936507936508,0.7075238095238096
3,0.0005912765709180681,0.0005999862807137625,0.7137222222222223,0.7132380952380952
4,0.000586218205709306,0.0005990853621846154,0.7171666666666666,0.7144761904761905
5,0.0005831633058805314,0.0005961788864362808,0.7202539682539683,0.7164761904761905
6,0.0006040306616397132,0.0006159589290618896,0.6988492063492063,0.6965714285714286
7,0.0005837740954898653,0.0005967660659835452,0.7198412698412698,0.7156190476190476
8,0.000601562713346784,0.0006134043307531447,0.7015476190476191,0.6993333333333334
9,0.0005717335745455726,0.0005825242400169373,0.7322698412698413,0.7302380952380952
10,0.0005762316698119754,0.000589308948743911,0.728015873015873,0.7234285714285714
11,0.0005808154472282955,0.0005910873838833401,0.7236666666666667,0.7214285714285714
12,0.0005826921306905293,0.0005955857804843357,0.7212539682539683,0.7172857142857143
13,0.0005805363513174511,0.0005906092893509637,0.7244444444444444,0.7218095238095238
14,0.000580686300519913,0.000589736989566258,0.7239603174603174,0.7227619047619047
15,0.0005941811629704066,0.0006066230762572515,0.7086587301587302,0.7062857142857143
16,0.0005812857496359992,0.0005934694153921945,0.7231825396825396,0.7191428571428572
17,0.0005848981553599948,0.000597399734315418,0.7186825396825397,0.7151428571428572
18,0.0005941391265581525,0.0006068502068519592,0.7098571428571429,0.7056666666666667
19,0.0005918593813502599,0.0006040634229069665,0.7123412698412699,0.7085238095238096
20,0.000587608076750286,0.0005988456323033287,0.7158888888888889,0.7138571428571429
21,0.0005893033350270892,0.0006029882005282811,0.7141666666666666,0.7096190476190476
22,0.0005825019890353793,0.0005948489393506731,0.721452380952381,0.718
23,0.0005799734313336629,0.0005910141553197588,0.7245158730158731,0.7214761904761905
24,0.000579189640188974,0.0005901099471818833,0.724047619047619,0.7226666666666667
