,loss/train,loss/valid,acc/train,acc/valid
0,0.0006789570943940254,0.0006911890549319131,0.526375,0.5270357142857143
1,0.0006785142673622995,0.0006907364747353962,0.5360595238095238,0.536
2,0.0006777414597925685,0.0006898557565041951,0.5421904761904762,0.5448571428571428
3,0.0006771357055930864,0.0006892464352505548,0.5318452380952381,0.5339642857142857
4,0.0006771107167005539,0.0006891553338084902,0.511172619047619,0.5141428571428571
5,0.0006771561113141832,0.0006892466906990324,0.5057857142857143,0.508
6,0.0006773954917277608,0.0006893898269959859,0.5020238095238095,0.5036071428571428
7,0.0006773068234324455,0.0006892678907939366,0.5025535714285714,0.5039642857142858
8,0.0006770151324924969,0.0006889410849128451,0.502077380952381,0.5034642857142857
9,0.0006774311530448142,0.0006894918914352145,0.5001130952380952,0.5018214285714285
10,0.0006780120904246966,0.0006899128939424242,0.4993392857142857,0.5011071428571429
11,0.0006783843923892294,0.0006902159346001489,0.4990595238095238,0.501
12,0.0006783034673758916,0.0006902352081877845,0.49892857142857144,0.50075
13,0.0006787742234411694,0.0006906090463910784,0.4988511904761905,0.5006785714285714
14,0.0006800169111007736,0.0006919883787631988,0.49873809523809526,0.5004642857142857
15,0.0006800034730916932,0.0006919077592236656,0.4987440476190476,0.5005357142857143
16,0.0006799322043855985,0.0006916122308799199,0.4987559523809524,0.5005357142857143
17,0.0006805797272494861,0.0006923931560346058,0.49873214285714285,0.5004642857142857
18,0.0006811278143099376,0.0006929716893604823,0.4987202380952381,0.5004642857142857
19,0.0006817576626227016,0.0006936447194644383,0.4987202380952381,0.5004642857142857
20,0.0006815653180792218,0.0006933650097676686,0.4987202380952381,0.5004642857142857
21,0.0006820214646203177,0.0006935884718384061,0.4987202380952381,0.5004642857142857
22,0.0006815772709392366,0.0006932614871433804,0.4987261904761905,0.5004642857142857
23,0.0006824234582128979,0.0006942000623260226,0.4987202380952381,0.5004642857142857
