,loss/train,loss/valid,acc/train,acc/valid
0,0.0007037150774683272,0.0007180196962186269,0.5070178571428572,0.5050357142857143
1,0.000672552992545423,0.0006857286542654037,0.5381190476190476,0.5361785714285714
2,0.0006603566262693633,0.000673351560320173,0.5655059523809524,0.5648214285714286
3,0.0006533142079909643,0.0006665033442633493,0.5831428571428572,0.58325
4,0.0006534458427202134,0.0006665076230253492,0.587577380952381,0.58725
5,0.0006489146433415867,0.0006622537012611117,0.598202380952381,0.5985
6,0.000650943894471441,0.0006642458800758635,0.5975595238095238,0.5977857142857143
7,0.0006532085569841521,0.0006662895722048623,0.5980238095238095,0.5972142857142857
8,0.0006578805893659591,0.0006711260740246091,0.5931904761904762,0.5928571428571429
9,0.0006583307126448268,0.0006709368143762861,0.5956547619047619,0.5951428571428572
10,0.0006559911696683793,0.0006690417293991361,0.5993988095238095,0.5995357142857143
11,0.0006549723474752336,0.0006682937741279602,0.60225,0.6024285714285714
12,0.0006587894700822376,0.0006722116278750556,0.5965952380952381,0.5976071428571429
13,0.0006633995448549588,0.0006763623484543392,0.5932857142857143,0.5942857142857143
14,0.0006630530453154019,0.0006755755415984563,0.5940892857142858,0.59525
15,0.0006655733056721233,0.0006785858209644045,0.5919464285714285,0.5923571428571428
16,0.0006616439688063803,0.0006747607673917498,0.5966369047619048,0.5972142857142857
17,0.0006609386783980188,0.0006743076401097434,0.5975357142857143,0.5983214285714286
18,0.0006668568931165196,0.0006802944498402732,0.5910595238095238,0.59225
19,0.0006655046663114003,0.0006787227881806237,0.5922916666666667,0.5936785714285714
20,0.0007480100237187886,0.0007628316283226014,0.5223214285714286,0.5216785714285714
