,loss/train,loss/valid,acc/train,acc/valid
0,0.0006983773080365998,0.0007110264131001063,0.49873214285714285,0.5005357142857143
1,0.0006981457216399057,0.0007107542817081724,0.49876190476190474,0.5007142857142857
2,0.0006985472422980127,0.0007110193754945482,0.4988035714285714,0.5006785714285714
3,0.000697555355372883,0.0007102960731301989,0.49881547619047617,0.5006428571428572
4,0.0006980098216306595,0.0007106612580163138,0.4987202380952381,0.5008571428571429
5,0.0006999729201197624,0.0007124144115618297,0.4988095238095238,0.5003928571428572
6,0.0006988638323687372,0.0007113038684640612,0.49879761904761905,0.5003928571428572
7,0.0006989439452687899,0.0007115281458411898,0.49892857142857144,0.5003214285714286
8,0.0006996159589006787,0.0007122518718242645,0.49888095238095237,0.5003571428571428
9,0.0007008463272026607,0.0007135319390467235,0.4988511904761905,0.5006785714285714
10,0.0006985207288747742,0.0007110703353370939,0.4989166666666667,0.5006071428571428
11,0.000698031315491313,0.0007107822597026825,0.49888095238095237,0.5006785714285714
12,0.0007011973854331743,0.0007135028094053268,0.49885714285714283,0.5006428571428572
13,0.000699904475183714,0.0007123144843748638,0.49883333333333335,0.5004642857142857
14,0.0006999223370637213,0.0007123049327305385,0.4988869047619048,0.5005357142857143
15,0.0007019170501402446,0.000714534838284765,0.4989047619047619,0.5005
16,0.0007004347911902836,0.0007128702593701226,0.4989047619047619,0.5006785714285714
17,0.0006981920656703767,0.0007107903425182615,0.49901190476190477,0.5008214285714285
18,0.0006994723251887731,0.0007119597068854741,0.49898809523809523,0.5005357142857143
