,loss/train,loss/valid,acc/train,acc/valid
0,0.0005193941490281196,0.0005288636088371277,0.7808273809523809,0.7811071428571429
1,0.0005129713675095922,0.0005225456889186587,0.7942261904761905,0.7952857142857143
2,0.000572616396915345,0.0005829575551407678,0.6837619047619048,0.6853571428571429
3,0.0005083943839584078,0.0005197676175407001,0.7929285714285714,0.7916785714285715
4,0.0004956833017723901,0.0005037251402224813,0.8048333333333333,0.806
5,0.0005433553613367535,0.0005569847439016615,0.7588214285714285,0.7553571428571428
6,0.0006412866143953233,0.0006523208149841854,0.6588869047619048,0.6593928571428571
7,0.0004977448195928619,0.0005076232978275844,0.8055119047619047,0.8047857142857143
8,0.00047269432317642937,0.00048320442863873073,0.8304642857142858,0.8288214285714286
9,0.0005227245635219983,0.0005351690628698894,0.7803154761904761,0.7778214285714286
10,0.0005308231615594455,0.0005443616019827979,0.7723452380952381,0.7687857142857143
11,0.0005508759821809474,0.0005638445700917925,0.7515416666666667,0.7491071428571429
12,0.0007463336845948583,0.0007587967557566507,0.5534761904761905,0.5544642857142857
13,0.0005409911541002137,0.0005535960133586611,0.7620535714285714,0.7603214285714286
14,0.0005325932715620314,0.0005455961397715977,0.7707380952380952,0.7671071428571429
15,0.0005817042674337115,0.000591427777494703,0.7206845238095239,0.7223214285714286
16,0.000529361435345241,0.0005395984670945577,0.774,0.7741071428571429
17,0.0006034913424934659,0.0006149251546178545,0.6991547619047619,0.6982857142857143
18,0.000573974184691906,0.0005851680104221617,0.7285714285714285,0.7283214285714286
19,0.0005523486179964883,0.0005649871464286531,0.7510059523809524,0.7486428571428572
20,0.0005693943110250292,0.0005775265459503446,0.7330059523809523,0.73575
21,0.000717580941106592,0.0007315880187920162,0.5827083333333334,0.5818571428571429
22,0.0005424543548197973,0.0005547714786870139,0.7608809523809524,0.7583214285714286
23,0.0005802417074640592,0.0005929965547152928,0.7223035714285714,0.72025
