,loss/train,loss/valid,acc/train,acc/valid
0,0.0006741872479518254,0.0006860877935375487,0.5736785714285715,0.5771428571428572
1,0.0006724582208054407,0.0006842442240033831,0.5923571428571428,0.5957142857142858
2,0.0006721737494780904,0.0006838442832231521,0.556702380952381,0.5597142857142857
3,0.0006718661263585091,0.0006834655957562583,0.5347619047619048,0.5376071428571428
4,0.0006718484936725526,0.0006833833626338413,0.5209821428571428,0.5236428571428572
5,0.0006723286892686572,0.000683811285666057,0.507922619047619,0.5095
6,0.0006724413466595468,0.0006839057824441365,0.5043928571428572,0.5068214285714285
7,0.0006735319346189499,0.0006849680542945862,0.5006964285714286,0.5031071428571429
8,0.0006729352885768527,0.000684466581259455,0.5004821428571429,0.5026428571428572
9,0.00067427166196562,0.0006858607104846409,0.4992916666666667,0.5013214285714286
10,0.0006743806220945857,0.0006858253159693309,0.4991964285714286,0.5011428571428571
11,0.0006736948479499136,0.0006852225959300995,0.4992440476190476,0.5012857142857143
12,0.0006756624668127015,0.0006869231377329145,0.4989047619047619,0.5006785714285714
13,0.0006759128662801924,0.0006872385314532688,0.49889285714285714,0.5007142857142857
14,0.0006752569952181407,0.0006866306619984763,0.49886309523809524,0.5006785714285714
15,0.0006753561975700515,0.0006866582376616342,0.49885714285714283,0.5006428571428572
16,0.0006751861178449222,0.0006865356351648058,0.4988511904761905,0.5006428571428572
17,0.000676567490256968,0.0006879432243960244,0.4987857142857143,0.5006428571428572
18,0.0006764048451469058,0.000687639907002449,0.4987797619047619,0.5006071428571428
19,0.0006762966552660578,0.0006874742465359824,0.49879761904761905,0.5006071428571428
