,loss/train,loss/valid,acc/train,acc/valid
0,0.000685124203207947,0.0006973084658384323,0.5009047619047619,0.50325
1,0.0006845842386995043,0.0006966551755155835,0.5016488095238095,0.5034642857142857
2,0.0006846043290126892,0.0006967285126447678,0.5016666666666667,0.5032857142857143
3,0.0006858391538262367,0.0006979457821164812,0.500702380952381,0.5032857142857143
4,0.0006855982148221561,0.0006976963090045111,0.500547619047619,0.5028571428571429
5,0.0006851734955395971,0.000697330932532038,0.5009523809523809,0.5033214285714286
6,0.0006864609264192127,0.0006985646315983364,0.5000952380952381,0.5026428571428572
7,0.0006850401340495972,0.000697380828005927,0.500547619047619,0.5029285714285714
8,0.0006843782482402665,0.0006967488825321197,0.5013630952380952,0.5035
9,0.0006850631052539463,0.0006971444189548492,0.5011130952380952,0.5034285714285714
10,0.0006850290738400959,0.0006971961749451501,0.5009702380952381,0.5034285714285714
11,0.0006853667132201649,0.0006975049759660448,0.50075,0.5029642857142858
12,0.0006855235621333122,0.0006976128433431898,0.5004821428571429,0.503
13,0.0006853639554409754,0.0006974180255617414,0.5004583333333333,0.5032857142857143
14,0.000684935963224797,0.0006969812491110393,0.5010178571428572,0.50375
15,0.0006849866317851203,0.0006971511585371835,0.5007916666666666,0.5031428571428571
16,0.0006854100560858136,0.0006975540178162711,0.5004642857142857,0.5025
