,loss/train,loss/valid,acc/train,acc/valid
0,0.0004885769438530718,0.0004975886025599071,0.8096547619047619,0.8101071428571428
1,0.0004954904816335156,0.0005038222947290965,0.8123630952380952,0.81325
2,0.0005333598076942421,0.0005397030924047743,0.7672440476190476,0.7716071428571428
3,0.0006585957780480385,0.0006697104551962444,0.6417202380952381,0.64225
4,0.0006658225840046292,0.0006781772928578513,0.6345952380952381,0.6341785714285715
5,0.0005297848248765582,0.0005354855422462736,0.7731130952380952,0.7776071428571428
6,0.0005546664730423972,0.0005630073164190565,0.747875,0.7493214285714286
7,0.0005521482878497668,0.0005603404279266085,0.7509166666666667,0.7528214285714285
8,0.000528745802740256,0.000536459560905184,0.7744702380952381,0.7767142857142857
9,0.0005316632287133308,0.0005385557860136032,0.7719166666666667,0.77475
10,0.0007975530798236529,0.0008139494700091226,0.5013035714285714,0.4995
11,0.0006862019101778667,0.000704019940325192,0.6141309523809524,0.6095357142857143
12,0.000726065738215333,0.0007398467191628048,0.5745476190476191,0.57375
13,0.0006682917383455095,0.0006846125253609248,0.6321785714285715,0.6287142857142857
14,0.0007380437595503671,0.0007522561975887844,0.5617440476190476,0.5611428571428572
15,0.0006192165982155573,0.00062821264564991,0.6826071428571429,0.6850714285714286
