,loss/train,loss/valid,acc/train,acc/valid
0,0.0005298895227412383,0.0005405136729989733,0.7708988095238095,0.7707142857142857
1,0.000547084901304472,0.0005563822750534331,0.7546904761904762,0.7555357142857143
2,0.0005463941196600596,0.0005557181004967009,0.7562261904761904,0.7565
3,0.0008001863112052282,0.0008126082952533449,0.4986964285714286,0.5004642857142857
4,0.0007609409097404707,0.0007769089043140412,0.5385119047619048,0.5367857142857143
5,0.0007613363883325031,0.0007774107583931514,0.53725,0.53625
6,0.000734154302094664,0.0007490742036274502,0.5652380952380952,0.5644642857142858
7,0.0007259490163553329,0.0007435387266533716,0.5742916666666666,0.57025
8,0.0007425454468244598,0.0007581065148115158,0.5574583333333333,0.5553214285714285
9,0.0007990853921288535,0.0008119078959737505,0.4994642857142857,0.5011785714285715
10,0.0007704675541747184,0.0007840163345847811,0.5286547619047619,0.5292142857142857
11,0.0007529866730883008,0.0007653974890708923,0.5469226190476191,0.54775
12,0.0006692297128694398,0.0006847068837710789,0.6317797619047619,0.6283214285714286
13,0.0007071638713989939,0.0007168143391609192,0.5934642857142857,0.5951428571428572
14,0.0005934952912586076,0.0006049284892422813,0.7096309523809524,0.7093214285714285
15,0.0006104410461017064,0.0006226475941283362,0.692125,0.6904285714285714
