,loss/train,loss/valid,acc/train,acc/valid
0,0.00046351379741515434,0.00047265360610825675,0.837422619047619,0.8355
1,0.0005863254141239893,0.0005972070459808622,0.6979047619047619,0.6964642857142858
2,0.0004943807806287494,0.0005030577491436685,0.8020833333333334,0.8035714285714286
3,0.00048337249440096676,0.0004933131220085281,0.8193035714285715,0.8168571428571428
4,0.00046949506497808867,0.0004788337466972215,0.8314880952380952,0.83175
5,0.0005418234109168961,0.0005542776776211602,0.7283571428571428,0.7261785714285715
6,0.0004690026736685208,0.0004790829803262438,0.8256011904761905,0.8240714285714286
7,0.0004512861876615456,0.0004617862318243299,0.8535416666666666,0.8509642857142857
8,0.00044780464026899564,0.0004576527114425387,0.8600059523809523,0.8588214285714286
9,0.00046046322832504907,0.0004706519639917782,0.8427738095238095,0.8405
10,0.00045889350683206605,0.0004676487807716642,0.8479047619047619,0.84975
11,0.0006170894397156579,0.0006286634632519313,0.6838690476190477,0.6835714285714286
12,0.0004883792370202996,0.0004993865734764508,0.8153690476190476,0.8129642857142857
13,0.00048395681292528195,0.0004938685723713466,0.8197142857142857,0.8180714285714286
14,0.0005422489153487341,0.0005527612205062593,0.7607678571428571,0.75975
15,0.000472460996891771,0.00048151640061821257,0.8316607142857143,0.831
16,0.00046811822659912565,0.0004783668901239123,0.8360119047619048,0.8343928571428572
17,0.0005160049109586648,0.0005291498388562884,0.7876607142857143,0.7836428571428572
18,0.0005176761989437399,0.0005299931509154184,0.7861785714285714,0.7836428571428572
19,0.0005832541460792224,0.0005953218340873719,0.7189464285714285,0.7181428571428572
20,0.0005291761638862746,0.0005416358837059566,0.7744940476190476,0.7718571428571429
21,0.000525264832945097,0.0005385881875242506,0.7780892857142857,0.7747857142857143
22,0.0005212960919099194,0.0005340010843106678,0.7829761904761905,0.7794285714285715
23,0.0005153128414281777,0.0005280322177069527,0.7881964285714286,0.78525
