,loss/train,loss/valid,acc/train,acc/valid
0,0.000658112530197416,0.0006676124987148104,0.6398253968253969,0.6414285714285715
1,0.000644639450879324,0.0006522709046091353,0.6464603174603175,0.6505714285714286
2,0.000668739532667493,0.000674194940498897,0.6326746031746032,0.6375714285714286
3,0.0007324666205852751,0.000751829567409697,0.5679920634920634,0.5608095238095238
4,0.0006605868263850136,0.0006688528117679414,0.6413968253968254,0.644
5,0.0006858321239077856,0.000695799986521403,0.6155079365079366,0.6161904761904762
6,0.0006808964822973524,0.0006937419232868013,0.6214603174603175,0.6187619047619047
7,0.0007181201747485569,0.0007317798478262765,0.5837380952380953,0.5811904761904761
8,0.0006737322717431991,0.0006867919649396624,0.6290793650793651,0.6260476190476191
9,0.0006748653617170122,0.000684338595185961,0.6271984126984127,0.6286190476190476
10,0.0007332358171069432,0.0007477169263930548,0.5690873015873016,0.5650952380952381
11,0.0006838850951383984,0.0006958611863000052,0.618563492063492,0.6173809523809524
12,0.0007972143032248058,0.0008162271692639306,0.5023888888888889,0.4966190476190476
13,0.0007141078937621344,0.0007250417981828962,0.5879603174603174,0.5875714285714285
14,0.0007905931737687853,0.0008073768530573164,0.5103015873015873,0.5049047619047619
15,0.0007610378492446172,0.0007800458215531849,0.539420634920635,0.5325714285714286
16,0.0007551956569391584,0.0007712536312284924,0.5455793650793651,0.5414285714285715
