,loss/train,loss/valid,acc/train,acc/valid
0,0.0006195297586539436,0.0006282108511243547,0.6634047619047619,0.6619047619047619
1,0.0006248152043138232,0.0006341666976610819,0.6567063492063492,0.6603333333333333
2,0.0006453326424909016,0.0006551625302859715,0.6290079365079365,0.6306190476190476
3,0.0007359314475740705,0.0007527518385932559,0.5622142857142857,0.5568571428571428
4,0.0006911855940780942,0.0007002686545962379,0.6061825396825397,0.6070952380952381
5,0.0006472794593326629,0.0006595555260067895,0.6527777777777778,0.6513333333333333
6,0.0006418335026218778,0.0006510352180117652,0.6589920634920635,0.659952380952381
7,0.000645355000382378,0.0006524991194407145,0.656015873015873,0.6597619047619048
8,0.0006383141265028999,0.0006485891171864101,0.663436507936508,0.6635714285714286
9,0.000695350198991715,0.0007017387378783453,0.6059920634920635,0.6117619047619047
10,0.0006685361029609801,0.0006764310938971383,0.6326111111111111,0.6359047619047619
11,0.0006670179769160255,0.000679374825386774,0.6353174603174603,0.6335238095238095
12,0.000652457844170313,0.0006606224037352062,0.6499206349206349,0.6524285714285715
13,0.000672622199096377,0.0006829196810722351,0.6307698412698413,0.6304761904761905
14,0.0006549049838194772,0.000661866185211,0.6479047619047619,0.6512857142857142
15,0.000649636361334059,0.0006575447179022289,0.6525952380952381,0.6555714285714286
