,loss/train,loss/valid,acc/train,acc/valid
0,0.0006256152774606433,0.0006346639167694819,0.6604523809523809,0.6631904761904762
1,0.0006258268810453869,0.0006347753008206686,0.6566349206349207,0.6598095238095238
2,0.0006467824904691606,0.0006580638488133748,0.617031746031746,0.6156666666666667
3,0.0006336735520097945,0.0006445381357556298,0.6383015873015873,0.6363333333333333
4,0.0006199574976686448,0.0006284869767370678,0.6575634920634921,0.6582857142857143
5,0.0006250456325591556,0.0006335697826885041,0.6361190476190476,0.6392857142857142
6,0.000619627964402002,0.0006276738132749286,0.6537619047619048,0.6555238095238095
7,0.0006183933161553883,0.0006280990441640219,0.6608650793650793,0.6627142857142857
8,0.0006144533857466683,0.0006238704068320138,0.674484126984127,0.675952380952381
9,0.0006817581383954911,0.0006905338310060047,0.5468412698412698,0.5538095238095239
10,0.0006489909102046301,0.0006605204485711598,0.6511349206349206,0.6503809523809524
11,0.000657433296479876,0.0006664919143631344,0.6440476190476191,0.6454761904761904
12,0.0006520610087447697,0.0006616078388123286,0.6491111111111111,0.6511904761904762
13,0.000654614348733236,0.0006632394450051444,0.6472698412698412,0.6497619047619048
14,0.0006578731934229533,0.0006705312700498672,0.645,0.6423333333333333
15,0.0006847478846708934,0.0006981177471932911,0.6169920634920635,0.6143809523809524
16,0.0006584744656842852,0.0006675467093785604,0.6439206349206349,0.6456666666666667
17,0.0006568408215802814,0.0006665268824214027,0.6453333333333333,0.6468095238095238
18,0.0006643602781825596,0.0006762742201487223,0.6381746031746032,0.6365714285714286
19,0.0006535428823932768,0.0006631737663632348,0.6485555555555556,0.6501428571428571
20,0.000658808629191111,0.0006645336179506211,0.6441666666666667,0.6489047619047619
21,0.0006483240529658302,0.0006568778582981654,0.6538968253968254,0.6566190476190477
22,0.00064901754922337,0.0006587927682059152,0.6530952380952381,0.6542857142857142
23,0.0006487437850899166,0.000659702928293319,0.6538571428571428,0.6538095238095238
