,loss/train,loss/valid,acc/train,acc/valid
0,0.0005663709704365049,0.0005791715355146498,0.7308095238095238,0.7272857142857143
1,0.0005726976328425937,0.0005868353758539472,0.727547619047619,0.722
2,0.0005704375212154691,0.000582170273576464,0.7316746031746032,0.7287619047619047
3,0.000623434167059641,0.0006335006753603618,0.6784920634920635,0.6792380952380952
4,0.0005740200035155766,0.0005863677972838992,0.7288968253968254,0.7259047619047619
5,0.0005835378813365149,0.000596283203079587,0.7201349206349207,0.7161904761904762
6,0.0005986963723387037,0.0006107888136591231,0.7056190476190476,0.7017142857142857
7,0.0005740471364013732,0.0005856104578290667,0.7298730158730159,0.7269523809523809
8,0.0005748461011856321,0.0005852361832346235,0.7299523809523809,0.7272857142857143
9,0.0005859048077984461,0.0005974906938416618,0.7186269841269841,0.715047619047619
10,0.0005960212813483345,0.0006123649988855635,0.707015873015873,0.7002380952380952
11,0.0005862592184354389,0.0005991112646602449,0.7171349206349207,0.7134285714285714
12,0.0006687590517694988,0.0006788530917394729,0.6338333333333334,0.6338571428571429
13,0.0008006070809704917,0.0008086004115286327,0.4994126984126984,0.5056666666666667
14,0.0007456037217662448,0.0007551630139350891,0.5553968253968254,0.5583809523809524
15,0.0007482257220480177,0.0007571941046487717,0.5528650793650793,0.556952380952381
