,loss/train,loss/valid,acc/train,acc/valid
0,0.0005551727343173254,0.0005673047474452428,0.7260753968253968,0.726547619047619
1,0.0005545206547729552,0.0005664071014949253,0.7241825396825396,0.7236190476190476
2,0.0005826706926500986,0.000596785592181342,0.7186428571428571,0.7171666666666666
3,0.0005827795106267172,0.0005968422889709473,0.7186111111111111,0.7171190476190477
4,0.0005828461963979024,0.0005968369103613354,0.7186150793650794,0.7171190476190477
5,0.0005829924763668151,0.0005968369103613354,0.7186190476190476,0.7171190476190477
6,0.0005826621606709466,0.0005968369103613354,0.7186111111111111,0.7171190476190477
7,0.0005831058339940177,0.0005968369103613354,0.7186190476190476,0.7171190476190477
8,0.0005828809118460095,0.0005968369103613354,0.7186190476190476,0.7171190476190477
9,0.000582996331037037,0.0005968369103613354,0.7186150793650794,0.7171190476190477
10,0.0005827723528657641,0.0005968369103613354,0.7186111111111111,0.7171190476190477
11,0.0005828124050583158,0.0005968369103613354,0.7186111111111111,0.7171190476190477
12,0.0005827397682837078,0.0005968369103613354,0.7186111111111111,0.7171190476190477
13,0.000582884132152512,0.0005968369103613354,0.7186150793650794,0.7171190476190477
14,0.0005813385957763309,0.0005936112588360196,0.7193650793650793,0.7183333333333334
15,0.0005826488827902173,0.000596884229353496,0.7186785714285714,0.717047619047619
16,0.0005827112838862435,0.0005968739234265827,0.7186388888888889,0.7170714285714286
