,loss/train,loss/valid,acc/train,acc/valid
0,0.0005645035980712799,0.0005762630573340825,0.7215992063492064,0.7215
1,0.0005700414932909466,0.0005813657584644499,0.7231666666666666,0.7242857142857143
2,0.0005611728136501615,0.000573491754985991,0.7198095238095238,0.7185476190476191
3,0.0006537515208834693,0.00066620082230795,0.5947380952380953,0.5945
4,0.0005837896418949914,0.0005975283072108314,0.7177261904761905,0.7163333333333334
5,0.000730071960460572,0.0007486497405029478,0.5631111111111111,0.5624523809523809
6,0.0005827753129932615,0.0005968194093023027,0.7186111111111111,0.7171428571428572
7,0.0005826646709252918,0.0005968369898341951,0.7186111111111111,0.7171190476190477
8,0.000582924147920003,0.0005968154143719446,0.7186150793650794,0.7171428571428572
9,0.0005829951117436092,0.00059683758020401,0.7186150793650794,0.7171190476190477
10,0.0005829091377201535,0.0005968369103613354,0.7184761904761905,0.7171190476190477
11,0.000582949636947541,0.0005967904073851449,0.7184722222222222,0.7171666666666666
12,0.0005830866148074468,0.0005968137752442133,0.7185238095238096,0.7171428571428572
13,0.0005828683042810077,0.0005968845032510304,0.7184404761904762,0.7170714285714286
14,0.0005827998447985876,0.0005968136588732401,0.7185873015873016,0.7171428571428572
15,0.0005830997737154128,0.0005968601618494306,0.7185476190476191,0.7170952380952381
16,0.0005828631378355481,0.0005968136588732401,0.7185992063492064,0.7171428571428572
17,0.0005827391325008302,0.0005968369103613354,0.7186111111111111,0.7171190476190477
