,loss/train,loss/valid,acc/train,acc/valid
0,0.000487400919908569,0.0005006012590158554,0.8165634920634921,0.8112857142857143
1,0.00041282599549444894,0.0004217549732753209,0.8930238095238096,0.8915714285714286
2,0.0004182123600963562,0.0004263424433413006,0.8870873015873015,0.8859523809523809
3,0.0004115758252049249,0.00042059772922879176,0.8948571428571429,0.8928571428571429
4,0.000411412852624106,0.0004206065861951737,0.8948650793650794,0.8929047619047619
5,0.00041324162033815233,0.0004221626250516801,0.8926190476190476,0.8912380952380953
6,0.000412222515732523,0.0004206296517735436,0.8948333333333334,0.8928095238095238
7,0.00041157130518602945,0.00042057365888640994,0.8948650793650794,0.8929523809523809
8,0.0004122571474502957,0.0004208335280418396,0.8946190476190476,0.8925238095238095
9,0.0004119724186639937,0.0004210524260997772,0.8942063492063492,0.8922857142857142
10,0.00041684478615957595,0.0004247553674947648,0.8891269841269841,0.8877619047619048
11,0.0004110142482178552,0.00042074501656350636,0.8947936507936508,0.8926190476190476
12,0.0004130961675019491,0.00042158390084902445,0.8932619047619048,0.8916190476190476
13,0.00041224734934549483,0.0004209927519162496,0.8942460317460318,0.8923809523809524
14,0.0004144639311328767,0.00042299866392498926,0.8914285714285715,0.8896190476190476
15,0.0004124438086199382,0.0004209879920596168,0.8943968253968254,0.8922857142857142
16,0.0004119508055940507,0.000420677695955549,0.8948015873015873,0.8927619047619048
17,0.00041285975017244853,0.0004212332509812855,0.8938730158730158,0.892
18,0.0004116062380018688,0.00042073605741773333,0.8948492063492064,0.8927619047619048
19,0.000411291051478613,0.00042073605741773333,0.8948492063492064,0.8927619047619048
20,0.0004117638312634968,0.00042073605741773333,0.8948492063492064,0.8927619047619048
21,0.00041144864474024093,0.00042073605741773333,0.8948492063492064,0.8927619047619048
