,loss/train,loss/valid,acc/train,acc/valid
0,0.0004006515649102983,0.0004082835472765423,0.9048888888888889,0.9023333333333333
1,0.00041194874544938406,0.0004202159785089039,0.895,0.8930476190476191
2,0.0007952785823080275,0.0008022891424951099,0.5002777777777778,0.5067142857142857
3,0.00041207904593339043,0.00042073617095039,0.8948492063492064,0.8927619047619048
4,0.0004116062238102867,0.00042073608580089753,0.8948492063492064,0.8927619047619048
5,0.00041207901092748796,0.0004207360659326826,0.8948492063492064,0.8927619047619048
6,0.00041239419461242737,0.00042073606309436616,0.8948492063492064,0.8927619047619048
7,0.0004125517566525747,0.00042073612979480197,0.8948492063492064,0.8927619047619048
8,0.00041176381517970374,0.0004207360815434229,0.8948492063492064,0.8927619047619048
9,0.0004116062247563922,0.0004207360815434229,0.8948492063492064,0.8927619047619048
10,0.00041192141364491177,0.00042073606167520797,0.8948492063492064,0.8927619047619048
11,0.0004119214179023864,0.00042073606451352436,0.8948492063492064,0.8927619047619048
12,0.00041192141364491177,0.00042073606167520797,0.8948492063492064,0.8927619047619048
13,0.0004116062299599723,0.00042073606451352436,0.8948492063492064,0.8927619047619048
14,0.00041744264392625717,0.0004265681803226471,0.8893253968253968,0.8866666666666667
15,0.000411938586168819,0.0004207350810368856,0.8948253968253969,0.8927619047619048
