,loss/train,loss/valid,acc/train,acc/valid
0,0.6166203781536648,0.6183036635262625,0.6902559523809524,0.6883571428571429
1,0.5943463672910417,0.5954960659572056,0.7100773809523809,0.7092142857142857
2,0.6028563068934849,0.6022675170898437,0.7058690476190477,0.7067857142857142
3,0.607678458508991,0.6122604222978865,0.6986130952380952,0.6933214285714285
4,0.5875725052697318,0.5902639231000628,0.7092619047619048,0.7058928571428571
5,0.6790742852120173,0.674823356628418,0.634797619047619,0.6391785714285714
6,0.8001423992429461,0.8009400013514928,0.5131190476190476,0.5123214285714286
7,0.8119757161821638,0.8137614277430943,0.5012857142857143,0.4995
8,0.8119816707883563,0.8137614277430943,0.5012797619047619,0.4995
9,0.8119816718555632,0.8137614277430943,0.5012797619047619,0.4995
10,0.8119816754659017,0.8137614277430943,0.5012797619047619,0.4995
11,0.8119816700163341,0.8137614277430943,0.5012797619047619,0.4995
12,0.8119816696757362,0.8137614277430943,0.5012797619047619,0.4995
13,0.8119816725821722,0.8137614277430943,0.5012797619047619,0.4995
14,0.8119816685858227,0.8137614277430943,0.5012797619047619,0.4995
15,0.8119816721961611,0.8137614277430943,0.5012797619047619,0.4995
16,0.8119816733087812,0.8137614277430943,0.5012797619047619,0.4995
17,0.8119816740353902,0.8137614277430943,0.5012797619047619,0.4995
18,0.8119816726048787,0.8137614277430943,0.5012797619047619,0.4995
19,0.8119816772824242,0.8137614277430943,0.5012797619047619,0.4995
20,0.8119816649300712,0.8137614277430943,0.5012797619047619,0.4995
21,0.8119816696984428,0.8137614277430943,0.5012797619047619,0.4995
22,0.8119816787583487,0.8137614277430943,0.5012797619047619,0.4995
23,0.8119816714922587,0.8137614277430943,0.5012797619047619,0.4995
24,0.8119816692897251,0.8137614277430943,0.5012797619047619,0.4995
