,loss/train,loss/valid,acc/train,acc/valid
0,0.814541189511617,0.8127614430018834,0.4987202380952381,0.5005
1,0.8145411869230724,0.8127614430018834,0.4987202380952381,0.5005
2,0.814541194938478,0.8127614430018834,0.4987202380952381,0.5005
3,0.8145411872636704,0.8127614430018834,0.4987202380952381,0.5005
4,0.8145411901701064,0.8127614430018834,0.4987202380952381,0.5005
5,0.8145411935079665,0.8127614430018834,0.4987202380952381,0.5005
6,0.8145411923953465,0.8127614430018834,0.4987202380952381,0.5005
7,0.8145411967095875,0.8127614430018834,0.4987202380952381,0.5005
8,0.8145411872863769,0.8127614430018834,0.4987202380952381,0.5005
9,0.814541194211869,0.8127614430018834,0.4987202380952381,0.5005
10,0.8145411901701064,0.8127614430018834,0.4987202380952381,0.5005
11,0.8145411876950945,0.8127614430018834,0.4987202380952381,0.5005
12,0.8145411898295085,0.8127614430018834,0.4987202380952381,0.5005
13,0.8145411967550005,0.8127614430018834,0.4987202380952381,0.5005
14,0.8145411996614366,0.8127614430018834,0.4987202380952381,0.5005
15,0.8145411924407596,0.8127614430018834,0.4987202380952381,0.5005
16,0.814541192713238,0.8127614430018834,0.4987202380952381,0.5005
17,0.814541189511617,0.8127614430018834,0.4987202380952381,0.5005
18,0.814541190578824,0.8127614430018834,0.4987202380952381,0.5005
19,0.814541189125606,0.8127614430018834,0.4987202380952381,0.5005
20,0.8145411949611846,0.8127614430018834,0.4987202380952381,0.5005
