,loss/train,loss/valid,acc/train,acc/valid
0,0.0005829638959396453,0.0005968369103613354,0.7186111111111111,0.7171190476190477
1,0.0005831512028262729,0.0005968369103613354,0.7186111111111111,0.7171190476190477
2,0.000582926437022194,0.0005968369103613354,0.7186111111111111,0.7171190476190477
3,0.0005828889769221109,0.0005968369103613354,0.7186111111111111,0.7171190476190477
4,0.000583152740957245,0.0005966715585617792,0.7185595238095238,0.7172857142857143
5,0.0005826293014817768,0.0005968468529837472,0.7186825396825397,0.7171190476190477
6,0.000582562145732698,0.0005968380144664219,0.7186785714285714,0.7171190476190477
7,0.0005827595572622995,0.0005968601135980515,0.7186230158730159,0.7170952380952381
8,0.0005827182609410513,0.0005968274843125116,0.7186666666666667,0.7170952380952381
9,0.0005828211983991047,0.0005968588732537769,0.7186428571428571,0.7170952380952381
10,0.0005830388170859171,0.0005968369103613354,0.7186111111111111,0.7171190476190477
11,0.0005826267495987907,0.0005968369103613354,0.7186111111111111,0.7171190476190477
12,0.0005829638975953299,0.0005968369103613354,0.7186111111111111,0.7171190476190477
13,0.0005827430112967416,0.0005968136588732401,0.7186071428571429,0.7171428571428572
14,0.0005827765935470187,0.0005968369103613354,0.7186111111111111,0.7171190476190477
15,0.000582851513747185,0.0005968136588732401,0.7186111111111111,0.7171428571428572
16,0.0005828140548297337,0.0005968369103613354,0.7186111111111111,0.7171190476190477
17,0.0005828889771586373,0.0005968369103613354,0.7186111111111111,0.7171190476190477
18,0.0005826267484161588,0.0005968369103613354,0.7186111111111111,0.7171190476190477
19,0.0005825143681159095,0.0005968369103613354,0.7186111111111111,0.7171190476190477
