,loss/train,loss/valid,acc/train,acc/valid
0,0.0006771701333068666,0.000689094847866467,0.5137440476190476,0.5135
1,0.0006775071212933177,0.000689589730330876,0.5092559523809523,0.5086428571428572
2,0.0006781878127228646,0.0006902143997805459,0.505922619047619,0.5049285714285714
3,0.0006811482317390896,0.0006932063379458019,0.5017619047619047,0.49992857142857144
4,0.000683347741053218,0.0006957792043685913,0.5013035714285714,0.4995357142857143
5,0.0006838036275335721,0.0006962573294128691,0.5012916666666667,0.4995357142857143
6,0.0006857459786392394,0.0006981437184980937,0.5012857142857143,0.4995
7,0.0006878770334380013,0.0007002996121134076,0.5012797619047619,0.4995
8,0.0006875853442720004,0.0007002169958182743,0.5012797619047619,0.4995
9,0.0006881793027832395,0.0007007855325937271,0.5012797619047619,0.4995
10,0.0006904758023364204,0.0007033517360687256,0.5012797619047619,0.4995
11,0.0006931220353359268,0.0007059416664498193,0.5012797619047619,0.4995
12,0.0006936950949685914,0.0007067036139113563,0.5012797619047619,0.4995
13,0.0006963106329951967,0.0007094832722629819,0.5012797619047619,0.4995
14,0.0006956819526496387,0.0007089212025914874,0.5012797619047619,0.4995
15,0.0006980448755479994,0.0007113141992262431,0.5012797619047619,0.4995
