,loss/train,loss/valid,acc/train,acc/valid
0,0.000791571204151426,0.0008086185327598027,0.5067559523809524,0.5048214285714285
1,0.000811125832654181,0.0008245128350598471,0.4867202380952381,0.48746428571428574
2,0.0008140449350078901,0.0008277017431599753,0.48436309523809523,0.48410714285714285
3,0.0008142389023587818,0.0008282116757971899,0.48351190476190475,0.4835
4,0.0008129458966709319,0.0008265999342714037,0.4853154761904762,0.48525
5,0.0008096578114089512,0.0008226338731391089,0.4883154761904762,0.4893214285714286
6,0.0008156097172981216,0.000827561765909195,0.4816964285714286,0.4842142857142857
7,0.0008129987769893238,0.0008267256915569306,0.4851309523809524,0.48514285714285715
8,0.0008133410800780569,0.0008276269052709852,0.48413690476190474,0.48396428571428574
9,0.0008103392943739891,0.0008233773644481387,0.48767261904761905,0.4886785714285714
10,0.0008142005936020896,0.0008279706899608885,0.4831964285714286,0.4840714285714286
11,0.0008156959077432042,0.0008283321580716542,0.4820833333333333,0.48342857142857143
12,0.0008076525284420877,0.0008190548036779676,0.49070833333333336,0.49314285714285716
13,0.0008116362133906001,0.0008254839267049517,0.48617261904761905,0.4862142857142857
14,0.0008129632731988316,0.0008273030200174877,0.4845654761904762,0.48442857142857143
15,0.0008157008378988221,0.0008279854676553182,0.48188095238095235,0.48382142857142857
