,loss/train,loss/valid,acc/train,acc/valid
0,0.000681029040543806,0.0006936694596494947,0.5001369047619048,0.49560714285714286
1,0.000681064923959119,0.0006936899125576019,0.5013988095238096,0.4971785714285714
2,0.0006808924196021898,0.0006935574071747916,0.5054464285714285,0.5005714285714286
3,0.0006810304753127552,0.0006937095927340643,0.5046726190476191,0.5011071428571429
4,0.000680972325305144,0.000693689090864999,0.5057440476190476,0.5012857142857143
5,0.0006808240030493055,0.000693549428667341,0.506095238095238,0.5021785714285715
6,0.0006807435105244319,0.0006934544422796794,0.5061547619047619,0.5032142857142857
7,0.000680834503755683,0.0006936598824603217,0.5043035714285714,0.5018928571428571
8,0.0006809499146682875,0.000693667648094041,0.5045238095238095,0.5035714285714286
9,0.0006810065110524496,0.0006937521674803325,0.5041547619047619,0.5023214285714286
10,0.0006808168873900459,0.0006935388403279441,0.5041547619047619,0.5020357142857143
11,0.0006809937773006303,0.0006937379496438163,0.5031785714285715,0.5008928571428571
12,0.0006811111154300826,0.0006938913145235607,0.5030059523809524,0.5004642857142857
13,0.0006813833944144703,0.0006941796966961452,0.5022738095238095,0.4995
14,0.0006813358962535858,0.0006941822384084974,0.5019345238095239,0.4998214285714286
15,0.00068133654268015,0.0006941550437893186,0.50175,0.49992857142857144
16,0.0006812781358049029,0.0006940960075174059,0.5020357142857143,0.49960714285714286
17,0.00068145171162628,0.0006943642262901579,0.5016607142857142,0.4997142857142857
18,0.000681461659570535,0.0006943467301981789,0.5014880952380952,0.49960714285714286
19,0.0006817307014550482,0.0006946128883532116,0.5014464285714286,0.49942857142857144
20,0.0006817387349548794,0.0006945074924400874,0.5014345238095238,0.49942857142857144
21,0.0006817414171638943,0.0006947328469582967,0.5013511904761905,0.4995357142857143
