,loss/train,loss/valid,acc/train,acc/valid
0,0.0006812493421492123,0.0006934353538921901,0.5058571428571429,0.5055714285714286
1,0.00068122515330712,0.000693507730960846,0.5058392857142857,0.5067142857142857
2,0.0006810712427610442,0.0006933302453586034,0.5059523809523809,0.5078571428571429
3,0.0006818992676479476,0.0006944165719406946,0.5026071428571428,0.5008571428571429
4,0.0006822793306339354,0.0006948644242116383,0.5018809523809524,0.4995357142857143
5,0.0006837145381030582,0.0006961268931627274,0.5013571428571428,0.4994642857142857
6,0.0006847170836159161,0.0006974669992923737,0.5013095238095238,0.49939285714285714
7,0.0006852923883568673,0.0006979246458836964,0.5012857142857143,0.4994642857142857
8,0.0006854955142452604,0.0006981993040868214,0.5012857142857143,0.4995
9,0.0006864217214641116,0.0006991307927029473,0.5012797619047619,0.4995
10,0.0006879849050726209,0.0007007726941789899,0.5012797619047619,0.4995
11,0.0006890260378519694,0.0007018450881753649,0.5012797619047619,0.4995
12,0.00068927801435902,0.0007023232515369143,0.5012797619047619,0.4995
13,0.0006909788265114739,0.000704115384391376,0.5012797619047619,0.4995
14,0.0006912275556297529,0.0007044037218604769,0.5012797619047619,0.4995
15,0.0006925482160988309,0.0007058331561940056,0.5012797619047619,0.4995
16,0.0006937626376748085,0.00070697797196252,0.5012797619047619,0.4995
17,0.0006925867568878901,0.0007055243083408901,0.5012797619047619,0.4995
