,loss/train,loss/valid,acc/train,acc/valid
0,0.0006753036653002104,0.0006871945772852216,0.5117440476190476,0.5096071428571428
1,0.0006855348416027569,0.0006982504895755222,0.5012797619047619,0.4994642857142857
2,0.0007012586969704855,0.0007143871528761728,0.5012797619047619,0.4995
3,0.0007132833671002161,0.0007268137463501521,0.5012797619047619,0.4995
4,0.0007178137841678801,0.0007320494822093418,0.5012797619047619,0.4995
5,0.0007190951098288809,0.0007334326782396861,0.5012797619047619,0.4995
6,0.0007204133481496857,0.0007344321438244411,0.5012797619047619,0.4995
7,0.000719116843172482,0.0007333960086107254,0.5012797619047619,0.4995
8,0.0007179486889924322,0.0007316578094448362,0.5012797619047619,0.4995
9,0.0007186659397113891,0.0007330892384052277,0.5012797619047619,0.4995
10,0.0007174325436353683,0.0007317662217787334,0.5012797619047619,0.4995
11,0.000718701771682217,0.0007336245732648032,0.5012797619047619,0.4995
12,0.0007192466642175402,0.0007334128852401461,0.5012797619047619,0.4995
13,0.0007172336741572335,0.0007316983661481313,0.5012797619047619,0.4995
14,0.0007170181285057749,0.0007316216762576784,0.5012797619047619,0.4995
15,0.0007156509490949767,0.0007304000343595232,0.5012797619047619,0.4995
