,loss/train,loss/valid,acc/train,acc/valid
0,0.0005791512328007864,0.0005910034208070664,0.7239285714285715,0.7217142857142858
1,0.0005802537004152933,0.0005910662441026596,0.7239285714285715,0.7216666666666667
2,0.00058064494719581,0.0005910570309275672,0.7230396825396825,0.7216666666666667
3,0.000579929866014965,0.0005910197411264693,0.723936507936508,0.7217142857142858
4,0.0007477335532506307,0.0007528092321895418,0.5533968253968254,0.5613333333333334
5,0.000579300946659512,0.0005910197411264693,0.723936507936508,0.7217142857142858
6,0.0005802464896724338,0.0005910197411264693,0.723936507936508,0.7217142857142858
7,0.0005807270289413512,0.0005909732381502787,0.7239285714285715,0.7217619047619047
8,0.0005799389940405649,0.0005910197411264693,0.7239285714285715,0.7217142857142858
9,0.0005798124741940271,0.0005911123780977159,0.7238968253968254,0.7216190476190476
10,0.0005801041996668255,0.0005909732381502787,0.723920634920635,0.7217619047619047
11,0.000580569447032989,0.0005909732381502787,0.7239285714285715,0.7217619047619047
12,0.0005796161312905569,0.0005909732381502787,0.723936507936508,0.7217619047619047
13,0.0005821591317653656,0.0005943185743831453,0.7211428571428572,0.7183809523809523
14,0.0006296627289719052,0.0006357130975950332,0.6728888888888889,0.6776190476190476
15,0.0005968618255759043,0.0006092766097613744,0.705952380952381,0.7035238095238096
16,0.0005905761633600507,0.0006014496967906044,0.7131746031746031,0.7114761904761905
17,0.0005806538921500009,0.0005917541838827587,0.7230396825396825,0.7209523809523809
18,0.000578941707100187,0.0005904687784966968,0.7244603174603175,0.7222857142857143
19,0.0005791899079368228,0.0005906477116403126,0.7243730158730158,0.7220952380952381
20,0.0005792699427831741,0.0005909732381502787,0.7239682539682539,0.7217619047619047
21,0.0007191963441788204,0.000734713511807578,0.5822063492063492,0.5779047619047619
22,0.0005830908673150199,0.0005952489347684951,0.7205396825396826,0.7173333333333334
