,loss/train,loss/valid,acc/train,acc/valid
0,0.0005605198428744361,0.0005674549277339663,0.7309285714285715,0.7358214285714286
1,0.0006784737120781626,0.0006883855419499534,0.6194940476190476,0.6224285714285714
2,0.0006131157616064662,0.0006220274950776781,0.6835178571428572,0.6868928571428572
3,0.0006676197889305297,0.0006807787609951837,0.6330059523809524,0.6309285714285714
4,0.0007331153544641677,0.0007463279004607882,0.5667857142857143,0.5666071428571429
5,0.0007223871052265167,0.000739834691796984,0.5780178571428571,0.57375
6,0.0005561290330120495,0.0005621089381831033,0.747172619047619,0.7505714285714286
7,0.0005375620616333825,0.0005461629288537162,0.7660238095238096,0.7668214285714285
8,0.0005475849516334988,0.000553219487624509,0.7558630952380953,0.7600714285714286
9,0.0005656802324312074,0.0005744226127862931,0.7372559523809524,0.7387857142857143
10,0.0006781161317513103,0.0006896892998899733,0.6225952380952381,0.6233928571428572
11,0.0005545362528590929,0.0005607713631221226,0.7486011904761904,0.7518214285714285
12,0.0005915141967790467,0.0006014145123107092,0.710654761904762,0.7122142857142857
13,0.0005733654119429134,0.0005810707360506058,0.7295833333333334,0.7321428571428571
14,0.0005574715616447585,0.0005660230027777809,0.7453214285714286,0.7473571428571428
15,0.0007137559829723267,0.0007258835881948471,0.5863452380952381,0.5879285714285715
16,0.0005784546385208765,0.0005836374908685685,0.724375,0.7293214285714286
17,0.0006035979464650154,0.0006110836224896567,0.699,0.7022142857142857
18,0.0006798855410445304,0.0006923301305089678,0.6206845238095238,0.6217142857142857
19,0.0005659904016980103,0.0005743235796689987,0.7362559523809524,0.7388928571428571
20,0.000582606862343493,0.0005911237810339246,0.7203154761904762,0.7218928571428571
21,0.0007755104225306284,0.0007894035492624555,0.5234345238095238,0.5237142857142857
22,0.0005838899172487713,0.0005931513607501984,0.7192678571428571,0.72025
