,loss/train,loss/valid,acc/train,acc/valid
0,0.0005086349263077691,0.0005168297024709837,0.8074404761904762,0.8079642857142857
1,0.0005152453950473241,0.0005226851574012211,0.7902738095238095,0.7931785714285714
2,0.0005663197618864832,0.0005742356947490147,0.722845238095238,0.7278928571428571
3,0.0005812823179931868,0.0005906101082052503,0.6716547619047619,0.6714642857142857
4,0.0005104172612939562,0.0005187565269214766,0.7822738095238095,0.7828214285714286
5,0.0004991990169953732,0.0005058239581329482,0.8147380952380953,0.8181785714285714
6,0.0004963769071868487,0.0005029211523277419,0.8143154761904762,0.8183928571428571
7,0.00048253340894977253,0.0004897401609591075,0.8227380952380953,0.82475
8,0.0004793732132585276,0.0004861860850027629,0.8304880952380952,0.8331071428571428
9,0.0005329905439700399,0.0005408269805567605,0.7683511904761905,0.7716428571428572
10,0.0005250366975863774,0.0005324661625283105,0.771327380952381,0.7726071428571428
11,0.0004821573754861241,0.00048766649195126124,0.8191071428571428,0.822
12,0.000494471530119578,0.00050236712289708,0.8082142857142857,0.8086071428571429
13,0.0005139074226220449,0.00051911582584892,0.7888273809523809,0.7926785714285715
14,0.0006845185242238499,0.0006951464776481901,0.6139940476190476,0.6166428571428572
15,0.0004893387084205945,0.0004939155089003699,0.8145595238095238,0.8182857142857143
16,0.0004958799007747855,0.0004993485968027797,0.8079345238095238,0.8128928571428572
17,0.0005442734839660781,0.0005540022658450263,0.7579285714285714,0.7586785714285714
18,0.0005127351645912443,0.0005205760204366276,0.7907857142857143,0.7920714285714285
19,0.0007030349203518459,0.0007142656700951713,0.5968809523809524,0.5986071428571429
20,0.000587870638640154,0.0005963939556053706,0.7143035714285715,0.7159642857142857
21,0.0005384255200624466,0.0005422790433679308,0.7650297619047619,0.7699285714285714
22,0.0005262013907943454,0.000531982459127903,0.7755416666666667,0.7788571428571428
23,0.0006745502480438778,0.0006872409007378986,0.6265059523809524,0.6257142857142857
