,loss/train,loss/valid,acc/train,acc/valid
0,0.0005802430562556737,0.0005885455097470964,0.7164444444444444,0.7165714285714285
1,0.0006914095519080994,0.0006972435343833197,0.6083650793650793,0.6145238095238095
2,0.000588175964733911,0.0005993168864931379,0.7154444444444444,0.712952380952381
3,0.0005855106247795953,0.0005965020883651007,0.7176587301587302,0.7159047619047619
4,0.0006641802220117479,0.0006695494226046971,0.6381746031746032,0.6431904761904762
5,0.0006082949217349764,0.0006161201397577922,0.6940079365079365,0.6945714285714286
6,0.0006050923741053021,0.000613069494565328,0.6975238095238095,0.6987142857142857
7,0.0005895015715606629,0.000601427089600336,0.7139682539682539,0.711047619047619
8,0.0005890569308447459,0.0006002506500198728,0.7150238095238095,0.7122380952380952
9,0.0005917837345410907,0.0006013287504514058,0.7107936507936508,0.7107619047619048
10,0.0006506142966330998,0.0006586773963201613,0.6519126984126984,0.6545714285714286
11,0.0005918867493432666,0.000601878787790026,0.711936507936508,0.7104285714285714
12,0.0007750746300296178,0.0007821553235962277,0.5261984126984127,0.5319047619047619
13,0.0006763706117395371,0.0006825466865584964,0.6259126984126984,0.6303333333333333
14,0.0006853560152507963,0.0006899345829373314,0.6175793650793651,0.6237142857142857
15,0.0006113601856761508,0.0006200213432312012,0.691952380952381,0.6927142857142857
