,loss/train,loss/valid,acc/train,acc/valid
0,0.7476446705318632,0.7462708554949079,0.4275059523809524,0.43342857142857144
1,0.7359352173805237,0.7348773215157645,0.4322797619047619,0.4333214285714286
2,0.7254212788627261,0.7248369849068778,0.46314285714285713,0.46439285714285716
3,0.7279200032097952,0.7280407878330776,0.4956190476190476,0.49589285714285714
4,0.7368668067795889,0.7375146451677594,0.5005714285714286,0.4987142857142857
5,0.7448579827490307,0.7458300312587193,0.5012678571428572,0.4993214285714286
6,0.7502785657019843,0.7514059284755162,0.5012857142857143,0.49939285714285714
7,0.7532050928161258,0.7543993889944894,0.5012738095238095,0.49942857142857144
8,0.7542442481404259,0.7554610835484096,0.5012797619047619,0.49939285714285714
9,0.7577574000585647,0.7590465665544782,0.5012857142857143,0.4994642857142857
10,0.7634196193331764,0.7648026014055525,0.5012797619047619,0.4995
11,0.7699381132352919,0.7714184145246233,0.5012797619047619,0.4995
12,0.774229031040555,0.7757734669276646,0.5012797619047619,0.4995
13,0.776965888432094,0.7785499125889369,0.5012797619047619,0.4995
14,0.7786324913161141,0.7802385014125279,0.5012797619047619,0.4995
15,0.7795822442145575,0.7812009887695313,0.5012797619047619,0.4995
16,0.7799418559074401,0.781564840044294,0.5012797619047619,0.4995
17,0.7812987686111813,0.7829364863804409,0.5012797619047619,0.4995
18,0.7830592306227911,0.7847188099452428,0.5012797619047619,0.4995
19,0.7853544277917771,0.7870390461512974,0.5012797619047619,0.4995
20,0.7868334999538603,0.7885325241088867,0.5012797619047619,0.4995
21,0.7880597079821995,0.7897694778442382,0.5012797619047619,0.4995
22,0.7888262328420367,0.7905430679321289,0.5012797619047619,0.4995
