,loss/train,loss/valid,acc/train,acc/valid
0,0.7939186310313997,0.7935161754063198,0.48610714285714285,0.48789285714285713
1,0.785820219039917,0.7856961321149554,0.47243452380952383,0.4727857142857143
2,0.7694717130206881,0.7699252253941127,0.4416785714285714,0.4423214285714286
3,0.746348674819583,0.7478920353480748,0.4249107142857143,0.41982142857142857
4,0.7337330179668609,0.7359086881365094,0.442547619047619,0.4365357142857143
5,0.7291915980974834,0.7315587452479771,0.46316071428571426,0.4565
6,0.7285034285272871,0.7309195033482143,0.4751011904761905,0.47075
7,0.7288268377667382,0.7312510310581752,0.48078571428571426,0.4770714285714286
8,0.7290921262559437,0.7315191955566406,0.4823928571428571,0.47896428571428573
9,0.7308790947142102,0.733315038408552,0.488922619047619,0.48492857142857143
10,0.7357836849803017,0.7382237254551479,0.4961488095238095,0.4948571428571429
11,0.744308610030583,0.746760258265904,0.5003333333333333,0.49825
12,0.7512319137482416,0.7536786978585379,0.5011904761904762,0.4993214285714286
13,0.7565925133114769,0.7590213208879744,0.5012321428571429,0.49939285714285714
14,0.7601654368128096,0.7625761511666435,0.5012559523809523,0.49939285714285714
15,0.7622311007635933,0.7646310326712472,0.5012678571428572,0.4994642857142857
16,0.7629367910566784,0.7653328236171177,0.5012678571428572,0.4994642857142857
17,0.7656833320799328,0.7680641751970564,0.5012678571428572,0.4995
18,0.7699256868362426,0.7722787431989397,0.5012738095238095,0.4995
19,0.7750838020415534,0.7773907252720424,0.5012797619047619,0.4995
20,0.7785159687314714,0.7807910766601562,0.5012797619047619,0.4995
21,0.7811186084066118,0.783371109008789,0.5012797619047619,0.4995
22,0.782844784509568,0.7850807963779994,0.5012797619047619,0.4995
23,0.7837352064223516,0.7859629331316267,0.5012797619047619,0.4995
24,0.784078023592631,0.7863023856026786,0.5012797619047619,0.4995
25,0.7852444656235831,0.7874567653111049,0.5012797619047619,0.4995
26,0.7870409876278468,0.789233633858817,0.5012797619047619,0.4995
