,loss/train,loss/valid,acc/train,acc/valid
0,0.7597505776314508,0.7616381138392857,0.5012797619047619,0.4995
1,0.7934320515678043,0.7954079448154995,0.5012797619047619,0.4995
2,0.8035117647988456,0.8054328667776925,0.5012797619047619,0.4995
3,0.8069703186125983,0.8088608812604632,0.5012797619047619,0.4995
4,0.8077004112743196,0.8095885140555246,0.5012797619047619,0.4995
5,0.8081878823325748,0.8100730656215123,0.5012797619047619,0.4995
6,0.8090915879749117,0.8109611511230469,0.5012797619047619,0.4995
7,0.8092456125304812,0.811114620753697,0.5012797619047619,0.4995
8,0.8093213919685001,0.81118958064488,0.5012797619047619,0.4995
9,0.8096387965565636,0.8115047563825335,0.5012797619047619,0.4995
10,0.8102078920091902,0.8120664269583566,0.5012797619047619,0.4995
11,0.8108042602539063,0.8126529715401786,0.5012797619047619,0.4995
12,0.8111603334971836,0.813002437046596,0.5012797619047619,0.4995
13,0.8114943797928946,0.813322527204241,0.5012797619047619,0.4995
14,0.8115372887111846,0.8133666817801339,0.5012797619047619,0.4995
15,0.8116187123798189,0.8134433135986329,0.5012797619047619,0.4995
16,0.8116372299194335,0.8134609592982701,0.5012797619047619,0.4995
17,0.8116871933710007,0.8135084141322545,0.5012797619047619,0.4995
18,0.8117941825276329,0.8136064464024135,0.5012797619047619,0.4995
19,0.8118715475173224,0.8136746139526367,0.5012797619047619,0.4995
20,0.8119170011792864,0.8137126889910017,0.5012797619047619,0.4995
