,loss/train,loss/valid,acc/train,acc/valid
0,0.7120406380607969,0.7135970066615513,0.4825535714285714,0.4785
1,0.731468922047388,0.733829829624721,0.5006011904761904,0.4982142857142857
2,0.7735082043920245,0.7757873698643276,0.5012797619047619,0.4995
3,0.7930167608034043,0.7951003058297293,0.5012797619047619,0.4995
4,0.7982787068684896,0.8002853306361607,0.5012797619047619,0.4995
5,0.8005235936301095,0.8024927727835519,0.5012797619047619,0.4995
6,0.801386849471501,0.8033413990565709,0.5012797619047619,0.4995
7,0.801704943679628,0.8036547437395368,0.5012797619047619,0.4995
8,0.8018562966982523,0.8038038112095424,0.5012797619047619,0.4995
9,0.8024082473573231,0.8043487788609096,0.5012797619047619,0.4995
10,0.8029351027579534,0.8048717629568918,0.5012797619047619,0.4995
11,0.8040630878720965,0.8059881134033203,0.5012797619047619,0.4995
12,0.8048396176610674,0.8067625132969447,0.5012797619047619,0.4995
13,0.8050326553980509,0.8069590944562639,0.5012797619047619,0.4995
14,0.8053019554955618,0.8072291804722377,0.5012857142857143,0.4995357142857143
15,0.8053693341300601,0.8072997916085379,0.5012916666666667,0.4995357142857143
16,0.8054309314092001,0.8073616169520786,0.5012916666666667,0.4995357142857143
17,0.8055583050591605,0.8074940981183734,0.5012916666666667,0.4995357142857143
18,0.8061673807870774,0.8080994556971959,0.5012916666666667,0.4995357142857143
19,0.8067344085375467,0.8086727447509766,0.5013214285714286,0.4995357142857143
20,0.8072339984575907,0.8091765267508371,0.5013511904761905,0.4995357142857143
