,loss/train,loss/valid,acc/train,acc/valid
0,0.6784004270235697,0.6785997521536691,0.5817738095238095,0.57925
1,0.6729307674453372,0.6738527096339635,0.5613095238095238,0.5632857142857143
2,0.7013626367478144,0.7030054680960519,0.5049583333333333,0.5033928571428572
3,0.7482794019381205,0.7502202344621931,0.5012797619047619,0.4995
4,0.7718189363933745,0.7737601122174944,0.5012797619047619,0.4995
5,0.7829248503957476,0.784846688406808,0.5012797619047619,0.4995
6,0.7885725984800429,0.7904800622122629,0.5012797619047619,0.4995
7,0.7913303612300328,0.7932294627598354,0.5012797619047619,0.4995
8,0.7921628161612011,0.7940594787597657,0.5012797619047619,0.4995
9,0.7951076001893906,0.7969933406284877,0.5012797619047619,0.4995
10,0.7987335414659409,0.8006062731061663,0.5012797619047619,0.4995
11,0.8022285883540199,0.8040875799996512,0.5012797619047619,0.4995
12,0.8038933659508115,0.8057450626918248,0.5012797619047619,0.4995
13,0.8048373854273841,0.8066848308018275,0.5012797619047619,0.4995
14,0.8054332253138224,0.8072777481079102,0.5012797619047619,0.4995
15,0.8057255820546831,0.8075686645507812,0.5012797619047619,0.4995
16,0.805821487949008,0.8076641268048967,0.5012797619047619,0.4995
17,0.8062106029646737,0.8080513490949358,0.5012797619047619,0.4995
18,0.8066730966113863,0.8085120043073382,0.5012797619047619,0.4995
19,0.8072330921263922,0.8090699964250837,0.5012797619047619,0.4995
20,0.8075564891497294,0.809392580304827,0.5012797619047619,0.4995
21,0.8077455081031436,0.8095816901070731,0.5012797619047619,0.4995
