,loss/train,loss/valid,acc/train,acc/valid
0,0.0006806930186493056,0.0006931634098291397,0.5087559523809524,0.5077142857142857
1,0.0006795384536186854,0.0006920093510832105,0.5174404761904762,0.5158571428571429
2,0.0006792483787451471,0.0006916231385299138,0.5221011904761905,0.5222857142857142
3,0.0006798020714805239,0.000692089998296329,0.511547619047619,0.5106071428571428
4,0.0006798851294886498,0.0006921868856464114,0.5096488095238095,0.5086428571428572
5,0.0006810452455566043,0.0006932704555136816,0.5026011904761905,0.5034285714285714
6,0.0006811046018486931,0.0006932699808052608,0.5027440476190477,0.5039285714285714
7,0.0006810825037814322,0.0006933097222021647,0.5027083333333333,0.5039285714285714
8,0.0006817850438611848,0.0006938510366848537,0.5004880952380952,0.5022142857142857
9,0.0006812965117749713,0.0006935529304402216,0.5012083333333334,0.5030714285714286
10,0.0006815034218487286,0.0006936872175761632,0.5003988095238096,0.5018214285714285
11,0.000681482252975305,0.0006936396615845816,0.5008154761904762,0.5025714285714286
12,0.0006819566743714469,0.0006942038834095001,0.4995654761904762,0.50125
13,0.0006820363604596683,0.0006941912536110197,0.49950595238095236,0.5013928571428572
14,0.0006821896206764948,0.0006944269112178257,0.4993095238095238,0.5012857142857143
15,0.0006822384578131494,0.0006943095943757466,0.4995178571428571,0.5013928571428572
16,0.0006818995309017953,0.000694024954523359,0.4999404761904762,0.5015714285714286
17,0.0006815518282708668,0.0006938422386135374,0.49991071428571426,0.5015714285714286
