,loss/train,loss/valid,acc/train,acc/valid
0,0.0006784462588174002,0.0006907581303800855,0.5494345238095238,0.5496785714285715
1,0.0006767728002298446,0.0006890040061303547,0.5657440476190476,0.5661071428571428
2,0.0006756540739110537,0.0006877827559198652,0.541,0.5438571428571428
3,0.0006752315096202351,0.0006872258079903467,0.5066726190476191,0.5086428571428572
4,0.0006744784141580264,0.0006864875193153109,0.5010535714285714,0.5026428571428572
5,0.0006747172315205846,0.0006866405755281449,0.49894642857142857,0.5007142857142857
6,0.0006751452812126705,0.0006870357436793191,0.49876785714285715,0.5005
7,0.0006760100729408719,0.0006878660406385149,0.4987261904761905,0.5004642857142857
8,0.0006770097677196776,0.0006888404956885746,0.4987261904761905,0.5004642857142857
9,0.0006785891116375015,0.0006904245061533792,0.4987202380952381,0.5004642857142857
10,0.0006787704789922351,0.0006907013292823519,0.4987202380952381,0.5004642857142857
11,0.0006805024725340662,0.0006922137311526708,0.4987202380952381,0.5004642857142857
12,0.0006802197616724741,0.0006919650520597185,0.4987202380952381,0.5004642857142857
13,0.0006831927647193273,0.0006948494528021132,0.4987202380952381,0.5004642857142857
14,0.0006840714187849136,0.0006957262584141322,0.4987202380952381,0.5004642857142857
15,0.0006849428323053178,0.0006965719355004175,0.4987202380952381,0.5004642857142857
16,0.0006859360411763191,0.0006973054494176592,0.4987202380952381,0.5004642857142857
17,0.0006880238748022488,0.0006997174109731402,0.4987202380952381,0.5004642857142857
18,0.0006883379338043077,0.0006996738761663437,0.4987202380952381,0.5004642857142857
19,0.00068890934721345,0.0007006013223103115,0.4987202380952381,0.5004642857142857
