,loss/train,loss/valid,acc/train,acc/valid
0,0.0004633454013438452,0.000473236186163766,0.8384761904761905,0.8366071428571429
1,0.0004636746288410255,0.0004735463985374996,0.8383333333333334,0.836
2,0.0004924846293316001,0.0005023395153028624,0.8128869047619047,0.8116785714285715
3,0.0004764584778320222,0.00048528142805610386,0.839125,0.8375357142857143
4,0.000492350977268957,0.0005024449388895716,0.8323869047619048,0.8318571428571429
5,0.00047217844249237154,0.00048190859598772865,0.8394940476190477,0.8366071428571429
6,0.000446416619100741,0.00045495839842728204,0.8554880952380952,0.8555
7,0.0004453810409066223,0.0004539454004594258,0.857452380952381,0.85525
8,0.00045177627904784113,0.000460826117013182,0.859922619047619,0.85875
9,0.00045165098050520535,0.0004595505126885005,0.8560297619047619,0.8568928571428571
10,0.00045018416306092626,0.00045953102516276494,0.8556309523809524,0.8546071428571429
11,0.0004386933979888757,0.0004483524433204106,0.862827380952381,0.8612857142857143
12,0.00045119797615777877,0.00046022238688809533,0.8603511904761905,0.85875
13,0.00044188841201719785,0.0004511278399399349,0.8624226190476191,0.8598928571428571
14,0.0004608711834464754,0.00047008046507835387,0.8478511904761905,0.846
15,0.0004521957634105569,0.00046159470507076806,0.8606011904761904,0.8568214285714286
16,0.0004506108783895061,0.00046000815821545466,0.8580595238095238,0.8554285714285714
17,0.0004504409682537828,0.00045969570534569877,0.8626607142857143,0.8613928571428572
18,0.0004501366863648097,0.00045917715025799616,0.8604821428571429,0.8581785714285715
19,0.00044710485672666913,0.00045644256685461315,0.8633809523809524,0.8621071428571428
20,0.0004470031630425226,0.00045693872443267275,0.8640535714285714,0.8626785714285714
21,0.000440057400791418,0.00044983708964926856,0.8654107142857143,0.8629642857142857
22,0.0004405545885009425,0.00044971624868256707,0.8643214285714286,0.8626785714285714
23,0.0004554178278361048,0.0004644324662429946,0.851452380952381,0.8500714285714286
24,0.00044639259434881663,0.00045563166162797383,0.8631666666666666,0.8606785714285714
25,0.0004415787367948464,0.0004510903911931174,0.8648511904761905,0.8636428571428572
26,0.0004498032618846212,0.00045965463348797387,0.8676845238095238,0.8654642857142857
