,loss/train,loss/valid,acc/train,acc/valid
0,0.0004924161139698255,0.0005018634679062026,0.8128273809523809,0.8111428571428572
1,0.000501434727084069,0.0005116727852395602,0.810327380952381,0.8091071428571428
2,0.0005510260416638283,0.0005610952654055187,0.7282261904761905,0.7287857142857143
3,0.00047567792644812945,0.0004851438445704324,0.8191130952380953,0.8193214285714285
4,0.0004743302907972109,0.0004849459890808378,0.8261666666666667,0.8241785714285714
5,0.0006718472916455496,0.0006858642910208021,0.5521607142857143,0.5508928571428572
6,0.0005116229362431027,0.0005221703414406095,0.8052619047619047,0.8031785714285714
7,0.0004909906999341079,0.00050083419999906,0.8166190476190476,0.8151785714285714
8,0.00046680942390646255,0.0004771935333098684,0.8399404761904762,0.8365714285714285
9,0.0005445313311758496,0.0005544840629611696,0.730904761904762,0.7300714285714286
10,0.00048051034942978905,0.0004913726896047593,0.8159642857142857,0.8138214285714286
11,0.0005627296417951583,0.0005747166105679103,0.7342142857142857,0.7304285714285714
12,0.00047932231124667895,0.0004896945006081036,0.8292440476190476,0.8273571428571429
13,0.0005001449563673564,0.0005106696071369307,0.8292916666666666,0.8285357142857143
14,0.0004705604032746383,0.00048133260969604767,0.8359583333333334,0.8326428571428571
15,0.0004735110386141709,0.0004838648417166301,0.8371547619047619,0.8327857142857142
16,0.0004687216950669175,0.00047848255932331083,0.832595238095238,0.8297142857142857
17,0.00047344022208736054,0.00048344247043132784,0.8346071428571429,0.8318928571428571
18,0.0005334214717149735,0.0005444519413369042,0.7907738095238095,0.7886071428571428
19,0.0004890689617466359,0.000499014108308724,0.8086607142857143,0.8058214285714286
20,0.000567226967996075,0.0005786414678607668,0.7176130952380952,0.7167857142857142
21,0.0004860398056251662,0.0004955648396696363,0.8118095238095238,0.8102142857142857
22,0.0004681991482419627,0.00047846772841044833,0.8300416666666667,0.8280357142857143
23,0.00047841390648058484,0.0004881874567696026,0.8259047619047619,0.8252857142857143
