,loss/train,loss/valid,acc/train,acc/valid
0,0.0006743711896595501,0.000686323168022292,0.5536547619047619,0.5559642857142857
1,0.0006743815761236918,0.0006862866197313582,0.5466785714285715,0.5476785714285715
2,0.0006743579478490921,0.0006863083498818534,0.5306309523809524,0.5313214285714286
3,0.0006745670583276521,0.000686364716717175,0.5160892857142857,0.5175357142857143
4,0.0006746373953563827,0.0006864494936806815,0.508077380952381,0.5093214285714286
5,0.0006739235722592899,0.0006856754954372133,0.5087440476190476,0.5101785714285715
6,0.0006739878863805816,0.0006857333800622395,0.5051607142857143,0.5073928571428571
7,0.0006749672180130368,0.0006867632674319404,0.5008869047619048,0.5035357142857143
8,0.00067483030437004,0.0006863747175250734,0.5003869047619047,0.5027857142857143
9,0.0006750092793788229,0.000686604054910796,0.49982738095238094,0.5019285714285714
10,0.0006757334151438304,0.0006872832157782146,0.4992202380952381,0.501
11,0.0006755434977156775,0.0006872417054006032,0.49914285714285717,0.5008928571428571
12,0.0006761220941940944,0.0006878910852330071,0.49892857142857144,0.5006071428571428
13,0.0006766916839849381,0.0006881287268229894,0.4988392857142857,0.5005357142857143
14,0.0006779560113237018,0.0006893884667328426,0.49876190476190474,0.5005
15,0.0006771387113701729,0.0006887061659778868,0.49876190476190474,0.5005357142857143
16,0.0006777211129665374,0.0006891823559999466,0.49875,0.5005
17,0.0006785069966600054,0.0006901782431772777,0.4987261904761905,0.5005
18,0.0006784302092024258,0.000690016508102417,0.49873214285714285,0.5005
19,0.0006798110203374,0.0006914937219449452,0.4987261904761905,0.5005
20,0.0006798331826215699,0.0006912552820784705,0.4987202380952381,0.5005
