,loss/train,loss/valid,acc/train,acc/valid
0,0.0006458254108826319,0.0006580750984804971,0.6556726190476191,0.654
1,0.0005192600463827451,0.0005278066396713257,0.7841666666666667,0.7850357142857143
2,0.0005439867469526473,0.0005516525677272252,0.7590238095238095,0.7620714285714286
3,0.0005816979990119026,0.0005908930855137961,0.7206547619047619,0.7223928571428572
4,0.0005324510339470137,0.0005415447609765189,0.7709880952380952,0.7721785714285714
5,0.0005949119811966306,0.000601894382919584,0.707202380952381,0.7119642857142857
6,0.0005127450974569434,0.0005223587942974908,0.7911011904761904,0.7913928571428571
7,0.0005201018016253199,0.0005305354914494923,0.7837380952380952,0.7830714285714285
8,0.0005420697285305886,0.0005494837675775801,0.7611904761904762,0.7639642857142858
9,0.0005379641460520881,0.000546300579394613,0.7655119047619048,0.7672857142857142
10,0.0006345468883713086,0.0006403096871716636,0.6668095238095239,0.6716428571428571
11,0.0007379284242079371,0.000747578250510352,0.5616309523809524,0.5654642857142858
12,0.0006358420451482137,0.0006488766223192215,0.6658988095238095,0.6646071428571428
13,0.0006543506312937964,0.0006608121480260577,0.6474642857142857,0.6524642857142857
14,0.0005428321017395883,0.0005509648642369679,0.7606785714285714,0.7625357142857143
15,0.0005456779255043892,0.0005534180232456752,0.7580595238095238,0.7603571428571428
16,0.0005288930833339691,0.0005359996961695808,0.7750535714285715,0.7775357142857143
17,0.0005193029991572811,0.0005279433514390673,0.7844047619047619,0.7853571428571429
18,0.0005249486334976696,0.0005342437561069216,0.7785773809523809,0.7792857142857142
19,0.0005290645421260879,0.000538111754826137,0.7746309523809524,0.7753571428571429
20,0.0005285477205401375,0.0005377637573650905,0.775154761904762,0.7756071428571428
21,0.0005270388653235776,0.0005355384051799775,0.7761666666666667,0.7779642857142857
