,loss/train,loss/valid,acc/train,acc/valid
0,0.0006839277304354168,0.0006967993740524564,0.500827380952381,0.4987142857142857
1,0.0006826220825314522,0.0006954108838524137,0.49758928571428573,0.4960357142857143
2,0.0006809670190726008,0.0006936687741960798,0.4929880952380952,0.4913214285714286
3,0.0006793330077614103,0.000691908808691161,0.5324047619047619,0.5321071428571429
4,0.0006791404067050843,0.0006915872756923948,0.5397916666666667,0.5383928571428571
5,0.0006789654276910282,0.0006913116063390459,0.5229404761904762,0.5212857142857142
6,0.0006793393322399684,0.0006916495029415403,0.5090416666666666,0.5090714285714286
7,0.000679068617167927,0.0006914017115320478,0.5050535714285714,0.5062857142857143
8,0.0006792194807813282,0.0006915428574596133,0.5044226190476191,0.5058571428571429
9,0.0006794625492323013,0.000691724819796426,0.5010119047619047,0.5026428571428572
10,0.000680343084746883,0.0006925764105149678,0.49889880952380955,0.5008214285714285
11,0.0006817631182216463,0.0006939306323017393,0.4987261904761905,0.5005
12,0.0006833927989715622,0.000695537696991648,0.4987202380952381,0.5005
13,0.0006841374717298009,0.0006960835520710264,0.4987202380952381,0.5005
14,0.000684242315235592,0.0006963887065649033,0.4987202380952381,0.5005
15,0.000685986880390417,0.0006979951794658389,0.4987202380952381,0.5005
16,0.0006854028130571047,0.0006975070855447224,0.4987202380952381,0.5005
17,0.0006863509374005454,0.000698163322040013,0.4987202380952381,0.5005
18,0.0006876484730413982,0.000699608930519649,0.4987202380952381,0.5005
19,0.0006890746883693196,0.0007012222026075636,0.4987202380952381,0.5005
20,0.0006900939366647175,0.0007022853302104132,0.4987202380952381,0.5005
