,loss/train,loss/valid,acc/train,acc/valid
0,0.0007167691652263914,0.0007293125540018082,0.5079404761904762,0.5095714285714286
1,0.0007232905083468982,0.0007357880558286395,0.5047083333333333,0.5063214285714286
2,0.0007349824962161836,0.000746958817754473,0.501797619047619,0.5037857142857143
3,0.0007351586385851814,0.0007472926953009197,0.5016726190476191,0.5036785714285714
4,0.000741813715724718,0.000753873878291675,0.5005595238095238,0.5023214285714286
5,0.0007436245353448958,0.0007557805797883442,0.5005714285714286,0.5023214285714286
6,0.0007440201601102239,0.0007559846980231149,0.5005416666666667,0.5022142857142857
7,0.0007454376894803274,0.0007576774337462016,0.5005,0.5021071428571429
8,0.0007475999703719503,0.0007598057367971965,0.5004940476190476,0.5020357142857143
9,0.0007437808481710298,0.0007562271015984671,0.5012857142857143,0.5031071428571429
10,0.0007458613440394402,0.0007581437081098557,0.5010654761904761,0.5026785714285714
11,0.0007437387076871736,0.0007555235283715384,0.5016190476190476,0.5033928571428572
12,0.0007416006990131877,0.0007531802356243134,0.5026547619047619,0.5045357142857143
13,0.000742800238941397,0.0007550260233027595,0.5022380952380953,0.5040714285714286
14,0.000738695766954195,0.0007509416171482631,0.5037380952380952,0.5057857142857143
15,0.0007375114396924064,0.0007495835125446319,0.504375,0.5066428571428572
