,loss/train,loss/valid,acc/train,acc/valid
0,0.00048675348503249033,0.0004967687396066529,0.8158630952380952,0.8165714285714286
1,0.0004732991343452817,0.00048329652845859527,0.8357440476190476,0.8336071428571429
2,0.00047477020873200326,0.0004843517350299018,0.8236607142857143,0.8208571428571428
3,0.0004716616735926696,0.0004813712356345994,0.8367261904761905,0.8349285714285715
4,0.0004789812153293973,0.0004892622828483582,0.8377738095238095,0.8355
5,0.00046769907964127407,0.0004782426091177123,0.842220238095238,0.8386785714285714
6,0.00046759388276508876,0.00047786171521459306,0.8439166666666666,0.8396785714285714
7,0.0004733090851278532,0.00048296161741018294,0.8403809523809523,0.8373928571428572
8,0.0004616156131738708,0.0004713259914091655,0.8476071428571429,0.8432857142857143
9,0.0004692794545775368,0.00047914815161909373,0.8311666666666667,0.8295357142857143
10,0.00047106544017082167,0.00048088133867297856,0.8331845238095238,0.8308571428571428
11,0.00046039914481696626,0.00046879310586622785,0.8426964285714286,0.8422857142857143
12,0.0004599596675307978,0.0004700721161706107,0.8458511904761905,0.8440357142857143
13,0.00045725030469752494,0.0004670815584915025,0.8471428571428572,0.8426071428571429
14,0.00046186634170867146,0.0004714654151882444,0.8448630952380952,0.8417142857142857
15,0.00046117996459915525,0.00047070469920124325,0.8485535714285715,0.8466071428571429
16,0.00045962008088827134,0.00046934442222118375,0.8469047619047619,0.8443571428571428
17,0.00046845652233986625,0.00047808157971927095,0.8455595238095238,0.8428571428571429
18,0.0004614193923771381,0.00047119490270103727,0.8425416666666666,0.8403214285714286
19,0.00046102704462550937,0.0004709040458713259,0.8423095238095238,0.8394285714285714
20,0.0004793666416690463,0.000490169101527759,0.8260119047619048,0.8248214285714286
21,0.0004591466323250816,0.0004689825166549001,0.8444821428571428,0.8412857142857143
22,0.00046593417280486654,0.00047623242544276374,0.8451964285714286,0.8423928571428572
23,0.0004618240380216212,0.0004719388346586909,0.8464285714285714,0.8431071428571428
24,0.0004608479459725675,0.00047077084119830813,0.8490119047619048,0.8461428571428572
25,0.00046376797361742883,0.000474033456827913,0.8465535714285715,0.8428214285714286
26,0.00047688772281010946,0.00048751576777015414,0.8227559523809523,0.822
27,0.00047509838516513505,0.00048566008784941265,0.8424761904761905,0.8383928571428572
28,0.0004704307213070847,0.00048077158204146793,0.8330892857142858,0.83175
