,loss/train,loss/valid,acc/train,acc/valid
0,0.0006934241446710769,0.0007028276132685797,0.6066428571428572,0.6089642857142857
1,0.0006738120221665928,0.0006856257511036737,0.626922619047619,0.6267142857142857
2,0.000577476082103593,0.0005880072457449776,0.7255059523809524,0.7255
3,0.0006158969593899591,0.0006257058594908033,0.6854880952380953,0.6870714285714286
4,0.0006176131513147128,0.0006273784020117351,0.6841428571428572,0.6855
5,0.0007913801978741374,0.0008047525989157813,0.5074166666666666,0.5084285714285715
6,0.0005900414916021483,0.000596122933285577,0.7124047619047619,0.7174642857142857
7,0.0005932961003411384,0.0005993571834904807,0.7094761904761905,0.7141071428571428
8,0.0005285614466383344,0.0005399965963193349,0.7751309523809524,0.7728214285714285
9,0.0005340371919529778,0.0005431776238339288,0.7698630952380953,0.7697857142857143
10,0.0006648824495219049,0.0006813441685267857,0.6362321428571428,0.63275
11,0.0005338137117879731,0.0005397744476795197,0.7701904761904762,0.7738928571428572
12,0.0005291008321302278,0.0005376670977899007,0.7742202380952381,0.7753214285714286
13,0.0005860983587446667,0.0005955529383250645,0.7165595238095238,0.7184285714285714
14,0.0006086287725539434,0.0006185643098184041,0.6937797619047619,0.6951428571428572
15,0.0006068620848513785,0.0006167221622807639,0.6954107142857143,0.6968928571428571
16,0.0006075681636021251,0.0006174676737615041,0.6946845238095238,0.6961428571428572
17,0.000606995230274541,0.0006170011780091694,0.6953630952380953,0.6966071428571429
18,0.0006068737113050052,0.0006166872850486211,0.695577380952381,0.6969285714285715
19,0.0006061703569832303,0.0006170011801379067,0.6954940476190477,0.6966071428571429
20,0.0006063389267240252,0.0006170360573700496,0.6954107142857143,0.6965714285714286
21,0.0006070829729239146,0.0006167919167450497,0.6955416666666666,0.6968214285714286
22,0.0006070015927155813,0.0006170709346021925,0.6953571428571429,0.6965357142857143
23,0.000607001594489529,0.0006171058118343353,0.6953571428571429,0.6965
24,0.00060697253012941,0.0006169314256736211,0.6953869047619048,0.6966785714285715
25,0.0006067342020216443,0.0006169314256736211,0.6953630952380953,0.6966785714285715
26,0.00060697253012941,0.0006167221622807639,0.6955654761904762,0.6968928571428571
