,loss/train,loss/valid,acc/train,acc/valid
0,0.0006984415451685588,0.0007117795582328524,0.5012678571428572,0.4995357142857143
1,0.0006985524381910051,0.000711635478905269,0.5012678571428572,0.4995357142857143
2,0.0006973023701991354,0.0007107822980199542,0.5012738095238095,0.4995357142857143
3,0.0007009616643190384,0.0007146679588726589,0.5012738095238095,0.4995
4,0.0007008766471630051,0.0007143416021551405,0.5012797619047619,0.4995
5,0.0007027762301620983,0.0007161693360124315,0.5012797619047619,0.4995
6,0.0007033096580278306,0.0007169538480894907,0.5012797619047619,0.4995
7,0.000703250467067673,0.0007169262149504253,0.5012797619047619,0.4995
8,0.0007047453497846921,0.0007180761673620769,0.5012797619047619,0.4995
9,0.0007044854923373176,0.0007179807892867497,0.5012797619047619,0.4995
10,0.0007046219280787877,0.0007183727941342762,0.5012797619047619,0.4995
11,0.0007079295835324696,0.0007216716919626508,0.5012797619047619,0.4995
12,0.000706311566843873,0.0007199090421199798,0.5012797619047619,0.4995
13,0.0007083256372383662,0.000722235449722835,0.5012797619047619,0.4995
14,0.0007092403762397312,0.0007230415855135236,0.5012797619047619,0.4995
15,0.0007096118586403983,0.0007235329427889416,0.5012797619047619,0.4995
16,0.000710220303209055,0.0007242149327482496,0.5012797619047619,0.4995
17,0.0007101369521447591,0.0007242124080657959,0.5012797619047619,0.4995
