,loss/train,loss/valid,acc/train,acc/valid
0,0.000681743582089742,0.0006941020978348596,0.49863690476190475,0.5003214285714286
1,0.0006824585568337213,0.0006951081816639219,0.5040059523809524,0.5026071428571428
2,0.0006879198242511068,0.0007008732237986156,0.501297619047619,0.4995
3,0.0006888083219528198,0.000702148301260812,0.5012797619047619,0.4995
4,0.0006888718793079966,0.0007019464139427458,0.5012797619047619,0.4995
5,0.0006880757336815198,0.0007009306422301701,0.5012797619047619,0.4995
6,0.0006867648214101791,0.0006995339691638947,0.5012797619047619,0.4995
7,0.0006869955882430076,0.0007001046431916101,0.5012797619047619,0.4995
8,0.0006882457321598416,0.000701199682695525,0.5012797619047619,0.4995
9,0.0006867573197398867,0.0006998188751084464,0.5012797619047619,0.4995
10,0.0006860989605387052,0.0006989266382796424,0.501297619047619,0.4995357142857143
11,0.0006851246186665126,0.0006981390906231744,0.5013035714285714,0.4995357142857143
12,0.0006861331938278107,0.0006989347232239587,0.5013035714285714,0.4995
13,0.0006839079807202021,0.0006966403467314584,0.5013690476190477,0.49964285714285717
14,0.0006856265639265378,0.0006984151325055532,0.5013333333333333,0.4995357142857143
15,0.0006854024561388152,0.0006982916806425367,0.5013273809523809,0.4995357142857143
