,loss/train,loss/valid,acc/train,acc/valid
0,0.0006921495642690431,0.0007055084726640157,0.5012797619047619,0.4995
1,0.0006914516570312636,0.000704690769314766,0.5012797619047619,0.4995
2,0.0006911628221472104,0.000704346409865788,0.5012797619047619,0.4995
3,0.0006909037878115972,0.0007041334829160145,0.5012797619047619,0.4995
4,0.0006909308962169148,0.0007040810223136629,0.5012797619047619,0.4995
5,0.000691115456322829,0.0007042868243796485,0.5012797619047619,0.4995
6,0.0006910976473064649,0.0007042845572744097,0.5012797619047619,0.4995
7,0.0006910803537993204,0.0007043111856494631,0.5012797619047619,0.4995
8,0.0006910799720457622,0.0007042219809123448,0.5012797619047619,0.4995
9,0.0006906997834642729,0.0007039326173918588,0.5012797619047619,0.4995
10,0.0006909369861795788,0.0007041990969862257,0.5012797619047619,0.4995
11,0.0006909743334565844,0.0007042349129915237,0.5012797619047619,0.4995
12,0.0006914091174091612,0.0007047003784349987,0.5012797619047619,0.4995
13,0.0006915790310927799,0.0007047642937728337,0.5012797619047619,0.4995
14,0.0006917925040636744,0.0007049767417567117,0.5012797619047619,0.4995
15,0.0006916983021157128,0.0007050876638719014,0.5012797619047619,0.4995
16,0.0006916975811833427,0.000704869100025722,0.5012797619047619,0.4995
17,0.0006916370469899404,0.0007050045345510756,0.5012797619047619,0.4995
18,0.0006914840649281229,0.000704929945724351,0.5012797619047619,0.4995
19,0.0006919389668674696,0.0007052570474999292,0.5012797619047619,0.4995
20,0.0006923507310095287,0.0007056843851293836,0.5012797619047619,0.4995
21,0.0006922765384827341,0.0007056988520281655,0.5012797619047619,0.4995
22,0.0006923281553955305,0.0007056919102157866,0.5012797619047619,0.4995
23,0.0006920004675076122,0.0007055709276880536,0.5012797619047619,0.4995
24,0.0006923588028266317,0.0007057358622550964,0.5012797619047619,0.4995
