,loss/train,loss/valid,acc/train,acc/valid
0,0.0006952009871602059,0.0007081778730664935,0.5012738095238095,0.4995
1,0.0007189535016105289,0.0007329317778348922,0.5012797619047619,0.4995
2,0.0007225751770394189,0.0007367059503282819,0.5012797619047619,0.4995
3,0.0007269152913774763,0.0007409691917044776,0.5012797619047619,0.4995
4,0.0007228881141969136,0.0007372546494007111,0.5012797619047619,0.4995
5,0.0007199706882238388,0.0007339322311537606,0.5012797619047619,0.4995
6,0.0007197566135298638,0.0007335063282932554,0.5012797619047619,0.4995
7,0.0007160574148098628,0.0007300569372517722,0.5012797619047619,0.4995
8,0.0007135682748187156,0.0007273470142057964,0.5012797619047619,0.4995
9,0.000711385081921305,0.0007249579642500196,0.5012797619047619,0.4995
10,0.0007122870247278895,0.0007260662061827523,0.5012797619047619,0.4995
11,0.0007075434699654579,0.0007215118876525334,0.5012797619047619,0.4995
12,0.0007073848187213852,0.0007211870380810329,0.5012797619047619,0.4995
13,0.0007077086145679156,0.0007212084808519908,0.5012797619047619,0.4995
14,0.0007058150566049984,0.0007195537047726767,0.5012797619047619,0.4995
15,0.0007057425642297381,0.0007193265642438617,0.5012797619047619,0.4995
