,loss/train,loss/valid,acc/train,acc/valid
0,0.0007914221673494294,0.0008110157357794897,0.5061309523809524,0.5005714285714286
1,0.0007286366912580671,0.0007302184615816388,0.5678571428571428,0.5788571428571428
2,0.0008001324718906765,0.0008126665566648756,0.49845833333333334,0.5003928571428572
3,0.0007974077573134786,0.0008139145927769797,0.5012738095238095,0.4995357142857143
4,0.000799721278605007,0.0008125734180212021,0.4987261904761905,0.5005
5,0.0008003258286487489,0.0008125036635569163,0.49873214285714285,0.5005714285714286
6,0.0008000700495072773,0.0008125734180212021,0.4987261904761905,0.5005
7,0.0007995468963469778,0.0008125683069229126,0.4987261904761905,0.5005
8,0.000799575962126255,0.0008123990318604878,0.4987857142857143,0.5006785714285714
9,0.0007992605233476276,0.0008116697307143893,0.4992857142857143,0.5013571428571428
10,0.0007977665747914995,0.0008090420003448213,0.5016964285714286,0.5039642857142858
11,0.0007996398955583573,0.0008125734180212021,0.4987202380952381,0.5005
12,0.0007995527060258957,0.0008125734180212021,0.4987202380952381,0.5005
13,0.0007998084699114164,0.0008125734180212021,0.4987261904761905,0.5005
14,0.00079998867249205,0.0008125734180212021,0.4987202380952381,0.5005
15,0.0007998142909435999,0.0008125734180212021,0.4987202380952381,0.5005
16,0.000799203940090679,0.0008125734180212021,0.4987202380952381,0.5005
