,loss/train,loss/valid,acc/train,acc/valid
0,0.000685744679399899,0.0006978356178317752,0.49861904761904763,0.5005357142857143
1,0.0006846565015259244,0.0006967973496232714,0.49860714285714286,0.5004642857142857
2,0.000681820677504653,0.000693858910884176,0.4986785714285714,0.5007142857142857
3,0.0006789669568339983,0.0006910293719598225,0.5066666666666667,0.5106428571428572
4,0.000677799634990238,0.0006898521738392966,0.5308154761904762,0.53425
5,0.0006770723469200589,0.0006890935599803925,0.5569464285714286,0.5608928571428572
6,0.0006763306299135799,0.0006884062737226486,0.5707380952380953,0.5711071428571428
7,0.0006763126722403935,0.0006883665429694312,0.5718214285714286,0.5725714285714286
8,0.0006763395298094977,0.0006883919004883085,0.5728154761904762,0.5729285714285715
9,0.0006760372725271043,0.0006881418036563055,0.5620595238095238,0.5627142857142857
10,0.0006757867769116447,0.0006879408402102334,0.5484702380952381,0.5483571428571429
11,0.0006763379091308231,0.0006885210999420711,0.5238690476190476,0.5246428571428572
12,0.00067664685100317,0.0006889180200440543,0.5136726190476191,0.51175
13,0.0006770731299406006,0.0006893412747553416,0.5086726190476191,0.50725
14,0.000677610541738215,0.0006898736953735351,0.5057202380952381,0.5039285714285714
15,0.0006777741461992264,0.0006901067112173353,0.5047440476190476,0.5028571428571429
16,0.0006779742957580657,0.0006903233038527625,0.5043571428571428,0.5022142857142857
17,0.0006788646135301817,0.0006913793874638421,0.5025773809523809,0.50075
18,0.0006795132575290544,0.0006919395199843815,0.5021428571428571,0.5005
19,0.0006808139869854564,0.0006934383490255901,0.5014404761904762,0.4995357142857143
20,0.0006817712659637134,0.0006945281688656126,0.5013154761904762,0.4994642857142857
21,0.0006823253440005439,0.0006948904948575156,0.5012738095238095,0.4995
22,0.0006834732975278582,0.0006961253157683782,0.5012916666666667,0.4994642857142857
23,0.000683598314722379,0.0006962446123361587,0.5012857142857143,0.4994642857142857
24,0.0006839440748805092,0.0006966523740972792,0.5012857142857143,0.4994642857142857
25,0.0006841632379662423,0.0006969170570373535,0.5012857142857143,0.4994642857142857
