,loss/train,loss/valid,acc/train,acc/valid
0,0.0007982738748902366,0.0008139494700091226,0.5012797619047619,0.4995
1,0.0007973147556185722,0.0008139494700091226,0.5012797619047619,0.4995
2,0.0007973321906867482,0.0008139494700091226,0.5012619047619048,0.4995
3,0.0007978437248440016,0.0008139494700091226,0.5012738095238095,0.4995
4,0.0007973380032039824,0.0008139843472412654,0.5012559523809523,0.4994642857142857
5,0.0007979309204078856,0.0008139494700091226,0.5012738095238095,0.4995
6,0.0007979483576047988,0.0008140192244734083,0.5012559523809523,0.49942857142857144
7,0.0007976925894618034,0.0008139494700091226,0.50125,0.4995
8,0.0007969892291086061,0.0008139494700091226,0.5012559523809523,0.4995
9,0.0007975065814597266,0.0008139494700091226,0.5012619047619048,0.4995
10,0.0007970589910234724,0.0008139494700091226,0.5012738095238095,0.4995
11,0.0007963788860610553,0.0008139843472412654,0.5012559523809523,0.4994642857142857
12,0.0007970066663055193,0.0008139843472412654,0.5012380952380953,0.4994642857142857
13,0.000797611208543891,0.0008139843472412654,0.5012440476190476,0.4994642857142857
14,0.0007968904102842013,0.0008139494700091226,0.5012678571428572,0.4995
15,0.0007968148475601559,0.0008139494700091226,0.5012559523809523,0.4995
