,loss/train,loss/valid,acc/train,acc/valid
0,0.0006955345940022242,0.0007072571069002151,0.4987142857142857,0.5005
1,0.0006901222336150351,0.0007018502354621888,0.4987559523809524,0.5004642857142857
2,0.0006880008546369416,0.0006997673468930381,0.49875,0.5005357142857143
3,0.0006853244911347116,0.0006970485172101429,0.4990654761904762,0.5011071428571429
4,0.0006822634186773074,0.0006940491987126214,0.5010476190476191,0.5033928571428572
5,0.0006806659279834657,0.0006925227322748729,0.5044821428571429,0.5070714285714286
6,0.000678942624656927,0.0006907372793981008,0.5130357142857143,0.5135714285714286
7,0.0006781188565350714,0.0006899679728916713,0.5214642857142857,0.5233571428571429
8,0.0006767976745253517,0.0006887187915188926,0.5389285714285714,0.5443928571428571
9,0.0006758366046207292,0.0006877686849662236,0.5533095238095238,0.55475
10,0.0006753266634685652,0.0006873864212206432,0.5554404761904762,0.5584285714285714
11,0.000675489523581096,0.0006875459253787994,0.5543928571428571,0.5598928571428572
12,0.0006754966782672064,0.0006876037674290793,0.5513035714285714,0.5521428571428572
13,0.00067516385444573,0.0006872792137520654,0.5516130952380952,0.5506071428571429
14,0.0006761230648983092,0.0006884323209524155,0.5343809523809524,0.5333214285714286
15,0.000676659491445337,0.0006889352202415467,0.5282559523809524,0.52625
16,0.0006762556880712509,0.0006885481476783753,0.5302738095238095,0.5291071428571429
17,0.0006767581733209746,0.0006891410201787948,0.5242380952380953,0.521
18,0.0006778767662388937,0.0006903060078620911,0.5157857142857143,0.5138571428571429
19,0.0006779863667630014,0.0006903085729905537,0.5150535714285714,0.5131428571428571
20,0.0006793483854049728,0.000691758177110127,0.509327380952381,0.5075
21,0.0006795810698753312,0.0006920652495963233,0.5086726190476191,0.5071785714285715
22,0.0006793836188458261,0.000691933959722519,0.5089166666666667,0.5072857142857143
23,0.0006807012047086443,0.0006932266716446195,0.5062619047619048,0.5038928571428571
24,0.0006797907341803823,0.0006922805245433535,0.5080297619047619,0.5060357142857143
25,0.0006801987666459311,0.000692830952150481,0.5067916666666666,0.5041428571428571
26,0.0006813465839340573,0.0006938791615622384,0.5054821428571429,0.5033928571428572
27,0.0006831012350462732,0.0006959241947957447,0.5033273809523809,0.5016428571428572
28,0.000682105887503851,0.0006947021952697209,0.5042797619047619,0.5026428571428572
