,loss/train,loss/valid,acc/train,acc/valid
0,0.0006082560611622674,0.0006176809540816715,0.6750654761904762,0.6767857142857143
1,0.000590245731884525,0.0005988757908344269,0.6948571428571428,0.6963928571428571
2,0.0006118300486178625,0.0006217289439269475,0.6428928571428572,0.6424285714285715
3,0.0006450662346822875,0.0006567769944667816,0.5918690476190476,0.5912857142857143
4,0.000645452448299953,0.0006548264282090323,0.6533095238095238,0.6548214285714286
5,0.0006400038837676956,0.0006460136728627341,0.6599404761904762,0.6646428571428571
6,0.0007237330139392898,0.0007345506612743651,0.5758095238095238,0.5783571428571429
7,0.0007217708027788571,0.0007321988535778863,0.5782738095238096,0.581
8,0.0006568079434690022,0.0006669886474098478,0.6438154761904762,0.6450357142857143
9,0.0006483960311327662,0.0006546101250818798,0.6526488095238095,0.6574642857142857
10,0.0006910200179332779,0.0007013337335416249,0.6093571428571428,0.6117142857142858
11,0.0007852285518532708,0.0008000170694930212,0.5136369047619047,0.5132857142857142
12,0.0006846700115572838,0.0006936532599585397,0.6155059523809524,0.61875
13,0.0007477069770296414,0.0007617660824741636,0.551970238095238,0.5508928571428572
14,0.0007371531426906586,0.0007430262246302196,0.5629761904761905,0.5703928571428571
15,0.0007375520865122477,0.0007448466867208481,0.5623630952380952,0.5686785714285715
16,0.0007455085558550698,0.0007515255319220679,0.5548392857142858,0.5617857142857143
