,loss/train,loss/valid,acc/train,acc/valid
0,0.0002962967444743429,0.00029772238433361056,0.6943095238095238,0.7019642857142857
1,0.00029173545361984345,0.0002940121676240649,0.7101011904761905,0.71325
2,0.00037235320820694877,0.00037374041761670793,0.5579404761904762,0.5636428571428571
3,0.00028081410094386053,0.00028327777768884384,0.7278214285714286,0.7306071428571429
4,0.00030956364635910307,0.0003122369945049286,0.6848095238095238,0.6869642857142857
5,0.00030718909878106344,0.00031136701788221085,0.6882261904761905,0.6882857142857143
6,0.00029510881858212605,0.00029762026028973715,0.7141369047619047,0.7158214285714286
7,0.00029341418792804084,0.00029700540006160736,0.7165059523809524,0.7170714285714286
8,0.0002908387357989947,0.000292805939912796,0.7214345238095238,0.7247857142857143
9,0.00029245156262602123,0.00029474184768540516,0.7190654761904762,0.72175
10,0.00029779919840040663,0.0003005537986755371,0.7083809523809523,0.7106428571428571
11,0.00029970527227435794,0.0003029293545654842,0.7054285714285714,0.7066785714285714
12,0.0003013307484132903,0.00030311820123876844,0.7034642857142858,0.70625
13,0.0003177709575919878,0.00032207344259534566,0.6688690476190476,0.6691785714285714
14,0.0003261790123014223,0.0003288950771093369,0.6529940476190477,0.6556428571428572
15,0.00031232077273584546,0.0003142201857907431,0.6809166666666666,0.68475
16,0.0003038338763373239,0.00030694746119635445,0.697375,0.6994285714285714
17,0.0002956298642924854,0.0002985197028943471,0.714047619047619,0.7158928571428571
18,0.00030996797340256826,0.00031170980419431413,0.6848630952380952,0.6901428571428572
