,loss/train,loss/valid,acc/train,acc/valid
0,0.0006793413272216206,0.0006917020039899008,0.5194583333333334,0.5186785714285714
1,0.0006788402426810492,0.0006911966779402324,0.5328571428571428,0.5333571428571429
2,0.0006787206211260387,0.000691129248057093,0.5349642857142857,0.5359642857142857
3,0.0006787231674506551,0.0006911837522472654,0.5356190476190477,0.5379642857142857
4,0.0006788508352779207,0.0006913101034505027,0.5311547619047619,0.53075
5,0.0006789225258287929,0.0006914349560226713,0.5249107142857142,0.5222857142857142
6,0.000678938423593839,0.0006914734691381455,0.5241845238095239,0.5229642857142857
7,0.000679038605874493,0.0006916871283735548,0.5177321428571429,0.5156071428571428
8,0.0006791458080212275,0.000691736325621605,0.5160892857142857,0.5138571428571429
9,0.0006797106734343938,0.000692358319248472,0.5088809523809524,0.5080714285714286
10,0.0006797660759517124,0.0006924373997109277,0.5068809523809524,0.5061071428571429
11,0.0006799638555163429,0.0006925614433629172,0.5065059523809524,0.5057142857142857
12,0.000680541634914421,0.0006931968139750617,0.5039404761904762,0.50225
13,0.000681123822927475,0.000693936797124999,0.5021547619047619,0.5006071428571428
14,0.0006811543731462387,0.000694027800645147,0.5022916666666667,0.5005714285714286
15,0.000682085673723902,0.0006949447521141598,0.5015178571428571,0.49964285714285717
16,0.0006825789887280691,0.0006952159255743026,0.5014642857142857,0.49957142857142856
17,0.0006825424773352487,0.0006954564856631415,0.5014166666666666,0.49939285714285714
