,loss/train,loss/valid,acc/train,acc/valid
0,0.0005714450530589573,0.0005819758120037261,0.7185873015873016,0.7171904761904762
1,0.0006412309427109976,0.0006550711109524682,0.6601984126984127,0.6555714285714286
2,0.0005867216369462391,0.0005992554199127924,0.7168095238095238,0.7132857142857143
3,0.0005857606657913753,0.0005986460362161908,0.7176111111111111,0.7139047619047619
4,0.0006234162222771418,0.0006323782148815336,0.679063492063492,0.6806190476190476
5,0.0005883590787176102,0.0006007744414465768,0.7149603174603174,0.7116190476190476
6,0.0005868079619748252,0.0005995717162177676,0.7173571428571428,0.7130952380952381
7,0.0005773654244248829,0.0005881887333733695,0.7276428571428571,0.7242380952380952
8,0.0005791698769917564,0.0005902399193672906,0.7246428571428571,0.7223809523809523
9,0.0005834264504531073,0.0005934562853404454,0.7199603174603174,0.7193333333333334
10,0.0006211672860478598,0.0006280807455380758,0.6814920634920635,0.6856666666666666
11,0.0005855461884112585,0.000594864030679067,0.7187857142857143,0.7175714285714285
12,0.0007057173701505812,0.0007208218006860642,0.596547619047619,0.5911428571428572
13,0.0005856960004284269,0.0005980896126656306,0.7178730158730159,0.7144285714285714
14,0.000586640649371677,0.0005992042535827273,0.7169047619047619,0.7133333333333334
15,0.0005868044708456312,0.0005992507537206014,0.7168968253968254,0.7132857142857143
