,loss/train,loss/valid,acc/train,acc/valid
0,0.0007902448409133488,0.0008055747463589622,0.5107539682539682,0.5077142857142857
1,0.0006922770587224809,0.0007045432527860005,0.6098888888888889,0.6081904761904762
2,0.0005860820355869475,0.0005951859610421316,0.7183492063492064,0.716952380952381
3,0.0006599976888724736,0.000673131920042492,0.6428174603174603,0.6392380952380953
4,0.0006991063640231178,0.0007037102239472525,0.603015873015873,0.6103809523809524
5,0.000601328217320972,0.0006119468495959327,0.7024761904761905,0.700047619047619
6,0.0006215926413498228,0.0006339394251505534,0.6823492063492064,0.6789047619047619
7,0.0005865838158698309,0.0005992894002369472,0.7168015873015873,0.7132380952380952
8,0.0005922577958258372,0.0006055728225480943,0.7108015873015873,0.707047619047619
9,0.0005899100015087733,0.0006009987394014994,0.714484126984127,0.7119047619047619
10,0.000655877637484717,0.0006626076442854745,0.6464603174603175,0.6506666666666666
11,0.0005926799121357145,0.0006047227127211434,0.7103412698412699,0.707952380952381
12,0.0005784614133456397,0.0005917428675152007,0.7250634920634921,0.7205714285714285
13,0.0005862335430251227,0.0005984151334989639,0.717484126984127,0.7140952380952381
14,0.0006211762026188866,0.0006330737443197342,0.6815238095238095,0.6794285714285714
15,0.0005870643385819026,0.0005993508384341286,0.7167936507936508,0.7131904761904762
16,0.000616336983347696,0.000627851128578186,0.6866111111111111,0.6850952380952381
17,0.0005892820854981741,0.000599866855712164,0.7153174603174604,0.7125714285714285
