,loss/train,loss/valid,acc/train,acc/valid
0,0.0006881859948237737,0.0006892530024051666,0.5623333333333334,0.543
1,0.0006642563094695409,0.0006647478640079499,0.6660833333333334,0.6835
2,0.0006282776842514673,0.0006299891769886017,0.724,0.718
3,0.0006068360308806102,0.0006096306145191193,0.72975,0.7285
4,0.0006036364634831746,0.0006064572930335999,0.7295833333333334,0.729
5,0.0006054555873076121,0.0006094557642936706,0.7306666666666667,0.723
6,0.000609447826941808,0.0006132309436798096,0.7260833333333333,0.722
7,0.0006137700130542119,0.000617972195148468,0.7203333333333334,0.7135
8,0.0006188318282365799,0.0006237128078937531,0.71325,0.7035
9,0.000623622919122378,0.0006289553046226502,0.7134166666666667,0.702
10,0.0006630739470322927,0.0006707417368888855,0.5574166666666667,0.535
11,0.0006715948979059855,0.0006770244240760803,0.545,0.5275
12,0.0006548538158337276,0.0006588660180568695,0.6453333333333333,0.6355
13,0.0006489860018094381,0.0006517452597618103,0.7005,0.695
14,0.0006449721604585648,0.0006475846171379089,0.7091666666666666,0.6965
15,0.000645550087094307,0.0006486506760120392,0.7085833333333333,0.7015
16,0.0006483411292235057,0.0006526948809623718,0.6911666666666667,0.6795
17,0.0006383161197106044,0.0006431010961532593,0.709,0.6925
18,0.0006438137243191401,0.0006476537883281707,0.7196666666666667,0.7095
19,0.0006316169202327728,0.0006345095038414001,0.7066666666666667,0.695
