,loss/train,loss/valid,acc/train,acc/valid
0,0.540087227389926,0.5349531484331403,0.76775,0.7721785714285714
1,0.498685434227898,0.4959387855529785,0.8122142857142857,0.81475
2,0.5529601140022278,0.5479358564104353,0.7561428571428571,0.7613571428571428
3,0.8119816743986947,0.8137614277430943,0.5012797619047619,0.4995
4,0.8119816736720857,0.8137614277430943,0.5012797619047619,0.4995
5,0.8119816714922587,0.8137614277430943,0.5012797619047619,0.4995
6,0.8119816678819203,0.8137614277430943,0.5012797619047619,0.4995
7,0.8119816733314877,0.8137614277430943,0.5012797619047619,0.4995
8,0.8119816660426912,0.8137614277430943,0.5012797619047619,0.4995
9,0.8119816682225182,0.8137614277430943,0.5012797619047619,0.4995
10,0.8119816747619992,0.8137614277430943,0.5012797619047619,0.4995
11,0.8119816732860747,0.8137614277430943,0.5012797619047619,0.4995
12,0.8119816704250518,0.8137614277430943,0.5012797619047619,0.4995
13,0.8119816714922587,0.8137614277430943,0.5012797619047619,0.4995
14,0.8119816732860747,0.8137614277430943,0.5012797619047619,0.4995
15,0.8119816711289543,0.8137614277430943,0.5012797619047619,0.4995
16,0.8119816714695521,0.8137614277430943,0.5012797619047619,0.4995
17,0.8119816674959092,0.8137614277430943,0.5012797619047619,0.4995
18,0.8119816667920067,0.8137614277430943,0.5012797619047619,0.4995
19,0.8119816747392927,0.8137614277430943,0.5012797619047619,0.4995
20,0.8119816646121797,0.8137614277430943,0.5012797619047619,0.4995
21,0.8119816682225182,0.8137614277430943,0.5012797619047619,0.4995
