,loss/train,loss/valid,acc/train,acc/valid
0,0.5065481833049229,0.5002110612051828,0.8016369047619047,0.8084285714285714
1,0.49479640377135503,0.4938096460614886,0.817827380952381,0.8188214285714286
2,0.8038194302377246,0.8012257407052177,0.5094404761904762,0.5120357142857143
3,0.8145411869684855,0.8127614430018834,0.4987202380952381,0.5005
4,0.814541192418053,0.8127614430018834,0.4987202380952381,0.5005
5,0.8145411941891625,0.8127614430018834,0.4987202380952381,0.5005
6,0.81454119963873,0.8127614430018834,0.4987202380952381,0.5005
7,0.81454119348526,0.8127614430018834,0.4987202380952381,0.5005
8,0.8145411909421285,0.8127614430018834,0.4987202380952381,0.5005
9,0.8145411862191699,0.8127614430018834,0.4987202380952381,0.5005
10,0.814541188398997,0.8127614430018834,0.4987202380952381,0.5005
11,0.8145411938485645,0.8127614430018834,0.4987202380952381,0.5005
12,0.8145411938485645,0.8127614430018834,0.4987202380952381,0.5005
13,0.8145411865824744,0.8127614430018834,0.4987202380952381,0.5005
14,0.8145411865824744,0.8127614430018834,0.4987202380952381,0.5005
15,0.8145411928040641,0.8127614430018834,0.4987202380952381,0.5005
16,0.814541190238226,0.8127614430018834,0.4987202380952381,0.5005
17,0.8145411894662039,0.8127614430018834,0.4987202380952381,0.5005
18,0.814541194938478,0.8127614430018834,0.4987202380952381,0.5005
19,0.814541193825858,0.8127614430018834,0.4987202380952381,0.5005
20,0.814541190192813,0.8127614430018834,0.4987202380952381,0.5005
21,0.814541188398997,0.8127614430018834,0.4987202380952381,0.5005
