,loss/train,loss/valid,acc/train,acc/valid
0,0.55155128406343,0.5462750603812081,0.759452380952381,0.7646071428571428
1,0.49388027328536627,0.4924406373160226,0.8147142857142857,0.81625
2,0.4833189787183489,0.4799384727478027,0.827827380952381,0.8312142857142857
3,0.8119042912664868,0.8135471420288086,0.5013571428571428,0.4997142857142857
4,0.8093209557533264,0.8111542870657784,0.5039404761904762,0.5021071428571429
5,0.8119757187480018,0.81372571345738,0.5012857142857143,0.4995357142857143
6,0.8096781011536008,0.8116542870657785,0.5035833333333334,0.5016071428571428
7,0.7555174569856553,0.758868639264788,0.5577440476190476,0.5543928571428571
8,0.6583449727694194,0.6542973665509905,0.6549166666666667,0.6589642857142857
9,0.8069638219787961,0.8055471583775111,0.506297619047619,0.5077142857142857
10,0.781969797974541,0.780511476789202,0.5312916666666667,0.53275
11,0.814541188398997,0.8127614430018834,0.4987202380952381,0.5005
12,0.8119816718555632,0.8137614277430943,0.5012797619047619,0.4995
13,0.8119816773278372,0.8137614277430943,0.5012797619047619,0.4995
14,0.8119816645894732,0.8137614277430943,0.5012797619047619,0.4995
15,0.8119816696757362,0.8137614277430943,0.5012797619047619,0.4995
16,0.8119816740126837,0.8137614277430943,0.5012797619047619,0.4995
17,0.8119816682679313,0.8137614277430943,0.5012797619047619,0.4995
18,0.8119816707656498,0.8137614277430943,0.5012797619047619,0.4995
19,0.8119816714695521,0.8137614277430943,0.5012797619047619,0.4995
20,0.8119816689491272,0.8137614277430943,0.5012797619047619,0.4995
21,0.8119816740126837,0.8137614277430943,0.5012797619047619,0.4995
22,0.8119816743986947,0.8137614277430943,0.5012797619047619,0.4995
