,loss/train,loss/valid,acc/train,acc/valid
0,0.7027635671978905,0.7025423485892159,0.5073571428571428,0.5065
1,0.700336376894088,0.6997853764125279,0.51325,0.5145
2,0.6986694556644985,0.6978312377929687,0.5152976190476191,0.5178214285714285
3,0.6976435689926147,0.6965526362827846,0.5155238095238095,0.5183571428571428
4,0.6969255619049072,0.6956313759940012,0.5158214285714285,0.5187142857142857
5,0.6964557157925197,0.694974473135812,0.5161071428571429,0.5191785714285714
6,0.6964035203116281,0.6947587950570243,0.5162321428571428,0.5193571428571429
7,0.6963184943199158,0.6945404118129185,0.5168154761904762,0.5193214285714286
8,0.6962054763521467,0.694305109841483,0.5173214285714286,0.5199285714285714
9,0.6963426838829404,0.6943332165309362,0.5177619047619048,0.5201071428571429
10,0.6965207298823766,0.6944099709647042,0.5184047619047619,0.52125
11,0.6967038992245992,0.6944975787571498,0.5191964285714286,0.5220357142857143
12,0.6968529830206008,0.6945692852565221,0.5198273809523809,0.5228571428571429
13,0.6971252781323024,0.6947678936549595,0.520375,0.5237142857142857
14,0.697259221235911,0.6948377391270228,0.521154761904762,0.5246428571428572
15,0.6974784173284259,0.6949978812081473,0.5216547619047619,0.5253571428571429
16,0.6978465153376261,0.6953124373299735,0.5221190476190476,0.5256428571428572
17,0.6980162760643732,0.6954315408979144,0.5226904761904761,0.5262142857142857
18,0.698375663621085,0.6957438474382673,0.5230476190476191,0.5263214285714286
19,0.6985717392648969,0.6958961639404296,0.5236369047619047,0.5268928571428572
20,0.6988163869721549,0.6961002633231027,0.5241071428571429,0.5273928571428571
21,0.6990450655619304,0.6962935474940709,0.5245892857142858,0.5282142857142857
22,0.6992818138939993,0.6964963962009975,0.5249702380952381,0.5285357142857143
23,0.6995592630477179,0.6967414796011788,0.52525,0.5285714285714286
24,0.6997914047695342,0.6969439697265625,0.5256488095238095,0.5288571428571428
25,0.699926761786143,0.6970526913234166,0.5259940476190477,0.5290357142857143
26,0.700088237285614,0.6971900781903948,0.5263392857142857,0.5293928571428571
27,0.7002148977461315,0.6972926303318568,0.5267440476190476,0.5297142857142857
28,0.7003884312538874,0.6974433653695242,0.5269940476190477,0.5300357142857143
