,loss/train,loss/valid,acc/train,acc/valid
0,0.5587451555842445,0.55232666015625,0.7528452380952381,0.7590357142857143
1,0.5004734070414588,0.4966368261064802,0.8046785714285715,0.8087857142857143
2,0.4712830269904364,0.4668333533150809,0.8386845238095239,0.8433571428571428
3,0.4418801484221504,0.4392029925755092,0.8692380952380953,0.8718214285714285
4,0.41791924435751776,0.4160647027151925,0.8930535714285714,0.895
5,0.42997120196478705,0.42902098410470146,0.8789523809523809,0.88
6,0.4002884130818503,0.40068342317853656,0.9112023809523809,0.9106071428571428
7,0.39438619212877185,0.3944143366132464,0.9179761904761905,0.91775
8,0.3933332510448637,0.39311477988106863,0.9186369047619047,0.9187142857142857
9,0.3956752890972864,0.3955782356262207,0.916172619047619,0.9161785714285714
10,0.4176747646331787,0.4175472264971052,0.8935297619047619,0.8937142857142857
11,0.8145352316583906,0.8127614430018834,0.4987261904761905,0.5005
12,0.8145411920093355,0.8127614430018834,0.4987202380952381,0.5005
13,0.8145352418309166,0.8127614430018834,0.4987261904761905,0.5005
14,0.8145352410816011,0.8127614430018834,0.4987261904761905,0.5005
15,0.8145411912827265,0.8127614430018834,0.4987202380952381,0.5005
16,0.8145352345648266,0.8127614430018834,0.4987261904761905,0.5005
17,0.7417259066218421,0.7378329587663923,0.5715357142857143,0.5754285714285714
18,0.795594787075406,0.7929043230329241,0.5176666666666667,0.5203571428571429
19,0.8119459539368039,0.81372571345738,0.5013154761904762,0.4995357142857143
20,0.8119816743759882,0.8137614277430943,0.5012797619047619,0.4995
21,0.8119816639082772,0.8137614277430943,0.5012797619047619,0.4995
22,0.8119816780544463,0.8137614277430943,0.5012797619047619,0.4995
23,0.8119816700390406,0.8137614277430943,0.5012797619047619,0.4995
24,0.8119816729681832,0.8137614277430943,0.5012797619047619,0.4995
25,0.8119816707656498,0.8137614277430943,0.5012797619047619,0.4995
26,0.8119816766012282,0.8137614277430943,0.5012797619047619,0.4995
27,0.8119816674959092,0.8137614277430943,0.5012797619047619,0.4995
28,0.8119816689491272,0.8137614277430943,0.5012797619047619,0.4995
