,loss/train,loss/valid,acc/train,acc/valid
0,0.0007125783261089098,0.000724462920001575,0.4987202380952381,0.5005
1,0.0006947642217079798,0.0007067264403615679,0.4987202380952381,0.5005
2,0.0006877408836569105,0.0006998062006064824,0.4987202380952381,0.5005
3,0.0006861659600621178,0.0006986019973243986,0.4987202380952381,0.5005
4,0.0006885619571521169,0.0007010095438786915,0.4987202380952381,0.5005
5,0.0006889314147688094,0.0007009864321776798,0.4987202380952381,0.5005
6,0.0006911615509362448,0.0007033507696219853,0.4987202380952381,0.5005
7,0.0006914831261549677,0.0007037698307207652,0.4987202380952381,0.5005
8,0.0006912713434015002,0.0007035612485238484,0.4987202380952381,0.5005
9,0.0006927278911074003,0.0007049066658530917,0.4987202380952381,0.5005
10,0.0006947594370160784,0.0007068361682551248,0.4987202380952381,0.5005
11,0.0006985743166435332,0.0007107320300170354,0.4987202380952381,0.5005
12,0.0006986561027311144,0.0007106331714562007,0.4987202380952381,0.5005
13,0.000698559093333426,0.0007104876254286085,0.4987202380952381,0.5005
14,0.0006972318320047288,0.0007091284330402102,0.4987261904761905,0.5005
15,0.0006968741285659018,0.000708512184875352,0.4987440476190476,0.5005
16,0.0006965868089880262,0.0007084781293358121,0.4987440476190476,0.5005357142857143
17,0.0006979191445168995,0.0007096831117357526,0.49875,0.5005357142857143
18,0.0006967573875472659,0.0007084973944084985,0.49891071428571426,0.5005
