,loss/train,loss/valid,acc/train,acc/valid
0,0.0006921592844384057,0.0007042772961514337,0.4913214285714286,0.4928571428571429
1,0.0006927980461290905,0.0007048762227807726,0.4946845238095238,0.4965357142857143
2,0.000693180911952541,0.0007053280919790268,0.49598214285714287,0.49807142857142855
3,0.0006931771682131858,0.000705187229173524,0.4962738095238095,0.49839285714285714
4,0.0006934501702586809,0.000705513888171741,0.4971309523809524,0.4990357142857143
5,0.0006937117019579524,0.0007056421020201274,0.4974821428571429,0.49935714285714283
6,0.0006940388470178558,0.0007060575889689582,0.4978452380952381,0.49942857142857144
7,0.0006940265258862858,0.0007060441651514599,0.4980178571428571,0.5001071428571429
8,0.000694692826342015,0.0007066089638641902,0.4983511904761905,0.5001428571428571
9,0.0006952775670658974,0.0007072315045765468,0.49845833333333334,0.5002142857142857
10,0.0006960278916217032,0.0007079145312309265,0.4986309523809524,0.5006428571428572
11,0.0006962694997588794,0.0007081686066729682,0.4985595238095238,0.5003214285714286
12,0.0006965691823334921,0.000708282932639122,0.49860714285714286,0.5001428571428571
13,0.0006965128154981704,0.0007086122376578195,0.4985476190476191,0.5004285714285714
14,0.0006975673586130142,0.0007095938984836851,0.49855357142857143,0.5003214285714286
15,0.0006984739062331971,0.0007104254769427435,0.4987440476190476,0.5003214285714286
