,loss/train,loss/valid,acc/train,acc/valid
0,0.0006830869253192629,0.0006953856242554529,0.4989404761904762,0.5006428571428572
1,0.0006899097902434213,0.0007020830490759441,0.4987202380952381,0.5005
2,0.0006940710008853958,0.0007060195463044303,0.4987202380952381,0.5005
3,0.0006988693745363326,0.0007111845527376447,0.4987202380952381,0.5005
4,0.0007028637649047942,0.0007148204020091466,0.4987202380952381,0.5005
5,0.0007056603094651586,0.0007176494768687657,0.4987202380952381,0.5005
6,0.0007078547484817959,0.0007199218571186066,0.4987202380952381,0.5005
7,0.0007096778587216422,0.0007214534282684326,0.4987202380952381,0.5005
8,0.0007099648589889209,0.0007220481144530433,0.4987202380952381,0.5005
9,0.0007092723399400712,0.0007212372507367815,0.4987202380952381,0.5005
10,0.0007104313650301525,0.0007224410112415041,0.4987202380952381,0.5005
11,0.000711070875681582,0.0007230401869331087,0.4987202380952381,0.5005
12,0.0007118839131934302,0.0007237785160541534,0.4987202380952381,0.5005
13,0.0007120757408085323,0.0007241949673209871,0.4987202380952381,0.5005
14,0.0007125764687856038,0.0007246134664331163,0.4987202380952381,0.5005
15,0.0007121694623714402,0.0007247084294046674,0.4987202380952381,0.5005
