,loss/train,loss/valid,acc/train,acc/valid
0,0.0006814818055856796,0.0006935234303985323,0.4994404761904762,0.5014285714285714
1,0.0006844784447125026,0.000696511338864054,0.4987202380952381,0.5005
2,0.0006868954378934133,0.0006987071079867227,0.4987202380952381,0.5005
3,0.0006887813387882141,0.0007007816519056047,0.4987202380952381,0.5005
4,0.000690254443812938,0.0007021470155034747,0.4987202380952381,0.5005
5,0.0006907586270854586,0.0007026926789964949,0.4987202380952381,0.5005
6,0.0006917439142153376,0.0007037801146507263,0.4987202380952381,0.5005
7,0.0006926262268707866,0.0007044742490564074,0.4987202380952381,0.5005
8,0.00069296823654856,0.00070482095011643,0.4987202380952381,0.5005
9,0.0006928222292945499,0.0007047392640795026,0.4987202380952381,0.5005
10,0.0006924791431852749,0.0007043143148933138,0.4987202380952381,0.5005
11,0.0006938228876817794,0.000705472680074828,0.4987202380952381,0.5005
12,0.0006930418961814471,0.0007047392789806639,0.4987202380952381,0.5005
13,0.0006934389276873498,0.0007052938703979764,0.4987202380952381,0.5005
14,0.0006933174051699184,0.0007052278305803027,0.4987202380952381,0.5005
15,0.0006937032686102958,0.0007053175845316478,0.4987202380952381,0.5005
