,loss/train,loss/valid,acc/train,acc/valid
0,0.0006809272365201087,0.0006933573952742986,0.5054047619047619,0.5059285714285714
1,0.0006808406164248784,0.0006932505816221237,0.5065654761904762,0.5095
2,0.0006806432104536466,0.0006929680577346256,0.5026607142857142,0.5054642857142857
3,0.0006813007007752146,0.000693601525255612,0.49885714285714283,0.5007857142857143
4,0.0006821799977194695,0.000694380983710289,0.49875,0.5004642857142857
5,0.0006833994895929382,0.0006955403579132897,0.4987261904761905,0.5004642857142857
6,0.0006839503975851196,0.0006962785252502986,0.4987202380952381,0.5005
7,0.0006843078814092136,0.0006966614850929805,0.4987202380952381,0.5005
8,0.0006848380111512684,0.0006971116087266377,0.4987202380952381,0.5005
9,0.0006854042662751107,0.0006976838942084994,0.4987202380952381,0.5005
10,0.000687444497077238,0.0006996919810771942,0.4987202380952381,0.5005
11,0.0006894146526853244,0.0007016081554549081,0.4987202380952381,0.5005
12,0.0006907979381226358,0.0007030902739082064,0.4987202380952381,0.5005
13,0.0006931094796884628,0.0007051541911704199,0.4987202380952381,0.5005
14,0.000693201733486993,0.000705303390111242,0.4987202380952381,0.5005
15,0.000694177002069496,0.0007062466889619827,0.4987202380952381,0.5005
16,0.0006946198769978114,0.0007067334290061678,0.4987202380952381,0.5005
17,0.0006954975820013454,0.0007075404652527401,0.4987202380952381,0.5005
