,loss/train,loss/valid,acc/train,acc/valid
0,0.0006627087015954275,0.0006689278738839286,0.6396984126984127,0.6443809523809524
1,0.0007168545831763555,0.0007244809525353568,0.5854285714285714,0.5894761904761905
2,0.0006882698843403468,0.0006965867139044263,0.6137857142857143,0.6172857142857143
3,0.0005881848174428182,0.0006007827208155677,0.715468253968254,0.7116666666666667
4,0.0007719801219682844,0.0007895415425300598,0.5283809523809524,0.5226190476190476
5,0.0005950172912506831,0.0006072456439336141,0.7081349206349207,0.7052380952380952
6,0.0006069570585848793,0.0006183764281727018,0.6959047619047619,0.6941904761904761
7,0.0005903731357483637,0.0006014974770091829,0.7137301587301588,0.711
8,0.0005886612217577677,0.0006005626491137914,0.7151269841269842,0.711952380952381
9,0.000741415970855289,0.000750882381484622,0.5601587301587302,0.5631428571428572
10,0.0006451710888317653,0.0006582325242814564,0.6579047619047619,0.6538571428571428
11,0.0006320030987262726,0.0006448685895828974,0.6709365079365079,0.6673809523809524
12,0.0006591567425500779,0.0006705343155633836,0.6437539682539682,0.6419047619047619
13,0.0006348399150939214,0.0006463154071853274,0.6680079365079366,0.6655238095238095
14,0.0006396439950617533,0.0006526805219196137,0.6638968253968254,0.6601904761904762
15,0.0006372753580411275,0.0006513606480189733,0.6651984126984127,0.6615238095238095
16,0.0006435996336596353,0.00065763825461978,0.6588650793650793,0.6551904761904762
17,0.000638023887361799,0.0006514021413666862,0.6649126984126984,0.6614761904761904
18,0.0005917555637775906,0.0006027384003003438,0.7121507936507937,0.7097142857142857
19,0.0006096794099088699,0.0006212925485202244,0.6932857142857143,0.6911904761904762
20,0.0005895083255711056,0.0006024580257279532,0.713,0.710047619047619
21,0.0005902187904668233,0.0006023185167993818,0.7130793650793651,0.7101904761904761
22,0.0005897925122389717,0.0006024580257279532,0.713031746031746,0.710047619047619
23,0.0005908414139634087,0.0006023185167993818,0.7130873015873016,0.7101904761904761
