,loss/train,loss/valid,acc/train,acc/valid
0,0.0005679601733646696,0.0005763784590221587,0.7312936507936508,0.7308571428571429
1,0.0005564549617351048,0.0005658611002422514,0.7293095238095239,0.729
2,0.0005494138428143092,0.0005590823463031224,0.7405238095238095,0.7392380952380952
3,0.0005916803748834701,0.0006033827690851121,0.7110555555555556,0.709047619047619
4,0.0006218780875205994,0.000631282891545977,0.6774603174603174,0.6776190476190476
5,0.0005796822352068765,0.00058806787502198,0.7244761904761905,0.7241428571428571
6,0.0006326804700351896,0.0006394001898311434,0.6677301587301587,0.6708095238095239
7,0.0005759762459331089,0.0005864314891043164,0.7282380952380952,0.7253333333333334
8,0.0005783390998840332,0.0005885716250964573,0.7246904761904762,0.7235714285714285
9,0.0005860900415314568,0.0005969598775818234,0.7178015873015873,0.7154285714285714
10,0.0005812589256536393,0.000590933689049312,0.722484126984127,0.7214761904761905
11,0.0006311625355765933,0.0006380124688148499,0.6721904761904762,0.6737619047619048
12,0.0005809475088876391,0.0005903644476618086,0.7223730158730158,0.7214761904761905
13,0.000588729947332352,0.0005998127801077706,0.7152380952380952,0.7125714285714285
14,0.0005887655682033962,0.0005996981121244885,0.7153730158730158,0.7126666666666667
15,0.000588245887131918,0.0005996703647431873,0.7152460317460317,0.7127142857142857
16,0.0005871425824505942,0.0005978632086799258,0.7167063492063492,0.7145238095238096
17,0.0005872936825903635,0.0005974401746477399,0.7168888888888889,0.7149047619047619
