,loss/train,loss/valid,acc/train,acc/valid
0,0.0005574381081830887,0.0005665012087140765,0.7397777777777778,0.7384761904761905
1,0.0005845875451489101,0.000593238665944054,0.7313015873015873,0.7310476190476191
2,0.0005797157055801816,0.0005875352280480522,0.6909206349206349,0.6946666666666667
3,0.0005816934804121653,0.0005899421345619928,0.6901904761904762,0.693047619047619
4,0.0005578506820731692,0.0005671446493693761,0.737984126984127,0.7355714285714285
5,0.0005520630445745256,0.0005611019276437305,0.7354206349206349,0.7363333333333333
6,0.0005622021134883638,0.0005717524204935347,0.7335238095238096,0.7327619047619047
7,0.0005500322410038539,0.0005587508593286786,0.7430396825396826,0.7425714285714285
8,0.0005581600897841983,0.0005663374974614098,0.736031746031746,0.7398095238095238
9,0.0005479790331825378,0.0005567048561005365,0.7414920634920635,0.7405714285714285
10,0.0006148225542098757,0.0006227262956755502,0.5958253968253968,0.5997142857142858
11,0.0005630758475689661,0.0005721611323810759,0.7221507936507936,0.7206666666666667
12,0.0005522031769866035,0.0005603461861610413,0.7363650793650793,0.7386190476190476
13,0.000562357944628549,0.0005715015019689287,0.7439285714285714,0.7438571428571429
14,0.0005743072865501283,0.0005837995551881336,0.7201349206349207,0.7186190476190476
15,0.0005507446934306432,0.0005585223578271412,0.7433174603174603,0.7428095238095238
16,0.0005535347778645773,0.0005618580750056675,0.7436825396825397,0.7430952380952381
17,0.0005493021560093713,0.0005579111434164502,0.7445238095238095,0.7434761904761905
18,0.000556625625443837,0.0005651477291470482,0.7402460317460318,0.7391428571428571
19,0.0005667308720331344,0.0005753188360305059,0.7335396825396825,0.7333333333333333
20,0.0005505063964260949,0.0005589221460478647,0.742452380952381,0.742904761904762
21,0.0005571685986859458,0.0005657479649498349,0.7262936507936508,0.7263333333333334
22,0.0005479343883574955,0.0005570546218327114,0.7460555555555556,0.7450952380952381
23,0.0005542376273208194,0.0005626615087191264,0.7449761904761905,0.7423333333333333
24,0.0005557234963727376,0.0005644229082834152,0.7460952380952381,0.7428571428571429
