#parameters,chi2
-0.05024906352366017,0.012092301510461279,47.63630079381599
-0.005273848438096251,0.008803307716954213,3.1809786432330966e-05,4.443982277797058
-0.006296773856345868,0.008895012109393,3.005961606886246e-05,8.710313055326393e-09,4.884150354383242
