,loss/train,loss/valid,acc/train,acc/valid
0,0.0005841214964314112,0.0005948723980358668,0.715515873015873,0.7152380952380952
1,0.0005754402109554835,0.0005852022199403672,0.7196507936507937,0.7185714285714285
2,0.0005522162464876024,0.0005619074957711356,0.7491111111111111,0.7521904761904762
3,0.0005699009270895095,0.0005793020611717587,0.7198571428571429,0.7189047619047619
4,0.0005486483214393494,0.0005579413260732378,0.7500238095238095,0.7525238095238095
5,0.0005562701466537657,0.0005661077045259022,0.7391428571428571,0.7353333333333333
6,0.0005440482776316386,0.000553874481291998,0.7602619047619048,0.7615238095238095
7,0.0005424767529207563,0.0005520606097720918,0.7623730158730159,0.7628095238095238
8,0.0005396112127909584,0.0005490353050686065,0.7652301587301588,0.7648571428571429
9,0.0005565599146343413,0.0005664114441190447,0.7450555555555556,0.7465714285714286
10,0.0005371319467113131,0.0005465180419740223,0.7620238095238095,0.7607619047619048
11,0.0005446726760220906,0.0005553566160656157,0.7520793650793651,0.7501428571428571
12,0.0005536615976265498,0.0005632572599819729,0.7553809523809524,0.7530476190476191
13,0.0005517069754146395,0.0005628829229445684,0.7485238095238095,0.7475238095238095
14,0.0005659750430356889,0.0005768024325370788,0.7197063492063492,0.715952380952381
15,0.0005407599522953942,0.0005512559953190032,0.7587777777777778,0.7575238095238095
16,0.0005387870177390084,0.0005487785907018752,0.7622380952380953,0.7602380952380953
17,0.0005348170650383783,0.0005458375868343171,0.7637380952380952,0.7615714285714286
18,0.0005476509909781199,0.0005584015221822829,0.7541269841269841,0.7503809523809524
19,0.0005386311023954361,0.0005500265076046898,0.7599126984126984,0.7589523809523809
20,0.0005386651612463452,0.0005494025207701184,0.7675873015873016,0.7639047619047619
21,0.0005377255077399904,0.0005481594573883784,0.7681587301587302,0.7670476190476191
22,0.0005429247915744781,0.0005532622848238264,0.7531904761904762,0.7510476190476191
23,0.0005372875337562864,0.0005475939228421166,0.7614206349206349,0.7584285714285715
24,0.0005419892318665035,0.0005527743214652652,0.7540873015873016,0.7513333333333333
25,0.0005410161169748458,0.0005510209316299075,0.7586904761904761,0.7552857142857143
