,loss/train,loss/valid,acc/train,acc/valid
0,0.0005851429748156714,0.000593983694201424,0.7124444444444444,0.7133809523809523
1,0.0006011773352585141,0.0006150288780530294,0.6991944444444445,0.6963095238095238
2,0.0006770906800788547,0.000690454295703343,0.6219603174603174,0.6206904761904762
3,0.0006135127473445165,0.0006289464746202741,0.687234126984127,0.6841666666666667
4,0.0005923201810745966,0.0006057189419156029,0.7087619047619048,0.7065238095238096
5,0.0006078437271099242,0.0006196243365605672,0.6934206349206349,0.6922380952380952
6,0.0006454689427027627,0.0006664737023058391,0.6548730158730158,0.6471428571428571
7,0.000591978809899754,0.0006053234721933093,0.7093809523809523,0.7069285714285715
8,0.0005918026665846506,0.000605233093102773,0.7094444444444444,0.7070238095238095
9,0.0005926403734419081,0.0006056956989424569,0.7088174603174603,0.7065476190476191
10,0.0005924866570839806,0.0006056956989424569,0.7088214285714286,0.7065476190476191
11,0.0005924272362201933,0.0006057422019186474,0.7088055555555556,0.7065
12,0.0005925808191772491,0.0006057422019186474,0.7088015873015873,0.7065
13,0.0005925834677995198,0.0006057422019186474,0.7087976190476191,0.7065
14,0.0005925512406088057,0.0006057654534067427,0.7087936507936508,0.7064761904761905
15,0.0005927682585186428,0.0006057189504305522,0.7088015873015873,0.7065238095238096
