#parameters,chi2
-0.043368650173142606,0.011831016395214392,34.128859620587136
0.001439036209024712,0.008482377497434891,3.405178803476662e-05,3.1482751173474828
-0.006657397820502064,0.009218320706978178,1.948609597854094e-05,7.6313715432079e-08,3.261141886529331
