,loss/train,loss/valid,acc/train,acc/valid
0,0.0007892416852807242,0.0008005602615220206,0.5108412698412699,0.5126666666666667
1,0.0007970488378925929,0.0008095985707782564,0.5028571428571429,0.5037142857142857
2,0.0007980444781363956,0.0008124421352431887,0.5022380952380953,0.5005714285714286
3,0.000777199059251755,0.0007820026789392743,0.5236507936507937,0.5309047619047619
4,0.0007701903728265611,0.0007836896663620358,0.5300317460317461,0.5296666666666666
5,0.0008012304670280881,0.000809421005703154,0.4991031746031746,0.5048095238095238
6,0.0008025690250926548,0.0008095853158405848,0.49805555555555553,0.5046666666666667
7,0.0007870300918344467,0.0007946637386367435,0.5139523809523809,0.5196190476190476
8,0.0007644741104708778,0.0007740681653931027,0.5362142857142858,0.5396666666666666
9,0.0007500348341843439,0.0007557200874601091,0.550531746031746,0.5578095238095238
10,0.000734658610253107,0.0007435157213892255,0.5673888888888889,0.569952380952381
11,0.000803071293565962,0.0008159775478499276,0.4972063492063492,0.4976190476190476
12,0.0007780501255913386,0.0007921711745716277,0.5224920634920635,0.5214285714285715
13,0.0007986777344393352,0.0008131103884606134,0.5018730158730159,0.5005238095238095
14,0.0007734112488845038,0.000786561233656747,0.5266349206349207,0.526952380952381
15,0.0007828100153378078,0.0007960954961322603,0.5174444444444445,0.5177619047619048
16,0.0007559368563076806,0.0007725626428922018,0.5448015873015873,0.5402380952380952
17,0.0007592952185206943,0.0007708064005488441,0.5418730158730158,0.5418095238095239
18,0.0007958897219763862,0.0008075192655835833,0.5040793650793651,0.5051904761904762
19,0.0007594016974880581,0.0007776781320571899,0.5417619047619048,0.5344285714285715
20,0.0007399185990530347,0.0007535712236449831,0.5616825396825397,0.5592857142857143
21,0.0007601111394072335,0.0007756873567899068,0.5398968253968254,0.5383809523809524
22,0.0007675371345073458,0.0007800122499465942,0.5327619047619048,0.5332380952380953
23,0.0007475551787822966,0.0007576210385277157,0.554031746031746,0.5560952380952381
24,0.0008013621261195531,0.0008092800691014245,0.49912698412698414,0.505
25,0.0008016700981155274,0.0008096055899347578,0.4986507936507937,0.5046666666666667
