,loss/train,loss/valid,acc/train,acc/valid
0,0.0006336287808796716,0.0006429498337564015,0.6488888888888888,0.6526190476190477
1,0.0006329163383869897,0.0006432542488688514,0.6538730158730158,0.6521428571428571
2,0.0006348435126599812,0.0006459847262927464,0.6621269841269841,0.6577142857142857
3,0.0006223156840082199,0.0006321647734869095,0.6676269841269842,0.6676666666666666
4,0.0006300102420269497,0.0006408795061565581,0.6598968253968254,0.656952380952381
5,0.0006257633987873319,0.0006353624519847688,0.6685873015873016,0.6723809523809524
6,0.0006211859787267352,0.0006313671441305251,0.6706507936507936,0.6692857142857143
7,0.0006180666429655892,0.0006275287894975571,0.6688968253968254,0.6691904761904762
8,0.0006238488862438808,0.0006339318922587803,0.6679444444444445,0.6678571428571428
9,0.0006218441814657242,0.0006323842576571873,0.6676746031746031,0.6668095238095239
10,0.000622861643632253,0.0006320205387615023,0.6698809523809524,0.6712380952380952
11,0.0006249568396144443,0.0006354864353225345,0.6671825396825397,0.6671904761904762
12,0.0006212831063876076,0.0006311325260571071,0.6735873015873016,0.672047619047619
13,0.0006204245241861495,0.0006305726908502125,0.6735634920634921,0.6713809523809524
14,0.0006191441478237273,0.0006290637197948637,0.6747777777777778,0.674047619047619
15,0.0006183061978173634,0.0006280863057999384,0.6742063492063493,0.6713809523809524
16,0.0006194567160000877,0.0006298863802637372,0.6762222222222222,0.6741428571428572
17,0.000619348383612103,0.0006292589619046166,0.675515873015873,0.6750952380952381
18,0.0006191897732870919,0.0006290759217171442,0.6759206349206349,0.6762857142857143
19,0.0006195779466439807,0.000630102330730075,0.6772380952380952,0.6752857142857143
20,0.0006196342025484358,0.0006297123091561454,0.6777936507936508,0.6777619047619048
21,0.0006183895435598162,0.0006285961554163978,0.6791825396825397,0.6770952380952381
22,0.0006177635046224746,0.0006282894128844851,0.6791984126984127,0.677047619047619
