,loss/train,loss/valid,acc/train,acc/valid
0,0.0006447953515582614,0.0006501069778487796,0.6496746031746031,0.6561904761904762
1,0.0007084705635668739,0.0007256458827427456,0.5906428571428571,0.5852380952380952
2,0.000732710824126289,0.0007430315244765508,0.5664444444444444,0.5703333333333334
3,0.0007991589553772457,0.0008166382568223136,0.5017063492063492,0.4956190476190476
4,0.0007424275581798856,0.0007572458954084487,0.5588412698412698,0.5550952380952381
5,0.000704223166382502,0.000716150647117978,0.5966984126984127,0.5961904761904762
6,0.0006975449333115229,0.0007107115529832386,0.6035158730158731,0.6017619047619047
7,0.0006717281128679003,0.000680817981561025,0.6305714285714286,0.6328571428571429
8,0.000659234181756065,0.0006682416229020981,0.6421904761904762,0.6451904761904762
9,0.0007124476555794004,0.0007191804902894157,0.5893650793650793,0.5939047619047619
10,0.0006777191814922152,0.000687335022858211,0.6241111111111111,0.6261428571428571
11,0.000724723507014532,0.000732973867938632,0.5772063492063492,0.5814761904761905
12,0.0006806624394560617,0.0006884089679945083,0.6213095238095238,0.6243809523809524
13,0.0007141711309788719,0.0007276797748747326,0.5875555555555556,0.5848571428571429
14,0.0007532321782339187,0.0007689291522616432,0.5483888888888889,0.5435714285714286
15,0.0007056766833577837,0.0007160592590059553,0.5966904761904762,0.5968571428571429
