,loss/train,loss/valid,acc/train,acc/valid
0,0.0007363913385641007,0.0007447394757043748,0.5650079365079365,0.5679047619047619
1,0.0007444119987979768,0.0007601985165051052,0.5565,0.5526666666666666
2,0.0007413526106448401,0.0007504285006296067,0.5590238095238095,0.5639047619047619
3,0.0007938772998158894,0.0008022027554966155,0.5068809523809524,0.5119523809523809
4,0.0007694900177773976,0.000787964954262688,0.5307539682539683,0.5242857142857142
5,0.0007916044990221659,0.000800900053410303,0.5094126984126984,0.5132380952380953
6,0.0006787032560696678,0.0006849542629151118,0.6241269841269841,0.6284285714285714
7,0.0006944420219413817,0.0006995367123967125,0.6078571428571429,0.6140952380952381
8,0.000796668658653895,0.0008153712039902097,0.5032777777777778,0.4970952380952381
9,0.0007412325035011958,0.0007540639099620637,0.5595396825396826,0.5582380952380952
10,0.0007299898649965014,0.0007450197367441086,0.5711904761904761,0.5680952380952381
11,0.0007104175956476303,0.0007261820832888285,0.5912619047619048,0.5868571428571429
12,0.0007231747162720514,0.000731897146928878,0.5781984126984127,0.582047619047619
13,0.0007707847096617259,0.000779895441872733,0.5292936507936508,0.5346190476190477
14,0.0007486060696934897,0.0007578145549410866,0.5526349206349206,0.5565238095238095
15,0.0006984654078407894,0.000710997998714447,0.6035,0.6021904761904762
16,0.0007030062604518164,0.0007166031740960621,0.5985079365079365,0.597
17,0.0007088803658409724,0.000718961979661669,0.592484126984127,0.5946190476190476
18,0.0007186943524413638,0.0007283419484183902,0.5821111111111111,0.5849047619047619
19,0.0006808792679082779,0.0006953261948767162,0.6208650793650794,0.6180476190476191
20,0.0007410873983587537,0.0007441503802935283,0.5608333333333333,0.57
21,0.0006969563010193053,0.0007058611086436681,0.6055158730158731,0.6082857142857143
