,loss/train,loss/valid,acc/train,acc/valid
0,0.0007329318882927062,0.0007543246320315769,0.567063492063492,0.558047619047619
1,0.0006844695792311714,0.0006929060476166862,0.6172698412698413,0.6201428571428571
2,0.0006725169916947683,0.0006836533432915097,0.6287222222222222,0.6288571428571429
3,0.0007799623830923958,0.000795319120089213,0.5208333333333334,0.5168571428571429
4,0.0007783501427324991,0.0007915644390242441,0.5231507936507936,0.5207619047619048
5,0.0007116080484693012,0.0007269091804822286,0.5891587301587301,0.5856190476190476
6,0.0007069661319255829,0.0007180399156752087,0.5949285714285715,0.5944761904761905
7,0.0006773462096850077,0.0006843170807475135,0.6251825396825397,0.6288095238095238
8,0.0006864819252301776,0.0006937480909483773,0.6158650793650794,0.6197619047619047
9,0.0006830615633063846,0.000691076724302201,0.6186111111111111,0.6226190476190476
10,0.0006828301075905088,0.0006932215321631659,0.6200873015873016,0.6204761904761905
11,0.0006881748073630863,0.0007023601900963556,0.6131587301587301,0.6108095238095238
12,0.000730670631404907,0.0007450912708327884,0.5717698412698413,0.5676190476190476
13,0.0007272670699490441,0.0007337269669487363,0.5743015873015873,0.5795714285714286
14,0.0007793750748747872,0.0007983270230747404,0.5211428571428571,0.5144285714285715
15,0.0006975309569684286,0.0007102731579825992,0.6037380952380952,0.6024285714285714
16,0.0007046617387779175,0.0007167167663574219,0.5968412698412698,0.5966190476190476
17,0.0007173974192331708,0.0007325203447114853,0.5842936507936508,0.5804761904761905
18,0.0007033226967804015,0.000712210632505871,0.5991587301587301,0.6005714285714285
19,0.0007473214836347671,0.0007561605572700501,0.553936507936508,0.5578571428571428
20,0.0007705723723721883,0.0007789768888836815,0.5300079365079365,0.5350952380952381
21,0.0007107210111996484,0.0007186706293196906,0.5907857142857142,0.5949047619047619
22,0.0007003630570002965,0.0007132128675778707,0.6005952380952381,0.600047619047619
