,loss/train,loss/valid,acc/train,acc/valid
0,0.000623352895653437,0.0006320941419828505,0.6511190476190476,0.654
1,0.0006179201654971592,0.0006260383185886201,0.655547619047619,0.6587619047619048
2,0.0006662223797941965,0.0006743256023951939,0.5966190476190476,0.5973333333333334
3,0.000693511996950422,0.0006991224033491952,0.6073968253968254,0.6121904761904762
4,0.000782069929062374,0.0007982386549313863,0.5186825396825396,0.5148571428571429
5,0.0007054127913618844,0.0007127143712270827,0.5953095238095238,0.6008095238095238
6,0.000713634113943766,0.0007225025012379601,0.5861666666666666,0.5909047619047619
7,0.0007067764363591633,0.0007118808286530631,0.5943730158730158,0.6010952380952381
8,0.0007468388137363252,0.0007538445279711769,0.5537380952380953,0.5603333333333333
9,0.0006607691082689498,0.0006682718027205694,0.6422460317460318,0.6446666666666667
10,0.0006782991219134558,0.0006856404940287272,0.6242301587301587,0.6269523809523809
11,0.0006878199662481036,0.0007004153217588153,0.6140396825396826,0.6133333333333333
12,0.000713595562984073,0.0007252412324859983,0.5887619047619047,0.5869047619047619
13,0.0007793530982638162,0.0007967420844804673,0.5208333333333334,0.5158095238095238
14,0.0007817670045390961,0.0007990875527972267,0.518547619047619,0.5134761904761905
15,0.0007750290599134233,0.0007917444564047314,0.5255873015873016,0.5209047619047619
16,0.0007776732265003144,0.0007925874420574733,0.5235238095238095,0.5196666666666667
