,loss/train,loss/valid,acc/train,acc/valid
0,0.0006290985681707897,0.0006391738795098804,0.6574523809523809,0.6615238095238095
1,0.0006337058307632567,0.0006412248838515509,0.6253095238095238,0.6313809523809524
2,0.0006638513912284185,0.0006747377060708546,0.5523968253968254,0.5547142857142857
3,0.0006198034461528536,0.0006300037162644522,0.661420634920635,0.661047619047619
4,0.0006239918877208044,0.0006340989697547186,0.6568095238095238,0.6601904761904762
5,0.0006140885490273672,0.0006240221971557253,0.6696190476190477,0.6715238095238095
6,0.0006042940763254014,0.0006147244601022629,0.6806269841269841,0.6775714285714286
7,0.0006087578785797907,0.0006194617946942647,0.6835634920634921,0.6811428571428572
8,0.0006150370798413716,0.0006258709941591535,0.6481111111111111,0.6503809523809524
9,0.0006044608226844243,0.0006161123485792251,0.6790238095238095,0.678952380952381
10,0.0006041977221057529,0.0006127589089529855,0.6726428571428571,0.6765714285714286
11,0.0006371178182344588,0.0006460687007222857,0.6560396825396826,0.6555238095238095
12,0.0006803723086440374,0.0006877952132906233,0.6162222222222222,0.619904761904762
13,0.0006307261420620812,0.0006392086602392651,0.6654920634920635,0.6671428571428571
14,0.0006467563566707429,0.0006612250691368466,0.6479365079365079,0.6447142857142857
15,0.000633622666200002,0.0006436232158115932,0.6649206349206349,0.665
16,0.0006278703846628703,0.0006388074698902311,0.6702142857142858,0.6703809523809524
17,0.000645650893922836,0.0006578778340702965,0.6533492063492063,0.6524285714285715
18,0.0006462077749153925,0.0006534367941674732,0.6548809523809523,0.6579047619047619
19,0.0006543027507880377,0.00066740464028858,0.6467063492063492,0.6448571428571429
20,0.0006475520871934437,0.0006571197509765625,0.6538253968253969,0.6547619047619048
21,0.0006823359344686781,0.0006907340174629574,0.6183333333333333,0.6212380952380953
22,0.000653573448222781,0.0006614885926246643,0.6493571428571429,0.6507619047619048
23,0.0006596948920734345,0.000668386595589774,0.6423253968253968,0.6441428571428571
24,0.0006480177640914917,0.0006555720141955784,0.6545079365079365,0.6571904761904762
25,0.0006393142848733871,0.0006491761746860686,0.6633253968253968,0.6635238095238095
