,loss/train,loss/valid,acc/train,acc/valid
0,0.00043314992056952585,0.00044043331061090744,0.8721111111111111,0.8715238095238095
1,0.00042653470734755196,0.00043456977463903883,0.877015873015873,0.8760476190476191
2,0.0004279717408002369,0.0004348087367557344,0.8782380952380953,0.8776666666666667
3,0.0004304215962451602,0.000438287805943262,0.875,0.8745714285714286
4,0.0004874295634882791,0.000497528171255475,0.8134365079365079,0.8106666666666666
5,0.0004315372248963704,0.00043889498426800684,0.8743730158730159,0.874
6,0.00044765605079749273,0.00045434579111280893,0.8579444444444444,0.8571904761904762
7,0.0004481900431334026,0.0004541793650104886,0.8553015873015873,0.8577142857142858
8,0.00044216128970895496,0.00045048606395721436,0.8609285714285714,0.8601904761904762
9,0.0004265785567344181,0.00043396128926958356,0.8786825396825397,0.8784285714285714
10,0.0004292648368411594,0.0004358054186616625,0.8769444444444444,0.8772857142857143
11,0.0005021971090445442,0.0005109287699063619,0.8012380952380952,0.7997619047619048
12,0.0005221843066669646,0.0005312720210779281,0.780984126984127,0.7792380952380953
13,0.0004274482528368632,0.0004352896497363136,0.8781269841269841,0.8777142857142857
14,0.0004610786435623018,0.00046905377932957243,0.8423015873015873,0.8419047619047619
15,0.0004298026199851717,0.0004355865064121428,0.8763571428571428,0.8771904761904762
16,0.0004318804256026707,0.00043945424613498504,0.8740634920634921,0.8739047619047619
17,0.0004321847903350043,0.00043969533556983585,0.8739285714285714,0.8736666666666667
18,0.0004321934578437654,0.00043992975921857926,0.8737698412698413,0.8734761904761905
19,0.00043022105736391884,0.00043773736698286874,0.875531746031746,0.8754761904761905
20,0.0004293272105001268,0.0004365597480819339,0.8767698412698413,0.8767619047619047
21,0.0004302103062943807,0.0004387496411800385,0.8759603174603174,0.8741428571428571
22,0.00045279908558679003,0.0004587757190068563,0.8524761904761905,0.8533333333333334
23,0.0004674183066402163,0.00047519147679919287,0.837579365079365,0.8362857142857143
24,0.0004351059193648989,0.0004423898302373432,0.8706269841269841,0.8701428571428571
