,loss/train,loss/valid,acc/train,acc/valid
0,0.00043223484830250814,0.0004401163501398904,0.8737222222222222,0.8732857142857143
1,0.0004410876903742079,0.00044957653539521355,0.8641904761904762,0.8635238095238095
2,0.00043223666624417383,0.00043996937218166533,0.8737222222222222,0.8734285714285714
3,0.0004326740221844779,0.0004400658735207149,0.8737460317460317,0.8733333333333333
4,0.0004334451790366854,0.00044004997327214194,0.8736031746031746,0.8733809523809524
5,0.0004474258271474687,0.00045689424872398374,0.8583412698412698,0.8562857142857143
6,0.000432964235071152,0.0004399768497262682,0.8737857142857143,0.8734285714285714
7,0.00043234060302613274,0.00044000238463992163,0.8737777777777778,0.8733809523809524
8,0.00043283944446889183,0.00043994475546337307,0.8737539682539682,0.8734761904761905
9,0.0004320540184539462,0.0004399303382351285,0.8737539682539682,0.8734761904761905
10,0.00043334121056019315,0.0004401164778641292,0.8737222222222222,0.8732857142857143
11,0.0005068128849305804,0.0005154245041665577,0.7986111111111112,0.798047619047619
12,0.00043170186806292763,0.00043987943019185746,0.8737857142857143,0.8735238095238095
13,0.0004331657716206142,0.0004399379775637672,0.8735793650793651,0.8734761904761905
14,0.0006240460825344873,0.0006300656625202724,0.6793492063492064,0.6833333333333333
15,0.00043381261730950977,0.00044034968387512936,0.8733968253968254,0.8730476190476191
16,0.000432626735123377,0.0004401163501398904,0.8736428571428572,0.8732857142857143
17,0.00043267983481997535,0.00044006984716369994,0.8737539682539682,0.8733333333333333
18,0.0004326875860255862,0.0004401163501398904,0.8737460317460317,0.8732857142857143
19,0.0004325299925274319,0.0004401163501398904,0.8737460317460317,0.8732857142857143
