,loss/train,loss/valid,acc/train,acc/valid
0,0.000493470381590582,0.0005027229860424995,0.8225535714285714,0.8212857142857143
1,0.0005422366130210104,0.0005511408490794045,0.7550059523809524,0.7582142857142857
2,0.0007153727515112786,0.0007303840539285114,0.5266964285714286,0.5236071428571428
3,0.0006130862214735576,0.0006204047543661935,0.6868392857142858,0.6906785714285715
4,0.0006266244791802906,0.0006391929622207369,0.6750654761904762,0.6745357142857142
5,0.0005725944797907557,0.0005837939700910023,0.7290119047619048,0.72875
6,0.0005637424102141744,0.0005739885504756655,0.7388035714285714,0.7393571428571428
7,0.0005436497706742514,0.0005532476348536355,0.7594940476190476,0.7603928571428571
8,0.0005494458093529656,0.0005590886899403164,0.753375,0.7543214285714286
9,0.000586396655866078,0.0005974354233060564,0.7158333333333333,0.7160357142857143
10,0.0005641376738037382,0.0005709420506443296,0.7389702380952381,0.7426785714285714
11,0.0005970596979771341,0.000610274116907801,0.7052083333333333,0.7038214285714286
12,0.0005473152008794602,0.0005566853114536831,0.7557559523809524,0.7567142857142857
13,0.0005689885311183475,0.0005753277242183685,0.7337142857142858,0.7381428571428571
14,0.0006178505136853172,0.0006290815046855381,0.6842321428571428,0.68475
15,0.0005501389120306288,0.0005601517600672585,0.7528511904761904,0.7535357142857143
