,loss/train,loss/valid,acc/train,acc/valid
0,0.0006906784169730686,0.0007038970057453428,0.5007916666666666,0.5007857142857143
1,0.0006908412451545398,0.0007039523678166526,0.5016666666666667,0.5015
2,0.0006906853520444461,0.0007040453340326037,0.5020357142857143,0.5027142857142857
3,0.0006907353142187708,0.000703829722745078,0.5024345238095238,0.5033214285714286
4,0.0006912766201865105,0.0007043766954115459,0.5020119047619047,0.5031071428571429
5,0.0006916821045534951,0.0007046965722526823,0.5015952380952381,0.5031785714285715
6,0.0006926058992033913,0.0007057847742523466,0.5011845238095238,0.5026785714285714
7,0.0006928599146859987,0.0007059301499809538,0.5010892857142857,0.5026785714285714
8,0.0006906110523712067,0.0007036959550210408,0.502547619047619,0.5041428571428571
9,0.0006916390586467016,0.0007046348452568054,0.5013095238095238,0.5035
10,0.0006922130680509976,0.0007051046639680863,0.5011190476190476,0.5029285714285714
11,0.0006910612327711923,0.0007039835304021836,0.501797619047619,0.50375
12,0.0006924926698917435,0.0007052339741161892,0.5009166666666667,0.5024642857142857
13,0.0006922010995802425,0.0007052221574953624,0.5006488095238095,0.5022857142857143
14,0.0006920029808368002,0.0007047678466354098,0.501172619047619,0.5034285714285714
15,0.0006921561246826535,0.0007049234913928168,0.5008452380952381,0.5023928571428572
16,0.000693143462850934,0.0007061161973646708,0.5002440476190476,0.5022142857142857
17,0.0006922606722939582,0.0007051949564899717,0.5005059523809524,0.5019642857142858
18,0.0006930773446247691,0.0007056275627442769,0.5001666666666666,0.5021071428571429
19,0.0006928579395725613,0.0007055540766034808,0.5003214285714286,0.5021785714285715
20,0.000692548036930107,0.0007053855040243693,0.5001488095238096,0.5020357142857143
21,0.0006922814303210803,0.0007048918647425516,0.5000833333333333,0.502
22,0.0006929902558525403,0.0007058737533433097,0.49983333333333335,0.5015714285714286
23,0.0006927945699010576,0.0007056750186852047,0.4998035714285714,0.5015714285714286
