,loss/train,loss/valid,acc/train,acc/valid
0,0.000685264721867584,0.0006979523961033139,0.4563392857142857,0.45425
1,0.0006844941398927144,0.0006971841837678637,0.4618988095238095,0.45821428571428574
2,0.0006828588304065523,0.0006954198032617569,0.4761666666666667,0.47614285714285715
3,0.000680760604639848,0.0006933288276195526,0.5013035714285714,0.49942857142857144
4,0.0006796424654977663,0.0006920790416853769,0.5159761904761905,0.5149642857142858
5,0.0006792053363862492,0.0006916128695011139,0.5176607142857143,0.5170357142857143
6,0.0006783734442932265,0.000690772573862757,0.5193869047619047,0.5188571428571429
7,0.0006781398934267816,0.0006904346879039492,0.5218690476190476,0.5207142857142857
8,0.0006778274433953421,0.0006902113492999758,0.5206904761904761,0.5196785714285714
9,0.0006781969453607287,0.0006905124208756855,0.5079107142857143,0.51
10,0.0006784420162439346,0.0006907135844230652,0.502297619047619,0.5039642857142858
11,0.0006776566753784816,0.0006898665066276278,0.5006547619047619,0.5025357142857143
12,0.0006773397613848959,0.0006896395278828485,0.4997559523809524,0.5017857142857143
13,0.0006775938857878957,0.0006896230833871024,0.49931547619047617,0.5013928571428572
14,0.0006772602133098103,0.0006894064673355647,0.4990476190476191,0.5009642857142858
15,0.0006783036124848184,0.0006902251222303936,0.49885714285714283,0.5008214285714285
16,0.0006782359239600954,0.0006901715270110539,0.4987797619047619,0.5006428571428572
17,0.0006778399653377987,0.0006898749406848635,0.4987857142857143,0.5006785714285714
18,0.0006787375289769399,0.0006908340475388936,0.49873214285714285,0.5005357142857143
19,0.0006791300237888382,0.0006911484854561942,0.4987202380952381,0.5005357142857143
20,0.0006796569270747048,0.0006916317961045674,0.4987202380952381,0.5005357142857143
21,0.0006805060999024482,0.0006923815224851881,0.4987202380952381,0.5005
22,0.0006805726786454518,0.0006928180307149887,0.4987202380952381,0.5005
23,0.000681361337857587,0.0006932825509990964,0.4987202380952381,0.5005
24,0.0006806603787200792,0.000692587000983102,0.4987202380952381,0.5005
25,0.0006808698620824587,0.0006927100100687572,0.4987202380952381,0.5005
26,0.0006825582349584216,0.0006946762864078794,0.4987202380952381,0.5005
27,0.000682895363796325,0.0006949035993644169,0.4987202380952381,0.5005
28,0.0006838720320236115,0.0006958603752510889,0.4987202380952381,0.5005
29,0.0006835605129599571,0.0006952498874494007,0.4987202380952381,0.5005
