,loss/train,loss/valid,acc/train,acc/valid
0,0.0005532392641854664,0.000565588965302422,0.7326031746031746,0.735
1,0.0005502002541981047,0.0005628958770206997,0.7317936507936508,0.7327380952380952
2,0.0005532719166505904,0.0005660556086472103,0.7302579365079365,0.7312142857142857
3,0.0005484839583200122,0.000560777214311418,0.7395873015873016,0.7393333333333333
4,0.0005675519801794537,0.0005816237018221901,0.7139880952380953,0.7146428571428571
5,0.0005529931192360227,0.0005646731810910361,0.7332936507936508,0.7343333333333333
6,0.0005454631762372123,0.0005582477762585595,0.7441666666666666,0.7430952380952381
7,0.0005330028186241786,0.0005454603618099576,0.7542698412698413,0.7522380952380953
8,0.0005273088162380551,0.0005398077638376327,0.7608333333333334,0.7591666666666667
9,0.0005467068108301314,0.000558299815370923,0.7314404761904761,0.7304047619047619
10,0.0005761497805988978,0.0005897137834912255,0.6896190476190476,0.690047619047619
11,0.0005821943765594846,0.0005962794054122199,0.7175873015873016,0.7184285714285714
12,0.0005701628105034904,0.0005832368192218598,0.7297539682539682,0.7307857142857143
13,0.0005670871722792822,0.0005784058499903906,0.7336825396825397,0.736452380952381
14,0.0005879078119520157,0.0006015886238643102,0.7126587301587302,0.7142380952380952
15,0.0005673010505381085,0.0005801865075315748,0.7336031746031746,0.7333333333333333
16,0.0005723621308330505,0.0005850477530842735,0.7284603174603175,0.7297380952380952
17,0.0005768314552685571,0.0005875914579346066,0.723984126984127,0.7261666666666666
18,0.00059302552280918,0.0006069997066543215,0.7081428571428572,0.7063809523809523
19,0.0005949977766426782,0.000609230868873142,0.7060079365079365,0.7057142857142857
20,0.000580700951909262,0.0005896455971967607,0.7207103174603174,0.7228095238095238
21,0.0005810472917935205,0.0005942083512033735,0.7202738095238095,0.7197380952380953
22,0.0005938132717495872,0.0006033816734949748,0.7068968253968254,0.7087619047619048
23,0.0005718583992076298,0.0005822164898826962,0.7298492063492064,0.7318809523809524
