,loss/train,loss/valid,acc/train,acc/valid
0,0.0006939487452544863,0.0007071860461007981,0.6030396825396825,0.601047619047619
1,0.0007437029173449865,0.000762194159485045,0.5546825396825397,0.547047619047619
2,0.0007208368466013954,0.0007365936693691072,0.5803809523809523,0.5755238095238095
3,0.0006882750581181238,0.0007023096198127384,0.6127936507936508,0.6105238095238095
4,0.0006792969618524823,0.0006909531298137846,0.6237698412698413,0.6221428571428571
5,0.0006974289781517453,0.0007122504966599601,0.6044126984126984,0.6014285714285714
6,0.0007723854311874935,0.00078104867821648,0.5286746031746031,0.5334761904761904
7,0.0007080687842671834,0.000715058772336869,0.5942142857142857,0.5990952380952381
8,0.0006802519867344508,0.0006878897207123893,0.622531746031746,0.6259047619047619
9,0.0007183134040189168,0.0007272197263581413,0.5834126984126984,0.5862380952380952
10,0.0007430295750262245,0.0007601924538612366,0.5582936507936508,0.5518095238095239
11,0.0007299766024899861,0.0007473062078158061,0.5717222222222222,0.5658571428571428
12,0.0007000238682542528,0.0007129737252280825,0.6026507936507937,0.5997619047619047
13,0.0007575777594059233,0.000765692929426829,0.5437777777777778,0.5478095238095239
14,0.0007107671220151205,0.0007244705472673689,0.5921428571428572,0.5880952380952381
15,0.0007080029140389155,0.0007232499832198734,0.5941746031746031,0.5898571428571429
16,0.0007040254152010357,0.0007187237597647167,0.5982301587301587,0.5943333333333334
17,0.0007139105096695915,0.0007256042758623759,0.5878253968253968,0.5876190476190476
18,0.0006895580954021877,0.0006975781491824559,0.6133650793650793,0.6150476190476191
19,0.0007646392219596439,0.0007725337261245364,0.5368888888888889,0.54
20,0.0007477273477448358,0.0007666079089755104,0.5528968253968254,0.5457142857142857
21,0.000729838128127749,0.0007474291494914463,0.5711746031746032,0.5659047619047619
22,0.0007033126075116415,0.0007140598070053827,0.5985,0.5986190476190476
23,0.0007567989556562333,0.0007649695930026827,0.5449206349206349,0.5477619047619048
