,loss/train,loss/valid,acc/train,acc/valid
0,0.6997278681709653,0.7018514616830008,0.5285416666666667,0.5236071428571428
1,0.700919251464662,0.7028728942871094,0.5284345238095238,0.5251785714285714
2,0.7040266096705482,0.7057145625523158,0.5254285714285715,0.5221428571428571
3,0.7103619419733683,0.7116510565621512,0.515875,0.5140714285714286
4,0.7157566316695441,0.7167670309884208,0.5092857142857142,0.5090714285714286
5,0.7201064864113217,0.7209236150469098,0.505095238095238,0.5061785714285715
6,0.7230954720406305,0.7237881655011859,0.5029404761904762,0.5043928571428572
7,0.7247563509032839,0.7253841127668108,0.5021904761904762,0.5036428571428572
8,0.7254393293289911,0.7260395714896066,0.5018571428571429,0.5031785714285715
9,0.7277809288388207,0.7282913840157645,0.5008630952380952,0.50225
10,0.7320070588248117,0.7323619897024972,0.4998392857142857,0.5016071428571428
11,0.7364778002784366,0.7366732003348214,0.49917261904761906,0.5009642857142858
12,0.7398956191199166,0.7399760306222098,0.4989821428571429,0.50075
13,0.7425481854847499,0.7425388990129743,0.4988511904761905,0.5005357142857143
14,0.7442927461351667,0.7442271020071847,0.4988095238095238,0.5005357142857143
15,0.7452327448754084,0.7451373857770648,0.4987916666666667,0.5005
16,0.7455532833281018,0.7454476950509208,0.4987857142857143,0.5005357142857143
17,0.7468471787997655,0.7466998934064593,0.4987440476190476,0.5005357142857143
18,0.7484188013303847,0.7482132088797433,0.49873214285714285,0.5005357142857143
19,0.7511652370407468,0.7508719013759068,0.4987261904761905,0.5005
20,0.7526004749479748,0.7522507378714425,0.4987261904761905,0.5005
