,loss/train,loss/valid,acc/train,acc/valid
0,0.6159174406869071,0.6150999635968889,0.6858809523809524,0.6872857142857143
1,0.6201535101845151,0.6192796194893974,0.6906904761904762,0.6918214285714286
2,0.6095978291602362,0.609285818372454,0.7007202380952381,0.7005357142857143
3,0.8119816729454767,0.8137614277430943,0.5012797619047619,0.4995
4,0.8145411949611846,0.8127614430018834,0.4987202380952381,0.5005
5,0.814541189511617,0.8127614430018834,0.4987202380952381,0.5005
6,0.8145411905561175,0.8127614430018834,0.4987202380952381,0.5005
7,0.8145411945751735,0.8127614430018834,0.4987202380952381,0.5005
8,0.814541192032042,0.8127614430018834,0.4987202380952381,0.5005
9,0.8145411938485645,0.8127614430018834,0.4987202380952381,0.5005
10,0.8144816751253037,0.8126543001447405,0.4987797619047619,0.5006071428571428
11,0.814541193144662,0.8127614430018834,0.4987202380952381,0.5005
12,0.7864817005793253,0.7867614669799805,0.526779761904762,0.5265
13,0.8145411953244891,0.8127614430018834,0.4987202380952381,0.5005
14,0.81454118733179,0.8127614430018834,0.4987202380952381,0.5005
15,0.7981066911561149,0.7964400427682059,0.515154761904762,0.5168214285714285
16,0.8091721469334193,0.8111900013514928,0.5040892857142857,0.5020714285714286
17,0.8145411923953465,0.8127614430018834,0.4987202380952381,0.5005
18,0.8145411887623015,0.8127614430018834,0.4987202380952381,0.5005
19,0.814541192032042,0.8127614430018834,0.4987202380952381,0.5005
20,0.8145411920547485,0.8127614430018834,0.4987202380952381,0.5005
21,0.8145411894434974,0.8127614430018834,0.4987202380952381,0.5005
22,0.814541185878572,0.8127614430018834,0.4987202380952381,0.5005
