,loss/train,loss/valid,acc/train,acc/valid
0,0.6964084180423191,0.6935554624285016,0.6053511904761905,0.6090357142857142
1,0.6674550529661633,0.6648465320042202,0.6379404761904762,0.6403571428571428
2,0.5932615094639007,0.5922577803475516,0.7101011904761905,0.7105714285714285
3,0.8119816689491272,0.8137614277430943,0.5012797619047619,0.4995
4,0.8119816711516608,0.8137614277430943,0.5012797619047619,0.4995
5,0.8119816671098982,0.8137614277430943,0.5012797619047619,0.4995
6,0.8119816704250518,0.8137614277430943,0.5012797619047619,0.4995
7,0.8119816722415742,0.8137614277430943,0.5012797619047619,0.4995
8,0.8119816685858227,0.8137614277430943,0.5012797619047619,0.4995
9,0.8119816631135487,0.8137614277430943,0.5012797619047619,0.4995
10,0.8119816740580967,0.8137614277430943,0.5012797619047619,0.4995
11,0.8119816667465937,0.8137614277430943,0.5012797619047619,0.4995
12,0.8119816754659017,0.8137614277430943,0.5012797619047619,0.4995
13,0.8119816722188677,0.8137614277430943,0.5012797619047619,0.4995
14,0.8119816736720857,0.8137614277430943,0.5012797619047619,0.4995
15,0.8119816689264207,0.8137614277430943,0.5012797619047619,0.4995
16,0.8119816765785217,0.8137614277430943,0.5012797619047619,0.4995
17,0.8119816714922587,0.8137614277430943,0.5012797619047619,0.4995
18,0.8119816751480102,0.8137614277430943,0.5012797619047619,0.4995
19,0.8119816714922587,0.8137614277430943,0.5012797619047619,0.4995
20,0.8119816653160822,0.8137614277430943,0.5012797619047619,0.4995
21,0.8119816707656498,0.8137614277430943,0.5012797619047619,0.4995
22,0.8119816689491272,0.8137614277430943,0.5012797619047619,0.4995
