,loss/train,loss/valid,acc/train,acc/valid
0,0.0006970639895825159,0.0007085627019405365,0.49870238095238095,0.5003928571428572
1,0.0006968315524004755,0.0007085888768945421,0.49870238095238095,0.5004642857142857
2,0.0006975532333765711,0.0007092594781092235,0.4987142857142857,0.5004285714285714
3,0.0006977026118409066,0.0007093084752559662,0.4986845238095238,0.5004642857142857
4,0.0006964966221934273,0.0007083133310079575,0.4987202380952381,0.5004285714285714
5,0.0006971196670617376,0.0007088138567549842,0.49873809523809526,0.5004285714285714
6,0.0006995106250757263,0.0007113110274076462,0.4987440476190476,0.5005357142857143
7,0.0006984398815603483,0.0007102099848645074,0.4987261904761905,0.5005
8,0.0006971917957777069,0.0007090861392872674,0.4987083333333333,0.5003928571428572
9,0.0006996333613282158,0.0007114860905068261,0.4987142857142857,0.5005714285714286
10,0.000698820649867966,0.000710528165102005,0.49873809523809526,0.5005357142857143
11,0.000699999726599171,0.000711468898824283,0.4987142857142857,0.5005714285714286
12,0.0006978340737876438,0.0007097074368170329,0.49873809523809526,0.5005357142857143
13,0.0007002112092006775,0.0007121578029223851,0.4987202380952381,0.5006071428571428
14,0.0006995835151700746,0.0007114992993218558,0.49873214285714285,0.5005357142857143
15,0.0006997626817652157,0.0007112354572330203,0.4987202380952381,0.5006071428571428
