,loss/train,loss/valid,acc/train,acc/valid
0,0.0006791175142640159,0.0006909493229218892,0.5156488095238095,0.5170714285714286
1,0.0006796948977169536,0.0006913916724068778,0.514154761904762,0.5142142857142857
2,0.0006793823866617112,0.0006910390279122762,0.5142857142857142,0.5140357142857143
3,0.0006814795228697005,0.0006931393316813878,0.5083154761904762,0.5096428571428572
4,0.0006788451501301357,0.000690646258848054,0.5146607142857142,0.51475
5,0.0006795484831645375,0.0006914185242993491,0.5117559523809524,0.5118928571428571
6,0.0006783126120766004,0.0006901004761457443,0.5155654761904762,0.5158928571428572
7,0.0006819185462026369,0.0006936346356357847,0.5064702380952381,0.5073214285714286
8,0.0006813578697897139,0.0006931675693818501,0.5077321428571429,0.5086428571428572
9,0.000680081925931431,0.0006918317484004157,0.509,0.50975
10,0.000679604457957404,0.0006912822936262403,0.5106964285714286,0.5113214285714286
11,0.0006797054289352327,0.0006915091914790017,0.5093035714285714,0.5098214285714285
12,0.0006775739835131736,0.0006893628878252846,0.5155773809523809,0.5158571428571429
13,0.0006793712029854456,0.0006911145661558424,0.510172619047619,0.5111785714285715
14,0.0006795980979998907,0.0006911964842251369,0.5088511904761904,0.5094642857142857
15,0.00068050921247119,0.0006921621624912535,0.507625,0.5086785714285714
16,0.0006802056605617206,0.0006917608976364136,0.5080595238095238,0.5091428571428571
17,0.0006792528572536651,0.0006910092404910496,0.5089940476190477,0.5097142857142857
18,0.0006799907631107739,0.0006917344161442348,0.5080059523809524,0.509
19,0.0006795401441909018,0.000691181304199355,0.5076071428571428,0.5087857142857143
20,0.0006800966188311577,0.0006917654084307807,0.5071488095238095,0.5082142857142857
21,0.0006818106387342725,0.000693642978157316,0.5033095238095238,0.5054285714285714
22,0.000679153064886729,0.0006907472078289304,0.5079821428571428,0.5085714285714286
23,0.0006807422623747871,0.0006923573208706719,0.5049940476190476,0.5071071428571429
24,0.0006791348272845859,0.000690699890255928,0.5081607142857143,0.5089285714285714
25,0.0006786176218163399,0.0006903234017746789,0.5090416666666666,0.5097142857142857
26,0.0006804738630141531,0.0006919826503310885,0.5047916666666666,0.5065357142857143
27,0.0006803113101493745,0.0006919214789356504,0.5052619047619048,0.5067142857142857
