,loss/train,loss/valid,acc/train,acc/valid
0,0.00023917322197840326,0.0002412600495985576,0.8261547619047619,0.8279642857142857
1,0.00024110231459850356,0.0002430999374815396,0.8236904761904762,0.8256785714285715
2,0.0002409356048419362,0.0002430134734937123,0.8240892857142857,0.8266071428571429
3,0.0002417945558471339,0.0002437868160860879,0.823375,0.8253571428571429
4,0.00038187714169422783,0.0003868782967329025,0.527547619047619,0.5263214285714286
5,0.00032405487589892885,0.0003278125545808247,0.6482619047619048,0.6476785714285714
6,0.00031262660132987157,0.0003165355197020939,0.6699583333333333,0.6690714285714285
7,0.0003026585312826293,0.0003060399293899536,0.6887738095238095,0.6881785714285714
8,0.0003061276518163227,0.0003096564284392766,0.6825714285714286,0.6816428571428571
9,0.0002923305282990138,0.00029615364117281776,0.7075238095238096,0.7088214285714286
10,0.0003275177262368656,0.0003315717641796385,0.641154761904762,0.64075
11,0.00024477244807141166,0.0002465231812426022,0.8177797619047619,0.8203214285714285
12,0.00024285456041495004,0.0002453849443367549,0.8210714285714286,0.8226785714285715
13,0.00039672189702590305,0.0004008804453270776,0.5091011904761905,0.5115714285714286
14,0.0002436375708452293,0.0002460786082914897,0.8199583333333333,0.8211785714285714
15,0.00024295691028237344,0.0002452978395989963,0.8210416666666667,0.8228571428571428
