,loss/train,loss/valid,acc/train,acc/valid
0,0.0006165820920751208,0.0006290632081883294,0.6847619047619048,0.6841785714285714
1,0.0005820664380277906,0.0005936654784849712,0.7206785714285714,0.7199285714285715
2,0.000574480886615458,0.0005810840342726026,0.7289166666666667,0.7320714285714286
3,0.0005440701288836342,0.0005553904984678541,0.7592857142857142,0.7584285714285715
4,0.0006957495421880767,0.0007098626111234937,0.6047142857142858,0.6041785714285715
5,0.0007018988987519628,0.0007161083625895636,0.5981309523809524,0.5970714285714286
6,0.0005714260077192669,0.0005841285607644489,0.7315714285714285,0.7296785714285714
7,0.0005663779654673167,0.0005816323075975691,0.7360952380952381,0.7323214285714286
8,0.000584727427079564,0.000595542909843581,0.7180416666666667,0.7183214285714286
9,0.0006086293845659211,0.0006201317778655461,0.6936071428571429,0.6939285714285715
10,0.0006339926375519662,0.000647460618189403,0.6675952380952381,0.6669642857142857
11,0.0006134812494828588,0.0006265742076294763,0.6886071428571429,0.6874642857142857
12,0.0007540053838775272,0.000766059764793941,0.5451369047619048,0.5468928571428572
13,0.0006875909197898138,0.0007005431460482734,0.6125297619047619,0.6134285714285714
14,0.0007883459503451983,0.0008014297421489443,0.5101011904761905,0.5123571428571428
15,0.0007847295921473276,0.0007967634605509894,0.5146845238095238,0.5175714285714286
16,0.0007785236033655349,0.0007918465690953391,0.5206904761904761,0.5224642857142857
17,0.0007769133118646485,0.0007889496386051178,0.5224285714285715,0.5254285714285715
18,0.0007172095566278413,0.0007291793674230575,0.5829464285714285,0.5849285714285715
