,loss/train,loss/valid,acc/train,acc/valid
0,0.0007032467893191746,0.0007121996368680681,0.5968809523809524,0.6003571428571428
1,0.0006094936643327985,0.0006220691246645792,0.6924464285714286,0.6921428571428572
2,0.00070984883499997,0.0007187055817672184,0.5901845238095238,0.5945357142857143
3,0.0007120435362060865,0.0007206863739660808,0.588577380952381,0.5937142857142857
4,0.0007366484261694409,0.0007477651132004601,0.5634642857142858,0.5651428571428572
5,0.000657170944625423,0.0006641194479806082,0.6446666666666667,0.6483214285714286
6,0.000594825793235075,0.0006031090383018766,0.7084761904761905,0.71075
7,0.0006083636943783079,0.0006169509142637253,0.6930357142857143,0.6958928571428571
8,0.0005787225230818703,0.0005876357938562121,0.7238392857142857,0.7250714285714286
9,0.0006846206621045158,0.0006931353041103908,0.6163988095238095,0.6193928571428572
10,0.000715086973139218,0.0007231378895895821,0.5853690476190476,0.58975
11,0.000589421917285238,0.0005973559064524514,0.713422619047619,0.7154642857142857
12,0.000601314409502915,0.0006110568578754152,0.7011607142857142,0.7019285714285715
13,0.0006139716615989095,0.0006265759148768016,0.6889761904761905,0.6873571428571429
14,0.0007965708048570724,0.000813600697687694,0.5015952380952381,0.49985714285714283
15,0.000797041549214295,0.0008137750838484083,0.5013809523809524,0.4996785714285714
16,0.0007480273807332629,0.0007649701344115393,0.5519226190476191,0.5491071428571429
17,0.0007766621971414203,0.0007934154910700661,0.5233154761904761,0.5201785714285714
18,0.0007239866263809658,0.000739620104432106,0.5760892857142857,0.57425
19,0.0006657891993721326,0.0006737932307379586,0.6362142857142857,0.6392857142857142
20,0.0006873637693268912,0.000698115138070924,0.6134166666666667,0.6155
21,0.000757548807987145,0.0007702269809586661,0.5418095238095239,0.5431071428571429
22,0.000774664737638973,0.0007858788796833583,0.5247380952380952,0.5274285714285715
23,0.0007688830108160064,0.0007798746164355959,0.5297678571428571,0.5332142857142858
