,loss/train,loss/valid,acc/train,acc/valid
0,0.0006843463303077788,0.0006963791464056287,0.49885714285714283,0.5007142857142857
1,0.0006837820318483171,0.0006958739587238857,0.4988690476190476,0.5007142857142857
2,0.0006842902004718781,0.0006963789356606347,0.49870238095238095,0.5006785714285714
3,0.0006841245939334233,0.0006962981266634805,0.4987142857142857,0.5005714285714286
4,0.0006844134469117438,0.0006965978337185723,0.4987202380952381,0.5005
5,0.0006852140721111071,0.0006971851651157651,0.4987202380952381,0.5005
6,0.0006854607374185607,0.0006975950109107153,0.4987202380952381,0.5005
7,0.0006847940083770525,0.0006969060919114521,0.4987202380952381,0.5005
8,0.0006847511412841933,0.0006968040764331818,0.4987202380952381,0.5005
9,0.0006860966363123485,0.0006980595290660859,0.4987202380952381,0.5005
10,0.00068654800845044,0.0006985279896429607,0.4987202380952381,0.5005
11,0.0006868633833669481,0.0006989001674311501,0.4987202380952381,0.5005
12,0.0006873622256375494,0.000699426714863096,0.4987202380952381,0.5005
13,0.0006871435489682925,0.0006991335323878697,0.4987202380952381,0.5005
14,0.0006870538798116503,0.0006990634671279363,0.4987202380952381,0.5005
15,0.0006879316664167813,0.0006999367667096002,0.4987202380952381,0.5005
16,0.0006875021152553104,0.0006995283152375902,0.4987202380952381,0.5005
