,loss/train,loss/valid,acc/train,acc/valid
0,0.0005308276970116865,0.0005428982866661889,0.7514226190476191,0.7508571428571429
1,0.0005022904056878317,0.0005127360778195518,0.7967916666666667,0.7944642857142857
2,0.0005366404141698565,0.0005452748835086822,0.7657440476190476,0.7673571428571428
3,0.0005449311041406223,0.0005571263730525971,0.7569047619047619,0.7555357142857143
4,0.0005316535702773503,0.0005425275883504323,0.7700178571428572,0.76875
5,0.0005301985055917786,0.000541472002863884,0.7717440476190476,0.7714285714285715
6,0.0005686584977166993,0.0005809201406581061,0.7339166666666667,0.7332857142857143
7,0.000552549968517962,0.0005643371003014701,0.7506190476190476,0.7498214285714285
8,0.0005146280133298465,0.0005245668664574623,0.7886845238095238,0.7892142857142858
9,0.0005253473271926245,0.0005360447743109295,0.7779821428571428,0.7776785714285714
10,0.0006025376153134164,0.0006166348755359649,0.7001964285714286,0.69725
11,0.0005425750602568899,0.0005513898091656822,0.7602023809523809,0.7621785714285715
12,0.0006424411634604136,0.0006562444312231882,0.6587440476190476,0.6576071428571428
13,0.0005581861617309706,0.0005716403552464077,0.7447857142857143,0.7428571428571429
14,0.0006268027854107675,0.0006400816653456007,0.6755059523809523,0.6736785714285715
15,0.0005462627009976478,0.0005606042891740799,0.7569047619047619,0.7541071428571429
16,0.0005640537774279004,0.0005774315936224802,0.7385714285714285,0.737
