,loss/train,loss/valid,acc/train,acc/valid
0,0.0006880324706435203,0.0007002482627119337,0.4971785714285714,0.49807142857142855
1,0.0006888722117458071,0.0007011074296065739,0.4987202380952381,0.5004642857142857
2,0.0006911106265726543,0.0007032826031957354,0.4987202380952381,0.5005
3,0.0006967491489790735,0.0007085707102503096,0.4987202380952381,0.5005
4,0.0006981328168795222,0.000709811161671366,0.4987202380952381,0.5005
5,0.0007020450947540147,0.0007139081954956055,0.4987202380952381,0.5005
6,0.0007015139655697913,0.0007132553564650672,0.4987202380952381,0.5005
7,0.0007031228751653716,0.0007146823023046766,0.4987202380952381,0.5005
8,0.0007025374174118042,0.0007144044552530561,0.4987202380952381,0.5005
9,0.0007039704638577643,0.0007157278401511056,0.4987202380952381,0.5005
10,0.0007047431951477414,0.0007162438652345112,0.4987202380952381,0.5005
11,0.0007054500877857208,0.0007169183556522642,0.4987202380952381,0.5005
12,0.0007027458317932628,0.000714191796524184,0.4987202380952381,0.5005
13,0.0007028019069915726,0.0007145711928606034,0.4987202380952381,0.5005
14,0.0007023515914167677,0.0007141218057700565,0.4987202380952381,0.5005
15,0.0007011861180265744,0.0007127204750265394,0.4987202380952381,0.5005
