,loss/train,loss/valid,acc/train,acc/valid
0,0.0007002835901720184,0.0007129451909235545,0.5005654761904762,0.5027857142857143
1,0.0007057431684363456,0.0007185622922011785,0.49941071428571426,0.5013928571428572
2,0.0007192280814051628,0.0007319683177130563,0.4987261904761905,0.5005357142857143
3,0.000728850768435569,0.0007420146060841424,0.4987261904761905,0.5005
4,0.00073476155066774,0.0007477808339255196,0.4987261904761905,0.5005
5,0.0007388762012124062,0.0007522224571023669,0.4987202380952381,0.5005
6,0.0007386172101611183,0.0007521007337740489,0.4987202380952381,0.5005
7,0.0007407907715865544,0.0007539620314325605,0.4987202380952381,0.5005
8,0.0007402551961796625,0.0007537167178733008,0.4987202380952381,0.5005
9,0.0007403824254870415,0.0007531331649848393,0.4987202380952381,0.5005
10,0.000739224007441884,0.0007520880401134491,0.4987202380952381,0.5005
11,0.0007355558570651781,0.0007487205522400993,0.4987261904761905,0.5005
12,0.0007337966926750682,0.0007464576682874134,0.4987559523809524,0.5005
13,0.0007356366905428114,0.0007492928504943848,0.49876190476190474,0.5005
14,0.0007308827078058607,0.0007437395474740437,0.49876190476190474,0.5005
15,0.0007319673810686384,0.0007452710888215474,0.4987559523809524,0.5005357142857143
