,loss/train,loss/valid,acc/train,acc/valid
0,0.0006467898786067963,0.000661289387515613,0.6091547619047619,0.6032857142857143
1,0.0006273266751141776,0.0006403203478881291,0.6524940476190476,0.6457142857142857
2,0.0006456713527441025,0.0006622697029794965,0.6317916666666666,0.6248214285714285
3,0.0006580949879827953,0.0006748895219394139,0.6390654761904762,0.6343214285714286
4,0.0006749628164938518,0.0006930607408285141,0.6222380952380953,0.6161785714285715
5,0.0007008919953590348,0.0007167964833123343,0.5965416666666666,0.5935357142857143
6,0.0006561739277981577,0.0006719981942858015,0.64175,0.6385357142857143
7,0.0006489742699833143,0.0006652463312659944,0.6499464285714286,0.6449285714285714
8,0.0006615646339598156,0.0006802587360143662,0.637077380952381,0.6293214285714286
9,0.0006816098328147616,0.0006985788026026318,0.6183869047619047,0.6137142857142858
10,0.0008004246357650984,0.0008125734180212021,0.4987202380952381,0.5005
11,0.0008003374433943203,0.0008125734180212021,0.4987202380952381,0.5005
12,0.0008001630600719225,0.0008125734180212021,0.4987202380952381,0.5005
13,0.0008005118352316675,0.0008125734180212021,0.4987202380952381,0.5005
14,0.0008005118302646137,0.0008125734180212021,0.4987202380952381,0.5005
15,0.0007998142852669671,0.0008125734180212021,0.4987202380952381,0.5005
16,0.0008000758623793011,0.0008125734180212021,0.4987202380952381,0.5005
