,loss/train,loss/valid,acc/train,acc/valid
0,0.0006829717950451942,0.0006953791486365454,0.5004047619047619,0.5022857142857143
1,0.0006824190978493009,0.0006947175988129207,0.4989523809523809,0.5008214285714285
2,0.0006839112873588289,0.0006960434168577194,0.4987202380952381,0.5005
3,0.0006828985707390876,0.0006951253499303545,0.4987202380952381,0.5005
4,0.0006844027226879483,0.0006964937512363706,0.4987202380952381,0.5005
5,0.0006852819767026675,0.0006973050534725189,0.4987202380952381,0.5005
6,0.0006878972656670071,0.000699922542486872,0.4987202380952381,0.5005
7,0.0006878821541156087,0.0006997047364711761,0.4987202380952381,0.5005
8,0.0006872921625063533,0.0006991522248302188,0.4987202380952381,0.5005
9,0.000689419361097472,0.0007013171975101744,0.4987202380952381,0.5005
10,0.0006898818558880261,0.0007015308077846254,0.4987261904761905,0.5005
11,0.0006885810654078212,0.000700034322483199,0.49873214285714285,0.5005
12,0.0006875624667320933,0.000699136740395001,0.4987797619047619,0.5005357142857143
13,0.0006873903505149342,0.0006987132238490241,0.4989345238095238,0.5006785714285714
14,0.0006863730996847152,0.000697865822485515,0.49926785714285715,0.50125
15,0.0006860497178775923,0.0006973714679479599,0.49998809523809523,0.5019642857142858
16,0.000685426556638309,0.0006963786504098347,0.5011190476190476,0.5029285714285714
