,loss/train,loss/valid,acc/train,acc/valid
0,0.0007978379119719778,0.0008139494700091226,0.5012797619047619,0.4995
1,0.000797227565731321,0.0008139494700091226,0.5012797619047619,0.4995
2,0.0007972275621834255,0.0008139494700091226,0.5012797619047619,0.4995
3,0.0007978379109076091,0.0008139494700091226,0.5012797619047619,0.4995
4,0.0007980123038093249,0.0008139494700091226,0.5012797619047619,0.4995
5,0.00079783791019803,0.0008139494700091226,0.5012797619047619,0.4995
6,0.0007974891463915506,0.0008139494700091226,0.5012797619047619,0.4995
7,0.0007973147591664678,0.0008139494700091226,0.5012797619047619,0.4995
8,0.0007974891421340761,0.0008139494700091226,0.5012797619047619,0.4995
9,0.0007969659836519332,0.0008139494700091226,0.5012797619047619,0.4995
10,0.0007977507135697773,0.0008139494700091226,0.5012797619047619,0.4995
11,0.0007974019508276667,0.0008139494700091226,0.5012797619047619,0.4995
12,0.0007975763327309063,0.0008139494700091226,0.5012797619047619,0.4995
13,0.000797576330602169,0.0008139494700091226,0.5012797619047619,0.4995
14,0.0007972275643121628,0.0008139494700091226,0.5012797619047619,0.4995
15,0.0007978379158746628,0.0008139494700091226,0.5012797619047619,0.4995
16,0.0007977507192464102,0.0008139494700091226,0.5012797619047619,0.4995
17,0.000797925105761914,0.0008139494700091226,0.5012797619047619,0.4995
18,0.0007971403644908042,0.0008139494700091226,0.5012797619047619,0.4995
19,0.0007979251054071244,0.0008139494700091226,0.5012797619047619,0.4995
