,loss/train,loss/valid,acc/train,acc/valid
0,0.0006893409902141208,0.0007022041784865516,0.4948690476190476,0.49096428571428574
1,0.0006857136200581278,0.000698263875075749,0.4860654761904762,0.48446428571428574
2,0.000683059312403202,0.0006951735189982823,0.49038095238095236,0.49489285714285713
3,0.000683531030302956,0.0006954285055398941,0.5039821428571428,0.5080357142857143
4,0.0006848743905623754,0.0006964792651789529,0.5009464285714286,0.5035357142857143
5,0.000689374379104092,0.0007009682485035487,0.4989166666666667,0.5005714285714286
6,0.000688975891541867,0.000700480335525104,0.4989523809523809,0.5006428571428572
7,0.0006909608464865457,0.0007024947468723569,0.49876785714285715,0.5004642857142857
8,0.0006927152989166124,0.0007044023126363755,0.49873809523809526,0.5004642857142857
9,0.0006929116600326129,0.000704167093549456,0.49873809523809526,0.5004642857142857
10,0.0006954264640808105,0.0007067122821296964,0.49873809523809526,0.5005
11,0.0006982707363508996,0.000709891391651971,0.4987261904761905,0.5005
12,0.0006989510385763078,0.0007100588807037898,0.4987261904761905,0.5005
13,0.0007012267314961978,0.0007126923395054681,0.4987261904761905,0.5005
14,0.000702450454944656,0.0007139189115592412,0.4987202380952381,0.5005
15,0.0007014054084817569,0.0007127160153218678,0.4987202380952381,0.5005
16,0.0007002618944361097,0.0007115944432360786,0.4987261904761905,0.5005
17,0.0007020412988605954,0.0007132271953991481,0.4987202380952381,0.5005
