,loss/train,loss/valid,acc/train,acc/valid
0,0.0007736593481330645,0.0007817585532154356,0.5254642857142857,0.5313928571428571
1,0.0007637461863812947,0.0007756742111274174,0.535047619047619,0.5373928571428571
2,0.0007480326777412777,0.0007562478354998998,0.5517202380952381,0.5568214285714286
3,0.0007870596746603648,0.000803016260266304,0.5124047619047619,0.5101785714285715
4,0.0007746326983684585,0.0007898258928741728,0.5241428571428571,0.52275
5,0.0007982680609538442,0.0008139494700091226,0.5012857142857143,0.4995
6,0.0007969601668772244,0.0008139494700091226,0.5012857142857143,0.4995
7,0.0007972217496661913,0.0008139494700091226,0.5012857142857143,0.4995
8,0.0007981053072781789,0.0008138797198023115,0.5012738095238095,0.49957142857142856
9,0.00079759426876193,0.0008140192287308829,0.5012619047619048,0.49942857142857144
10,0.0007976635208442098,0.0008138797155448369,0.5012797619047619,0.49957142857142856
11,0.0007978379126815569,0.0008138797155448369,0.5012797619047619,0.49957142857142856
12,0.0007972217525045077,0.0008138797155448369,0.5012857142857143,0.49957142857142856
13,0.000797814660129093,0.0008138099632092885,0.5013035714285714,0.49964285714285717
14,0.0007970415516978218,0.0008139494700091226,0.5012916666666667,0.4995
15,0.0007971287398111253,0.0008139145927769797,0.5012916666666667,0.4995357142857143
16,0.0007970473620863188,0.0008138797155448369,0.5012857142857143,0.49957142857142856
17,0.0007974891410697074,0.0008138797198023115,0.5012797619047619,0.49957142857142856
