,loss/train,loss/valid,acc/train,acc/valid
0,0.0006839462830906822,0.0006966801221881594,0.5017380952380952,0.5028928571428571
1,0.0006841516331547782,0.0006967898671116148,0.5014404761904762,0.5035357142857143
2,0.0006840707964840389,0.0006967973985842296,0.5013511904761905,0.5028571428571429
3,0.0006840381338482812,0.0006967327743768692,0.5019702380952381,0.503
4,0.0006836355878483681,0.0006963847577571868,0.5021071428571429,0.5026785714285714
5,0.0006846533013241631,0.0006975341864994594,0.5003869047619047,0.5024642857142857
6,0.0006845035726825397,0.0006972441247531345,0.5006190476190476,0.503
7,0.0006843068049777122,0.0006968619525432587,0.5015357142857143,0.5028214285714285
8,0.0006840953468566849,0.0006967555561235973,0.5021071428571429,0.5025357142857143
9,0.0006860166429763748,0.0006985876943383898,0.4997083333333333,0.5010357142857143
10,0.0006838086953475362,0.0006965696683951787,0.5019940476190476,0.5030357142857143
11,0.0006840744291742643,0.0006967511560235705,0.5015238095238095,0.5028214285714285
12,0.0006844613328576088,0.0006971529892512731,0.5004345238095238,0.5027142857142857
13,0.0006854103860400971,0.0006981261755738939,0.5000357142857143,0.50175
14,0.0006845446399280003,0.0006972378832953317,0.5008690476190476,0.5024285714285714
15,0.0006853349034984907,0.0006980427077838353,0.4999642857142857,0.5013928571428572
16,0.000685148411208675,0.0006978633339915957,0.5001607142857143,0.5019285714285714
17,0.0006852853117244584,0.0006979014830929892,0.4999702380952381,0.50175
18,0.0006854471965205102,0.0006981665981667382,0.4998511904761905,0.5005357142857143
19,0.0006853646075441724,0.0006981974584715707,0.4999642857142857,0.5018214285714285
