,loss/train,loss/valid,acc/train,acc/valid
0,0.0007832859860999244,0.0007953949102333614,0.516095238095238,0.5175
1,0.0007694573792673292,0.0007802345454692841,0.5295297619047619,0.5320357142857143
2,0.0007694208033028103,0.0007784486476864133,0.5298095238095238,0.5343928571428571
3,0.0007560870264257703,0.0007653811190809522,0.5427559523809524,0.54775
4,0.0007604423857160977,0.0007735202653067453,0.539172619047619,0.5396785714285715
5,0.000758883909810157,0.000769908647452082,0.5406428571428571,0.5429642857142857
6,0.0007998142905888103,0.0008125734180212021,0.4987202380952381,0.5005
7,0.0007745522874451819,0.0007849823428051812,0.5245595238095239,0.5274642857142857
8,0.0007154211224544615,0.0007275615802833012,0.5845654761904762,0.58425
9,0.0008175825529864857,0.0008308948874473571,0.48073809523809524,0.48214285714285715
10,0.0007984024797167096,0.0008087576074259622,0.5003214285714286,0.5041785714285715
11,0.0007721455487466994,0.0007861831209489277,0.5269166666666667,0.527
12,0.0007892286394323621,0.0008024884313344955,0.5094285714285715,0.5110357142857143
13,0.0007919008036454518,0.0008058003123317446,0.5067142857142857,0.5077857142857143
14,0.0007916425136583192,0.000804567317877497,0.5072619047619048,0.5088928571428571
15,0.000788160081420626,0.0008010865492480142,0.5108809523809524,0.5122857142857142
16,0.0007853825993481136,0.0007972148720707212,0.513922619047619,0.51625
17,0.00079248734634547,0.0008042342151914324,0.506827380952381,0.5089642857142858
18,0.0007958094474105608,0.00080633002945355,0.5028214285714285,0.5068214285714285
19,0.0007863737422795523,0.0008010385121617999,0.5121190476190476,0.5126428571428572
20,0.0007824396249793825,0.0007973285977329527,0.5159702380952381,0.5160357142857143
21,0.0007990169230671156,0.0008138655892440251,0.5004047619047619,0.49964285714285717
22,0.0007987765762067976,0.0008158042963062014,0.4999404761904762,0.4977142857142857
23,0.0007994349268930299,0.0008153514862060547,0.49908928571428574,0.4982142857142857
