,loss/train,loss/valid,acc/train,acc/valid
0,0.0007976184547657058,0.0008097298890352249,0.5007559523809524,0.5031071428571429
1,0.0007979555999239286,0.000810032280428069,0.5004642857142857,0.5027857142857143
2,0.0007986632525211289,0.0008111465232712882,0.4998214285714286,0.5017142857142857
3,0.0007989875539427712,0.0008121854726757322,0.4991904761904762,0.50075
4,0.0007948102791394507,0.0008063814022711345,0.5032678571428572,0.5058571428571429
5,0.0007956115628282229,0.0008077437579631806,0.5022380952380953,0.5047142857142857
6,0.0007987670522360574,0.0008110243401357105,0.499875,0.5018928571428571
7,0.0007987134013147582,0.0008121685513428279,0.4992202380952381,0.5007857142857143
8,0.0007972275604094778,0.0008139494700091226,0.5012797619047619,0.4995
9,0.0007974833228758403,0.0008139494700091226,0.5012857142857143,0.4995
10,0.0007975530794688633,0.0008139494700091226,0.5013035714285714,0.4995
11,0.0007972159360845884,0.0008139494700091226,0.5012916666666667,0.4995
12,0.0007971229301322074,0.0008139494700091226,0.501297619047619,0.4995
13,0.0007967625324215207,0.0008139494700091226,0.5013095238095238,0.4995
14,0.0007977449099222819,0.0008139494700091226,0.5012857142857143,0.4995
15,0.0007974775124873434,0.0008139494700091226,0.5012916666666667,0.4995
16,0.0007971113068716867,0.0008139494700091226,0.5013095238095238,0.4995
17,0.0007975414622397649,0.0008139494700091226,0.5013154761904762,0.4995
18,0.0007975647069868588,0.0008139494700091226,0.5012916666666667,0.4995
19,0.0007973031295197351,0.0008139494700091226,0.5012916666666667,0.4995
