,loss/train,loss/valid,acc/train,acc/valid
0,0.00032422780422937305,0.0003286439861570086,0.6514166666666666,0.6512142857142857
1,0.0003385697574842544,0.0003425471889121192,0.6262142857142857,0.6259642857142858
2,0.0003205985025990577,0.00032287083779062545,0.6618571428571428,0.6654285714285715
3,0.00034686480888298577,0.0003521537355014256,0.6099285714285714,0.607
4,0.0003166377157682464,0.0003198142051696777,0.6705595238095238,0.6716428571428571
5,0.0003259715306616965,0.0003298748071704592,0.6504107142857143,0.6516785714285714
6,0.00031446279195092975,0.0003172554863350732,0.674404761904762,0.6764285714285714
7,0.00032594648145494007,0.0003294482805899211,0.651779761904762,0.6533214285714286
8,0.00033244582975194565,0.00033843085169792174,0.6395357142857143,0.6357857142857143
9,0.0003672057482458296,0.00037237073693956646,0.5688154761904762,0.5680714285714286
10,0.0003224405138975098,0.0003258080588919776,0.6608333333333334,0.6611785714285714
11,0.0003261858725122043,0.00032942734020096915,0.6530833333333333,0.6540357142857143
12,0.00033153103185551506,0.0003354447931051254,0.6424464285714285,0.6424642857142857
13,0.0003263164155540012,0.00033034547311919075,0.6527559523809524,0.6522142857142857
14,0.000346641498307387,0.0003503946257489068,0.61075,0.6123214285714286
15,0.0003433363320572036,0.00034724859254700797,0.6180714285714286,0.6183928571428572
16,0.0003389564670977138,0.00034299894954477035,0.6270178571428572,0.6271785714285715
17,0.00035607458828460604,0.000362007417849132,0.5914642857142857,0.58925
18,0.0003485263898259118,0.0003536941409111023,0.6072559523809524,0.606
19,0.0003481023723170871,0.000350511548774583,0.6090654761904762,0.61225
20,0.00036091468625125433,0.0003659553208521434,0.5823095238095238,0.5810714285714286
21,0.0003493212465019453,0.0003531481942960194,0.6057916666666666,0.6073214285714286
