,loss/train,loss/valid,acc/train,acc/valid
0,0.0006798227049765133,0.0006921360599143164,0.5292083333333333,0.5252142857142857
1,0.0006813399688828559,0.0006934716552495957,0.5244285714285715,0.52175
2,0.0006817159319207782,0.0006940208907638278,0.5216547619047619,0.5205714285714286
3,0.0006801857487076805,0.0006925894405160632,0.5271071428571429,0.5236071428571428
4,0.0006796936045090357,0.0006922378348452704,0.52975,0.5252142857142857
5,0.0006802250561969621,0.0006926616877317429,0.5271845238095239,0.5246071428571428
6,0.0006812973497878937,0.0006936123818159103,0.5230714285714285,0.5215
7,0.0006806834631022953,0.000693171956709453,0.5250714285714285,0.5232857142857142
8,0.0006803686459149633,0.0006930081525019237,0.5250178571428571,0.5238571428571429
9,0.0006808636415572394,0.0006933463960886001,0.5240357142857143,0.5231071428571429
10,0.000680395503838857,0.0006928810860429491,0.5260595238095238,0.5245714285714286
11,0.0006813443501790364,0.0006937613508531025,0.5225119047619048,0.5220714285714285
12,0.0006816325574403717,0.000694057121872902,0.5203511904761905,0.5194285714285715
13,0.0006803541924981844,0.0006929050002779279,0.5264345238095238,0.5246785714285714
14,0.0006799387825386865,0.0006926185531275613,0.5265059523809524,0.5245357142857143
15,0.0006796452974279721,0.0006921887929950441,0.52775,0.5255714285714286
