,loss/train,loss/valid,acc/train,acc/valid
0,0.0003553432921568553,0.00035742445715836115,0.5924940476190477,0.5949285714285715
1,0.00033667150530077163,0.00033895484677382877,0.629172619047619,0.6322142857142857
2,0.00032823538602817624,0.0003299592988831656,0.645797619047619,0.6507142857142857
3,0.0003257159800046966,0.00032934130089623586,0.6520416666666666,0.6534285714285715
4,0.00035218493285633267,0.000353742282305445,0.5992857142857143,0.6051428571428571
5,0.00033315924519584293,0.0003369078018835613,0.6366964285714286,0.6383928571428571
6,0.0003176248332574254,0.000320604532957077,0.6693511904761905,0.6706428571428571
7,0.0003480137547566777,0.0003516077335391726,0.6066190476190476,0.6090714285714286
8,0.0003266996265876861,0.0003277093789407185,0.6512083333333333,0.6561428571428571
9,0.00034662805639562155,0.0003493540585041046,0.6105833333333334,0.6141071428571429
10,0.00039375285236608416,0.0003993181884288788,0.5163392857142857,0.5143571428571428
11,0.0003470314872406778,0.0003495713961975915,0.610452380952381,0.6133928571428572
12,0.00034714595157475696,0.0003507085783141,0.6091607142857143,0.6115714285714285
13,0.00034127345290921985,0.00034303436960492813,0.6228392857142857,0.6271785714285715
14,0.0003458419598284222,0.000350325876048633,0.6121190476190477,0.6125714285714285
15,0.0003228318712541035,0.0003255261906555721,0.6595595238095238,0.66225
16,0.00034336004867440177,0.0003451635071209499,0.6179880952380953,0.6230714285714286
17,0.000342643559333824,0.0003454998880624771,0.6199285714285714,0.6221428571428571
18,0.0003423322854297502,0.0003484981485775539,0.6202261904761904,0.6161785714285715
19,0.0003549490812278929,0.00035713799723557064,0.5963392857142857,0.599
20,0.00032980658397788095,0.0003325722941330501,0.646154761904762,0.6477142857142857
21,0.0003337408077149164,0.0003364743654217039,0.6379583333333333,0.6401428571428571
